// Validating benchmarks:
// ***** BenchmarkRunner: Start   *****
// ***** Found 56 benchmark(s) in total *****
// ***** Building 2 exe(s) in Parallel: Start   *****
// ***** Done, took 00:00:04 (4.94 sec)   *****
// Found 56 benchmarks:
//   Benchmarks.Json: .NET 10.0(Runtime=.NET 10.0) [Model=EnormousModel]
//   Benchmarks.SplitStringInterpolation: .NET 10.0(Runtime=.NET 10.0) [Model=EnormousModel]
//   Benchmarks.StringJoinDynamic: .NET 10.0(Runtime=.NET 10.0) [Model=EnormousModel]
//   Benchmarks.StringBuilderWithAppends: .NET 10.0(Runtime=.NET 10.0) [Model=EnormousModel]
//   Benchmarks.StringBuilderWithInterpolatedAppends: .NET 10.0(Runtime=.NET 10.0) [Model=EnormousModel]
//   Benchmarks.StringBuilderWithAppendsAndPresetCapacity: .NET 10.0(Runtime=.NET 10.0) [Model=EnormousModel]
//   Benchmarks.StringBuilderWithInterpolatedAppendsAndPresetCapacity: .NET 10.0(Runtime=.NET 10.0) [Model=EnormousModel]
//   Benchmarks.Json: .NET 8.0(Runtime=.NET 8.0) [Model=EnormousModel]
//   Benchmarks.SplitStringInterpolation: .NET 8.0(Runtime=.NET 8.0) [Model=EnormousModel]
//   Benchmarks.StringJoinDynamic: .NET 8.0(Runtime=.NET 8.0) [Model=EnormousModel]
//   Benchmarks.StringBuilderWithAppends: .NET 8.0(Runtime=.NET 8.0) [Model=EnormousModel]
//   Benchmarks.StringBuilderWithInterpolatedAppends: .NET 8.0(Runtime=.NET 8.0) [Model=EnormousModel]
//   Benchmarks.StringBuilderWithAppendsAndPresetCapacity: .NET 8.0(Runtime=.NET 8.0) [Model=EnormousModel]
//   Benchmarks.StringBuilderWithInterpolatedAppendsAndPresetCapacity: .NET 8.0(Runtime=.NET 8.0) [Model=EnormousModel]
//   Benchmarks.Json: .NET 10.0(Runtime=.NET 10.0) [Model=LargeModel]
//   Benchmarks.SplitStringInterpolation: .NET 10.0(Runtime=.NET 10.0) [Model=LargeModel]
//   Benchmarks.StringJoinDynamic: .NET 10.0(Runtime=.NET 10.0) [Model=LargeModel]
//   Benchmarks.StringBuilderWithAppends: .NET 10.0(Runtime=.NET 10.0) [Model=LargeModel]
//   Benchmarks.StringBuilderWithInterpolatedAppends: .NET 10.0(Runtime=.NET 10.0) [Model=LargeModel]
//   Benchmarks.StringBuilderWithAppendsAndPresetCapacity: .NET 10.0(Runtime=.NET 10.0) [Model=LargeModel]
//   Benchmarks.StringBuilderWithInterpolatedAppendsAndPresetCapacity: .NET 10.0(Runtime=.NET 10.0) [Model=LargeModel]
//   Benchmarks.Json: .NET 8.0(Runtime=.NET 8.0) [Model=LargeModel]
//   Benchmarks.SplitStringInterpolation: .NET 8.0(Runtime=.NET 8.0) [Model=LargeModel]
//   Benchmarks.StringJoinDynamic: .NET 8.0(Runtime=.NET 8.0) [Model=LargeModel]
//   Benchmarks.StringBuilderWithAppends: .NET 8.0(Runtime=.NET 8.0) [Model=LargeModel]
//   Benchmarks.StringBuilderWithInterpolatedAppends: .NET 8.0(Runtime=.NET 8.0) [Model=LargeModel]
//   Benchmarks.StringBuilderWithAppendsAndPresetCapacity: .NET 8.0(Runtime=.NET 8.0) [Model=LargeModel]
//   Benchmarks.StringBuilderWithInterpolatedAppendsAndPresetCapacity: .NET 8.0(Runtime=.NET 8.0) [Model=LargeModel]
//   Benchmarks.Json: .NET 10.0(Runtime=.NET 10.0) [Model=MediumModel]
//   Benchmarks.SplitStringInterpolation: .NET 10.0(Runtime=.NET 10.0) [Model=MediumModel]
//   Benchmarks.StringJoinDynamic: .NET 10.0(Runtime=.NET 10.0) [Model=MediumModel]
//   Benchmarks.StringBuilderWithAppends: .NET 10.0(Runtime=.NET 10.0) [Model=MediumModel]
//   Benchmarks.StringBuilderWithInterpolatedAppends: .NET 10.0(Runtime=.NET 10.0) [Model=MediumModel]
//   Benchmarks.StringBuilderWithAppendsAndPresetCapacity: .NET 10.0(Runtime=.NET 10.0) [Model=MediumModel]
//   Benchmarks.StringBuilderWithInterpolatedAppendsAndPresetCapacity: .NET 10.0(Runtime=.NET 10.0) [Model=MediumModel]
//   Benchmarks.Json: .NET 8.0(Runtime=.NET 8.0) [Model=MediumModel]
//   Benchmarks.SplitStringInterpolation: .NET 8.0(Runtime=.NET 8.0) [Model=MediumModel]
//   Benchmarks.StringJoinDynamic: .NET 8.0(Runtime=.NET 8.0) [Model=MediumModel]
//   Benchmarks.StringBuilderWithAppends: .NET 8.0(Runtime=.NET 8.0) [Model=MediumModel]
//   Benchmarks.StringBuilderWithInterpolatedAppends: .NET 8.0(Runtime=.NET 8.0) [Model=MediumModel]
//   Benchmarks.StringBuilderWithAppendsAndPresetCapacity: .NET 8.0(Runtime=.NET 8.0) [Model=MediumModel]
//   Benchmarks.StringBuilderWithInterpolatedAppendsAndPresetCapacity: .NET 8.0(Runtime=.NET 8.0) [Model=MediumModel]
//   Benchmarks.Json: .NET 10.0(Runtime=.NET 10.0) [Model=SmallModel]
//   Benchmarks.SplitStringInterpolation: .NET 10.0(Runtime=.NET 10.0) [Model=SmallModel]
//   Benchmarks.StringJoinDynamic: .NET 10.0(Runtime=.NET 10.0) [Model=SmallModel]
//   Benchmarks.StringBuilderWithAppends: .NET 10.0(Runtime=.NET 10.0) [Model=SmallModel]
//   Benchmarks.StringBuilderWithInterpolatedAppends: .NET 10.0(Runtime=.NET 10.0) [Model=SmallModel]
//   Benchmarks.StringBuilderWithAppendsAndPresetCapacity: .NET 10.0(Runtime=.NET 10.0) [Model=SmallModel]
//   Benchmarks.StringBuilderWithInterpolatedAppendsAndPresetCapacity: .NET 10.0(Runtime=.NET 10.0) [Model=SmallModel]
//   Benchmarks.Json: .NET 8.0(Runtime=.NET 8.0) [Model=SmallModel]
//   Benchmarks.SplitStringInterpolation: .NET 8.0(Runtime=.NET 8.0) [Model=SmallModel]
//   Benchmarks.StringJoinDynamic: .NET 8.0(Runtime=.NET 8.0) [Model=SmallModel]
//   Benchmarks.StringBuilderWithAppends: .NET 8.0(Runtime=.NET 8.0) [Model=SmallModel]
//   Benchmarks.StringBuilderWithInterpolatedAppends: .NET 8.0(Runtime=.NET 8.0) [Model=SmallModel]
//   Benchmarks.StringBuilderWithAppendsAndPresetCapacity: .NET 8.0(Runtime=.NET 8.0) [Model=SmallModel]
//   Benchmarks.StringBuilderWithInterpolatedAppendsAndPresetCapacity: .NET 8.0(Runtime=.NET 8.0) [Model=SmallModel]

Setup power plan (GUID: 8c5e7fda-e8bf-4a96-9a85-a6e23a8c635c FriendlyName: Visoka učinkovitost delovanja)
// **************************
// Benchmark: Benchmarks.Json: .NET 10.0(Runtime=.NET 10.0) [Model=EnormousModel]
// *** Execute ***
// Launch: 1 / 1
// Execute: dotnet "ObjectSerialization-.NET 10.0-1.dll" --anonymousPipes 1724 1272 --benchmarkName "ObjectSerialization.Benchmarks.Json(Model: \"EnormousModel\")" --job ".NET 10.0" --benchmarkId 0 in C:\Users\Arnecic\Documents\documents\Programming\benchmark-cs\Benchmarks\ObjectSerialization\bin\Release\net10.0\ObjectSerialization-.NET 10.0-1\bin\Release\net10.0
// BeforeAnythingElse

// Benchmark Process Environment Information:
// BenchmarkDotNet v0.15.8
// Runtime=.NET 10.0.2 (10.0.2, 10.0.225.61305), X64 RyuJIT x86-64-v3
// GC=Concurrent Workstation
// HardwareIntrinsics=AVX2+BMI1+BMI2+F16C+FMA+LZCNT+MOVBE,AVX,SSE3+SSSE3+SSE4.1+SSE4.2+POPCNT,X86Base+SSE+SSE2,AES+PCLMUL,AvxVnni,SERIALIZE VectorSize=256
// Job: .NET 10.0

OverheadJitting  1: 1 op, 112300.00 ns, 112.3000 us/op
WorkloadJitting  1: 1 op, 21517000.00 ns, 21.5170 ms/op

OverheadJitting  2: 16 op, 258400.00 ns, 16.1500 us/op
WorkloadJitting  2: 16 op, 481400.00 ns, 30.0875 us/op

WorkloadPilot    1: 16 op, 171300.00 ns, 10.7063 us/op
WorkloadPilot    2: 32 op, 339600.00 ns, 10.6125 us/op
WorkloadPilot    3: 64 op, 578700.00 ns, 9.0422 us/op
WorkloadPilot    4: 128 op, 1067700.00 ns, 8.3414 us/op
WorkloadPilot    5: 256 op, 2266100.00 ns, 8.8520 us/op
WorkloadPilot    6: 512 op, 4742100.00 ns, 9.2619 us/op
WorkloadPilot    7: 1024 op, 9993300.00 ns, 9.7591 us/op
WorkloadPilot    8: 2048 op, 18150700.00 ns, 8.8626 us/op
WorkloadPilot    9: 4096 op, 37827700.00 ns, 9.2353 us/op
WorkloadPilot   10: 8192 op, 75493800.00 ns, 9.2156 us/op
WorkloadPilot   11: 16384 op, 159718400.00 ns, 9.7484 us/op
WorkloadPilot   12: 32768 op, 235911100.00 ns, 7.1994 us/op
WorkloadPilot   13: 65536 op, 131758300.00 ns, 2.0105 us/op
WorkloadPilot   14: 131072 op, 260380900.00 ns, 1.9865 us/op
WorkloadPilot   15: 262144 op, 523752200.00 ns, 1.9980 us/op

OverheadWarmup   1: 262144 op, 961700.00 ns, 3.6686 ns/op
OverheadWarmup   2: 262144 op, 693500.00 ns, 2.6455 ns/op
OverheadWarmup   3: 262144 op, 736600.00 ns, 2.8099 ns/op
OverheadWarmup   4: 262144 op, 697200.00 ns, 2.6596 ns/op
OverheadWarmup   5: 262144 op, 698000.00 ns, 2.6627 ns/op
OverheadWarmup   6: 262144 op, 702700.00 ns, 2.6806 ns/op
OverheadWarmup   7: 262144 op, 692700.00 ns, 2.6424 ns/op

OverheadActual   1: 262144 op, 780900.00 ns, 2.9789 ns/op
OverheadActual   2: 262144 op, 695900.00 ns, 2.6546 ns/op
OverheadActual   3: 262144 op, 695700.00 ns, 2.6539 ns/op
OverheadActual   4: 262144 op, 833000.00 ns, 3.1776 ns/op
OverheadActual   5: 262144 op, 696400.00 ns, 2.6566 ns/op
OverheadActual   6: 262144 op, 739700.00 ns, 2.8217 ns/op
OverheadActual   7: 262144 op, 734100.00 ns, 2.8004 ns/op
OverheadActual   8: 262144 op, 742000.00 ns, 2.8305 ns/op
OverheadActual   9: 262144 op, 739500.00 ns, 2.8210 ns/op
OverheadActual  10: 262144 op, 728500.00 ns, 2.7790 ns/op
OverheadActual  11: 262144 op, 737100.00 ns, 2.8118 ns/op
OverheadActual  12: 262144 op, 726500.00 ns, 2.7714 ns/op
OverheadActual  13: 262144 op, 733700.00 ns, 2.7988 ns/op
OverheadActual  14: 262144 op, 732300.00 ns, 2.7935 ns/op
OverheadActual  15: 262144 op, 759300.00 ns, 2.8965 ns/op

WorkloadWarmup   1: 262144 op, 524123600.00 ns, 1.9994 us/op
WorkloadWarmup   2: 262144 op, 522858100.00 ns, 1.9945 us/op
WorkloadWarmup   3: 262144 op, 513239400.00 ns, 1.9579 us/op
WorkloadWarmup   4: 262144 op, 522175600.00 ns, 1.9919 us/op
WorkloadWarmup   5: 262144 op, 508289600.00 ns, 1.9390 us/op
WorkloadWarmup   6: 262144 op, 516398600.00 ns, 1.9699 us/op
WorkloadWarmup   7: 262144 op, 509383800.00 ns, 1.9431 us/op

// BeforeActualRun
WorkloadActual   1: 262144 op, 517312000.00 ns, 1.9734 us/op
WorkloadActual   2: 262144 op, 520638300.00 ns, 1.9861 us/op
WorkloadActual   3: 262144 op, 514304000.00 ns, 1.9619 us/op
WorkloadActual   4: 262144 op, 516358600.00 ns, 1.9698 us/op
WorkloadActual   5: 262144 op, 512968200.00 ns, 1.9568 us/op
WorkloadActual   6: 262144 op, 510161600.00 ns, 1.9461 us/op
WorkloadActual   7: 262144 op, 511208400.00 ns, 1.9501 us/op
WorkloadActual   8: 262144 op, 507180200.00 ns, 1.9347 us/op
WorkloadActual   9: 262144 op, 516591600.00 ns, 1.9706 us/op
WorkloadActual  10: 262144 op, 507170200.00 ns, 1.9347 us/op
WorkloadActual  11: 262144 op, 512513300.00 ns, 1.9551 us/op
WorkloadActual  12: 262144 op, 514979300.00 ns, 1.9645 us/op
WorkloadActual  13: 262144 op, 516120200.00 ns, 1.9688 us/op
WorkloadActual  14: 262144 op, 514432300.00 ns, 1.9624 us/op
WorkloadActual  15: 262144 op, 518611800.00 ns, 1.9783 us/op

// AfterActualRun
WorkloadResult   1: 262144 op, 516577900.00 ns, 1.9706 us/op
WorkloadResult   2: 262144 op, 519904200.00 ns, 1.9833 us/op
WorkloadResult   3: 262144 op, 513569900.00 ns, 1.9591 us/op
WorkloadResult   4: 262144 op, 515624500.00 ns, 1.9670 us/op
WorkloadResult   5: 262144 op, 512234100.00 ns, 1.9540 us/op
WorkloadResult   6: 262144 op, 509427500.00 ns, 1.9433 us/op
WorkloadResult   7: 262144 op, 510474300.00 ns, 1.9473 us/op
WorkloadResult   8: 262144 op, 506446100.00 ns, 1.9319 us/op
WorkloadResult   9: 262144 op, 515857500.00 ns, 1.9678 us/op
WorkloadResult  10: 262144 op, 506436100.00 ns, 1.9319 us/op
WorkloadResult  11: 262144 op, 511779200.00 ns, 1.9523 us/op
WorkloadResult  12: 262144 op, 514245200.00 ns, 1.9617 us/op
WorkloadResult  13: 262144 op, 515386100.00 ns, 1.9660 us/op
WorkloadResult  14: 262144 op, 513698200.00 ns, 1.9596 us/op
WorkloadResult  15: 262144 op, 517877700.00 ns, 1.9755 us/op
// GC:  92 0 0 1746927616 262144
// Threading:  0 0 262144

// AfterAll
// Benchmark Process 28408 has exited with code 0.

Mean = 1.958 μs, StdErr = 0.004 μs (0.20%), N = 15, StdDev = 0.015 μs
Min = 1.932 μs, Q1 = 1.950 μs, Median = 1.960 μs, Q3 = 1.967 μs, Max = 1.983 μs
IQR = 0.018 μs, LowerFence = 1.923 μs, UpperFence = 1.994 μs
ConfidenceInterval = [1.942 μs; 1.974 μs] (CI 99.9%), Margin = 0.016 μs (0.81% of Mean)
Skewness = -0.31, Kurtosis = 2.09, MValue = 2

// ** Remained 55 (98,2 %) benchmark(s) to run. Estimated finish 2026-02-08 15:25 (0h 12m from now) **
Setup power plan (GUID: 8c5e7fda-e8bf-4a96-9a85-a6e23a8c635c FriendlyName: Visoka učinkovitost delovanja)
// **************************
// Benchmark: Benchmarks.SplitStringInterpolation: .NET 10.0(Runtime=.NET 10.0) [Model=EnormousModel]
// *** Execute ***
// Launch: 1 / 1
// Execute: dotnet "ObjectSerialization-.NET 10.0-1.dll" --anonymousPipes 1892 1904 --benchmarkName "ObjectSerialization.Benchmarks.SplitStringInterpolation(Model: \"EnormousModel\")" --job ".NET 10.0" --benchmarkId 1 in C:\Users\Arnecic\Documents\documents\Programming\benchmark-cs\Benchmarks\ObjectSerialization\bin\Release\net10.0\ObjectSerialization-.NET 10.0-1\bin\Release\net10.0
// BeforeAnythingElse

// Benchmark Process Environment Information:
// BenchmarkDotNet v0.15.8
// Runtime=.NET 10.0.2 (10.0.2, 10.0.225.61305), X64 RyuJIT x86-64-v3
// GC=Concurrent Workstation
// HardwareIntrinsics=AVX2+BMI1+BMI2+F16C+FMA+LZCNT+MOVBE,AVX,SSE3+SSSE3+SSE4.1+SSE4.2+POPCNT,X86Base+SSE+SSE2,AES+PCLMUL,AvxVnni,SERIALIZE VectorSize=256
// Job: .NET 10.0

OverheadJitting  1: 1 op, 116500.00 ns, 116.5000 us/op
WorkloadJitting  1: 1 op, 3344600.00 ns, 3.3446 ms/op

OverheadJitting  2: 16 op, 232900.00 ns, 14.5563 us/op
WorkloadJitting  2: 16 op, 357100.00 ns, 22.3188 us/op

WorkloadPilot    1: 16 op, 123600.00 ns, 7.7250 us/op
WorkloadPilot    2: 32 op, 220400.00 ns, 6.8875 us/op
WorkloadPilot    3: 64 op, 373200.00 ns, 5.8313 us/op
WorkloadPilot    4: 128 op, 752300.00 ns, 5.8773 us/op
WorkloadPilot    5: 256 op, 1538200.00 ns, 6.0086 us/op
WorkloadPilot    6: 512 op, 3098300.00 ns, 6.0514 us/op
WorkloadPilot    7: 1024 op, 6211700.00 ns, 6.0661 us/op
WorkloadPilot    8: 2048 op, 12285000.00 ns, 5.9985 us/op
WorkloadPilot    9: 4096 op, 23242200.00 ns, 5.6744 us/op
WorkloadPilot   10: 8192 op, 41222700.00 ns, 5.0321 us/op
WorkloadPilot   11: 16384 op, 93486300.00 ns, 5.7060 us/op
WorkloadPilot   12: 32768 op, 291870500.00 ns, 8.9072 us/op
WorkloadPilot   13: 65536 op, 345851600.00 ns, 5.2773 us/op
WorkloadPilot   14: 131072 op, 327209500.00 ns, 2.4964 us/op
WorkloadPilot   15: 262144 op, 645114800.00 ns, 2.4609 us/op

OverheadWarmup   1: 262144 op, 764000.00 ns, 2.9144 ns/op
OverheadWarmup   2: 262144 op, 759500.00 ns, 2.8973 ns/op
OverheadWarmup   3: 262144 op, 734700.00 ns, 2.8027 ns/op
OverheadWarmup   4: 262144 op, 721700.00 ns, 2.7531 ns/op
OverheadWarmup   5: 262144 op, 699500.00 ns, 2.6684 ns/op
OverheadWarmup   6: 262144 op, 709400.00 ns, 2.7061 ns/op
OverheadWarmup   7: 262144 op, 707700.00 ns, 2.6997 ns/op
OverheadWarmup   8: 262144 op, 714100.00 ns, 2.7241 ns/op
OverheadWarmup   9: 262144 op, 700600.00 ns, 2.6726 ns/op

OverheadActual   1: 262144 op, 707600.00 ns, 2.6993 ns/op
OverheadActual   2: 262144 op, 716100.00 ns, 2.7317 ns/op
OverheadActual   3: 262144 op, 702800.00 ns, 2.6810 ns/op
OverheadActual   4: 262144 op, 698000.00 ns, 2.6627 ns/op
OverheadActual   5: 262144 op, 708300.00 ns, 2.7020 ns/op
OverheadActual   6: 262144 op, 700200.00 ns, 2.6711 ns/op
OverheadActual   7: 262144 op, 737700.00 ns, 2.8141 ns/op
OverheadActual   8: 262144 op, 732000.00 ns, 2.7924 ns/op
OverheadActual   9: 262144 op, 694000.00 ns, 2.6474 ns/op
OverheadActual  10: 262144 op, 692900.00 ns, 2.6432 ns/op
OverheadActual  11: 262144 op, 693900.00 ns, 2.6470 ns/op
OverheadActual  12: 262144 op, 700700.00 ns, 2.6730 ns/op
OverheadActual  13: 262144 op, 688300.00 ns, 2.6257 ns/op
OverheadActual  14: 262144 op, 693600.00 ns, 2.6459 ns/op
OverheadActual  15: 262144 op, 726000.00 ns, 2.7695 ns/op

WorkloadWarmup   1: 262144 op, 657809100.00 ns, 2.5093 us/op
WorkloadWarmup   2: 262144 op, 656955500.00 ns, 2.5061 us/op
WorkloadWarmup   3: 262144 op, 652806300.00 ns, 2.4903 us/op
WorkloadWarmup   4: 262144 op, 652558200.00 ns, 2.4893 us/op
WorkloadWarmup   5: 262144 op, 658034400.00 ns, 2.5102 us/op
WorkloadWarmup   6: 262144 op, 653244500.00 ns, 2.4919 us/op
WorkloadWarmup   7: 262144 op, 654495500.00 ns, 2.4967 us/op
WorkloadWarmup   8: 262144 op, 655794500.00 ns, 2.5017 us/op
WorkloadWarmup   9: 262144 op, 657035600.00 ns, 2.5064 us/op
WorkloadWarmup  10: 262144 op, 656676600.00 ns, 2.5050 us/op

// BeforeActualRun
WorkloadActual   1: 262144 op, 660470000.00 ns, 2.5195 us/op
WorkloadActual   2: 262144 op, 650677400.00 ns, 2.4821 us/op
WorkloadActual   3: 262144 op, 655568000.00 ns, 2.5008 us/op
WorkloadActual   4: 262144 op, 654223200.00 ns, 2.4957 us/op
WorkloadActual   5: 262144 op, 655984100.00 ns, 2.5024 us/op
WorkloadActual   6: 262144 op, 660628400.00 ns, 2.5201 us/op
WorkloadActual   7: 262144 op, 657461400.00 ns, 2.5080 us/op
WorkloadActual   8: 262144 op, 652459400.00 ns, 2.4889 us/op
WorkloadActual   9: 262144 op, 654824900.00 ns, 2.4980 us/op
WorkloadActual  10: 262144 op, 648928100.00 ns, 2.4755 us/op
WorkloadActual  11: 262144 op, 656029300.00 ns, 2.5026 us/op
WorkloadActual  12: 262144 op, 728715200.00 ns, 2.7798 us/op
WorkloadActual  13: 262144 op, 674633700.00 ns, 2.5735 us/op
WorkloadActual  14: 262144 op, 653868700.00 ns, 2.4943 us/op
WorkloadActual  15: 262144 op, 654850200.00 ns, 2.4981 us/op

// AfterActualRun
WorkloadResult   1: 262144 op, 659769300.00 ns, 2.5168 us/op
WorkloadResult   2: 262144 op, 649976700.00 ns, 2.4795 us/op
WorkloadResult   3: 262144 op, 654867300.00 ns, 2.4981 us/op
WorkloadResult   4: 262144 op, 653522500.00 ns, 2.4930 us/op
WorkloadResult   5: 262144 op, 655283400.00 ns, 2.4997 us/op
WorkloadResult   6: 262144 op, 659927700.00 ns, 2.5174 us/op
WorkloadResult   7: 262144 op, 656760700.00 ns, 2.5053 us/op
WorkloadResult   8: 262144 op, 651758700.00 ns, 2.4863 us/op
WorkloadResult   9: 262144 op, 654124200.00 ns, 2.4953 us/op
WorkloadResult  10: 262144 op, 648227400.00 ns, 2.4728 us/op
WorkloadResult  11: 262144 op, 655328600.00 ns, 2.4999 us/op
WorkloadResult  12: 262144 op, 653168000.00 ns, 2.4916 us/op
WorkloadResult  13: 262144 op, 654149500.00 ns, 2.4954 us/op
// GC:  75 0 0 1423988096 262144
// Threading:  0 0 262144

// AfterAll
// Benchmark Process 2832 has exited with code 0.

Mean = 2.496 μs, StdErr = 0.004 μs (0.14%), N = 13, StdDev = 0.013 μs
Min = 2.473 μs, Q1 = 2.492 μs, Median = 2.495 μs, Q3 = 2.500 μs, Max = 2.517 μs
IQR = 0.008 μs, LowerFence = 2.479 μs, UpperFence = 2.512 μs
ConfidenceInterval = [2.481 μs; 2.511 μs] (CI 99.9%), Margin = 0.015 μs (0.61% of Mean)
Skewness = 0.01, Kurtosis = 2.28, MValue = 2

// ** Remained 54 (96,4 %) benchmark(s) to run. Estimated finish 2026-02-08 15:28 (0h 14m from now) **
Setup power plan (GUID: 8c5e7fda-e8bf-4a96-9a85-a6e23a8c635c FriendlyName: Visoka učinkovitost delovanja)
// **************************
// Benchmark: Benchmarks.StringJoinDynamic: .NET 10.0(Runtime=.NET 10.0) [Model=EnormousModel]
// *** Execute ***
// Launch: 1 / 1
// Execute: dotnet "ObjectSerialization-.NET 10.0-1.dll" --anonymousPipes 1336 1316 --benchmarkName "ObjectSerialization.Benchmarks.StringJoinDynamic(Model: \"EnormousModel\")" --job ".NET 10.0" --benchmarkId 2 in C:\Users\Arnecic\Documents\documents\Programming\benchmark-cs\Benchmarks\ObjectSerialization\bin\Release\net10.0\ObjectSerialization-.NET 10.0-1\bin\Release\net10.0
// BeforeAnythingElse

// Benchmark Process Environment Information:
// BenchmarkDotNet v0.15.8
// Runtime=.NET 10.0.2 (10.0.2, 10.0.225.61305), X64 RyuJIT x86-64-v3
// GC=Concurrent Workstation
// HardwareIntrinsics=AVX2+BMI1+BMI2+F16C+FMA+LZCNT+MOVBE,AVX,SSE3+SSSE3+SSE4.1+SSE4.2+POPCNT,X86Base+SSE+SSE2,AES+PCLMUL,AvxVnni,SERIALIZE VectorSize=256
// Job: .NET 10.0

OverheadJitting  1: 1 op, 105000.00 ns, 105.0000 us/op
WorkloadJitting  1: 1 op, 2777800.00 ns, 2.7778 ms/op

OverheadJitting  2: 16 op, 254100.00 ns, 15.8813 us/op
WorkloadJitting  2: 16 op, 760900.00 ns, 47.5563 us/op

WorkloadPilot    1: 16 op, 181200.00 ns, 11.3250 us/op
WorkloadPilot    2: 32 op, 404300.00 ns, 12.6344 us/op
WorkloadPilot    3: 64 op, 895100.00 ns, 13.9859 us/op
WorkloadPilot    4: 128 op, 1673800.00 ns, 13.0766 us/op
WorkloadPilot    5: 256 op, 3210100.00 ns, 12.5395 us/op
WorkloadPilot    6: 512 op, 6823500.00 ns, 13.3271 us/op
WorkloadPilot    7: 1024 op, 11023400.00 ns, 10.7650 us/op
WorkloadPilot    8: 2048 op, 16983200.00 ns, 8.2926 us/op
WorkloadPilot    9: 4096 op, 33170000.00 ns, 8.0981 us/op
WorkloadPilot   10: 8192 op, 64832900.00 ns, 7.9142 us/op
WorkloadPilot   11: 16384 op, 245112300.00 ns, 14.9605 us/op
WorkloadPilot   12: 32768 op, 222412600.00 ns, 6.7875 us/op
WorkloadPilot   13: 65536 op, 244574200.00 ns, 3.7319 us/op
WorkloadPilot   14: 131072 op, 486964500.00 ns, 3.7152 us/op
WorkloadPilot   15: 262144 op, 966567800.00 ns, 3.6872 us/op

OverheadWarmup   1: 262144 op, 741900.00 ns, 2.8301 ns/op
OverheadWarmup   2: 262144 op, 741400.00 ns, 2.8282 ns/op
OverheadWarmup   3: 262144 op, 731400.00 ns, 2.7901 ns/op
OverheadWarmup   4: 262144 op, 738700.00 ns, 2.8179 ns/op
OverheadWarmup   5: 262144 op, 695500.00 ns, 2.6531 ns/op
OverheadWarmup   6: 262144 op, 715800.00 ns, 2.7306 ns/op
OverheadWarmup   7: 262144 op, 712900.00 ns, 2.7195 ns/op

OverheadActual   1: 262144 op, 706400.00 ns, 2.6947 ns/op
OverheadActual   2: 262144 op, 701400.00 ns, 2.6756 ns/op
OverheadActual   3: 262144 op, 701600.00 ns, 2.6764 ns/op
OverheadActual   4: 262144 op, 724700.00 ns, 2.7645 ns/op
OverheadActual   5: 262144 op, 750000.00 ns, 2.8610 ns/op
OverheadActual   6: 262144 op, 727300.00 ns, 2.7744 ns/op
OverheadActual   7: 262144 op, 732200.00 ns, 2.7931 ns/op
OverheadActual   8: 262144 op, 734900.00 ns, 2.8034 ns/op
OverheadActual   9: 262144 op, 738200.00 ns, 2.8160 ns/op
OverheadActual  10: 262144 op, 724800.00 ns, 2.7649 ns/op
OverheadActual  11: 262144 op, 753800.00 ns, 2.8755 ns/op
OverheadActual  12: 262144 op, 750800.00 ns, 2.8641 ns/op
OverheadActual  13: 262144 op, 726000.00 ns, 2.7695 ns/op
OverheadActual  14: 262144 op, 734500.00 ns, 2.8019 ns/op
OverheadActual  15: 262144 op, 724300.00 ns, 2.7630 ns/op

WorkloadWarmup   1: 262144 op, 964251200.00 ns, 3.6783 us/op
WorkloadWarmup   2: 262144 op, 962707100.00 ns, 3.6724 us/op
WorkloadWarmup   3: 262144 op, 966110600.00 ns, 3.6854 us/op
WorkloadWarmup   4: 262144 op, 959263300.00 ns, 3.6593 us/op
WorkloadWarmup   5: 262144 op, 960832500.00 ns, 3.6653 us/op
WorkloadWarmup   6: 262144 op, 960917000.00 ns, 3.6656 us/op
WorkloadWarmup   7: 262144 op, 956989900.00 ns, 3.6506 us/op

// BeforeActualRun
WorkloadActual   1: 262144 op, 968676100.00 ns, 3.6952 us/op
WorkloadActual   2: 262144 op, 969454300.00 ns, 3.6982 us/op
WorkloadActual   3: 262144 op, 958359200.00 ns, 3.6559 us/op
WorkloadActual   4: 262144 op, 959748200.00 ns, 3.6611 us/op
WorkloadActual   5: 262144 op, 955646100.00 ns, 3.6455 us/op
WorkloadActual   6: 262144 op, 956445400.00 ns, 3.6485 us/op
WorkloadActual   7: 262144 op, 966442900.00 ns, 3.6867 us/op
WorkloadActual   8: 262144 op, 955923800.00 ns, 3.6466 us/op
WorkloadActual   9: 262144 op, 970863300.00 ns, 3.7035 us/op
WorkloadActual  10: 262144 op, 966403000.00 ns, 3.6865 us/op
WorkloadActual  11: 262144 op, 955582100.00 ns, 3.6453 us/op
WorkloadActual  12: 262144 op, 958519700.00 ns, 3.6565 us/op
WorkloadActual  13: 262144 op, 954727500.00 ns, 3.6420 us/op
WorkloadActual  14: 262144 op, 959822800.00 ns, 3.6614 us/op
WorkloadActual  15: 262144 op, 960504500.00 ns, 3.6640 us/op

// AfterActualRun
WorkloadResult   1: 262144 op, 967948800.00 ns, 3.6924 us/op
WorkloadResult   2: 262144 op, 968727000.00 ns, 3.6954 us/op
WorkloadResult   3: 262144 op, 957631900.00 ns, 3.6531 us/op
WorkloadResult   4: 262144 op, 959020900.00 ns, 3.6584 us/op
WorkloadResult   5: 262144 op, 954918800.00 ns, 3.6427 us/op
WorkloadResult   6: 262144 op, 955718100.00 ns, 3.6458 us/op
WorkloadResult   7: 262144 op, 965715600.00 ns, 3.6839 us/op
WorkloadResult   8: 262144 op, 955196500.00 ns, 3.6438 us/op
WorkloadResult   9: 262144 op, 970136000.00 ns, 3.7008 us/op
WorkloadResult  10: 262144 op, 965675700.00 ns, 3.6838 us/op
WorkloadResult  11: 262144 op, 954854800.00 ns, 3.6425 us/op
WorkloadResult  12: 262144 op, 957792400.00 ns, 3.6537 us/op
WorkloadResult  13: 262144 op, 954000200.00 ns, 3.6392 us/op
WorkloadResult  14: 262144 op, 959095500.00 ns, 3.6587 us/op
WorkloadResult  15: 262144 op, 959777200.00 ns, 3.6613 us/op
// GC:  328 6 0 6169915936 262144
// Threading:  0 0 262144

// AfterAll
// Benchmark Process 16048 has exited with code 0.

Mean = 3.664 μs, StdErr = 0.006 μs (0.15%), N = 15, StdDev = 0.022 μs
Min = 3.639 μs, Q1 = 3.645 μs, Median = 3.658 μs, Q3 = 3.684 μs, Max = 3.701 μs
IQR = 0.039 μs, LowerFence = 3.586 μs, UpperFence = 3.742 μs
ConfidenceInterval = [3.641 μs; 3.687 μs] (CI 99.9%), Margin = 0.023 μs (0.63% of Mean)
Skewness = 0.49, Kurtosis = 1.53, MValue = 2

// ** Remained 53 (94,6 %) benchmark(s) to run. Estimated finish 2026-02-08 15:30 (0h 16m from now) **
Setup power plan (GUID: 8c5e7fda-e8bf-4a96-9a85-a6e23a8c635c FriendlyName: Visoka učinkovitost delovanja)
// **************************
// Benchmark: Benchmarks.StringBuilderWithAppends: .NET 10.0(Runtime=.NET 10.0) [Model=EnormousModel]
// *** Execute ***
// Launch: 1 / 1
// Execute: dotnet "ObjectSerialization-.NET 10.0-1.dll" --anonymousPipes 1348 1760 --benchmarkName "ObjectSerialization.Benchmarks.StringBuilderWithAppends(Model: \"EnormousModel\")" --job ".NET 10.0" --benchmarkId 3 in C:\Users\Arnecic\Documents\documents\Programming\benchmark-cs\Benchmarks\ObjectSerialization\bin\Release\net10.0\ObjectSerialization-.NET 10.0-1\bin\Release\net10.0
// BeforeAnythingElse

// Benchmark Process Environment Information:
// BenchmarkDotNet v0.15.8
// Runtime=.NET 10.0.2 (10.0.2, 10.0.225.61305), X64 RyuJIT x86-64-v3
// GC=Concurrent Workstation
// HardwareIntrinsics=AVX2+BMI1+BMI2+F16C+FMA+LZCNT+MOVBE,AVX,SSE3+SSSE3+SSE4.1+SSE4.2+POPCNT,X86Base+SSE+SSE2,AES+PCLMUL,AvxVnni,SERIALIZE VectorSize=256
// Job: .NET 10.0

OverheadJitting  1: 1 op, 106700.00 ns, 106.7000 us/op
WorkloadJitting  1: 1 op, 4043500.00 ns, 4.0435 ms/op

OverheadJitting  2: 16 op, 229300.00 ns, 14.3313 us/op
WorkloadJitting  2: 16 op, 510300.00 ns, 31.8938 us/op

WorkloadPilot    1: 16 op, 176500.00 ns, 11.0313 us/op
WorkloadPilot    2: 32 op, 412400.00 ns, 12.8875 us/op
WorkloadPilot    3: 64 op, 1009100.00 ns, 15.7672 us/op
WorkloadPilot    4: 128 op, 1991400.00 ns, 15.5578 us/op
WorkloadPilot    5: 256 op, 3816500.00 ns, 14.9082 us/op
WorkloadPilot    6: 512 op, 7064800.00 ns, 13.7984 us/op
WorkloadPilot    7: 1024 op, 14246700.00 ns, 13.9128 us/op
WorkloadPilot    8: 2048 op, 21622900.00 ns, 10.5581 us/op
WorkloadPilot    9: 4096 op, 42488100.00 ns, 10.3731 us/op
WorkloadPilot   10: 8192 op, 110854100.00 ns, 13.5320 us/op
WorkloadPilot   11: 16384 op, 270647000.00 ns, 16.5190 us/op
WorkloadPilot   12: 32768 op, 133324300.00 ns, 4.0687 us/op
WorkloadPilot   13: 65536 op, 220000800.00 ns, 3.3569 us/op
WorkloadPilot   14: 131072 op, 437408300.00 ns, 3.3372 us/op
WorkloadPilot   15: 262144 op, 879909300.00 ns, 3.3566 us/op

OverheadWarmup   1: 262144 op, 958300.00 ns, 3.6556 ns/op
OverheadWarmup   2: 262144 op, 750800.00 ns, 2.8641 ns/op
OverheadWarmup   3: 262144 op, 763100.00 ns, 2.9110 ns/op
OverheadWarmup   4: 262144 op, 739700.00 ns, 2.8217 ns/op
OverheadWarmup   5: 262144 op, 764700.00 ns, 2.9171 ns/op
OverheadWarmup   6: 262144 op, 757900.00 ns, 2.8912 ns/op

OverheadActual   1: 262144 op, 765200.00 ns, 2.9190 ns/op
OverheadActual   2: 262144 op, 730900.00 ns, 2.7882 ns/op
OverheadActual   3: 262144 op, 762300.00 ns, 2.9079 ns/op
OverheadActual   4: 262144 op, 739600.00 ns, 2.8214 ns/op
OverheadActual   5: 262144 op, 724000.00 ns, 2.7618 ns/op
OverheadActual   6: 262144 op, 754200.00 ns, 2.8770 ns/op
OverheadActual   7: 262144 op, 770700.00 ns, 2.9400 ns/op
OverheadActual   8: 262144 op, 766400.00 ns, 2.9236 ns/op
OverheadActual   9: 262144 op, 735700.00 ns, 2.8065 ns/op
OverheadActual  10: 262144 op, 753200.00 ns, 2.8732 ns/op
OverheadActual  11: 262144 op, 733300.00 ns, 2.7973 ns/op
OverheadActual  12: 262144 op, 767800.00 ns, 2.9289 ns/op
OverheadActual  13: 262144 op, 766400.00 ns, 2.9236 ns/op
OverheadActual  14: 262144 op, 906300.00 ns, 3.4573 ns/op
OverheadActual  15: 262144 op, 742000.00 ns, 2.8305 ns/op

WorkloadWarmup   1: 262144 op, 957049000.00 ns, 3.6509 us/op
WorkloadWarmup   2: 262144 op, 871108100.00 ns, 3.3230 us/op
WorkloadWarmup   3: 262144 op, 858785900.00 ns, 3.2760 us/op
WorkloadWarmup   4: 262144 op, 861343700.00 ns, 3.2858 us/op
WorkloadWarmup   5: 262144 op, 869796400.00 ns, 3.3180 us/op
WorkloadWarmup   6: 262144 op, 854423500.00 ns, 3.2594 us/op
WorkloadWarmup   7: 262144 op, 866963500.00 ns, 3.3072 us/op
WorkloadWarmup   8: 262144 op, 856350300.00 ns, 3.2667 us/op

// BeforeActualRun
WorkloadActual   1: 262144 op, 857483600.00 ns, 3.2710 us/op
WorkloadActual   2: 262144 op, 858587400.00 ns, 3.2753 us/op
WorkloadActual   3: 262144 op, 856925300.00 ns, 3.2689 us/op
WorkloadActual   4: 262144 op, 856369600.00 ns, 3.2668 us/op
WorkloadActual   5: 262144 op, 865033300.00 ns, 3.2998 us/op
WorkloadActual   6: 262144 op, 861636700.00 ns, 3.2869 us/op
WorkloadActual   7: 262144 op, 862369800.00 ns, 3.2897 us/op
WorkloadActual   8: 262144 op, 867327200.00 ns, 3.3086 us/op
WorkloadActual   9: 262144 op, 862559900.00 ns, 3.2904 us/op
WorkloadActual  10: 262144 op, 862167500.00 ns, 3.2889 us/op
WorkloadActual  11: 262144 op, 851876000.00 ns, 3.2496 us/op
WorkloadActual  12: 262144 op, 857536000.00 ns, 3.2712 us/op
WorkloadActual  13: 262144 op, 859889600.00 ns, 3.2802 us/op
WorkloadActual  14: 262144 op, 865297500.00 ns, 3.3008 us/op
WorkloadActual  15: 262144 op, 862404800.00 ns, 3.2898 us/op

// AfterActualRun
WorkloadResult   1: 262144 op, 856729400.00 ns, 3.2682 us/op
WorkloadResult   2: 262144 op, 857833200.00 ns, 3.2724 us/op
WorkloadResult   3: 262144 op, 856171100.00 ns, 3.2660 us/op
WorkloadResult   4: 262144 op, 855615400.00 ns, 3.2639 us/op
WorkloadResult   5: 262144 op, 864279100.00 ns, 3.2970 us/op
WorkloadResult   6: 262144 op, 860882500.00 ns, 3.2840 us/op
WorkloadResult   7: 262144 op, 861615600.00 ns, 3.2868 us/op
WorkloadResult   8: 262144 op, 866573000.00 ns, 3.3057 us/op
WorkloadResult   9: 262144 op, 861805700.00 ns, 3.2875 us/op
WorkloadResult  10: 262144 op, 861413300.00 ns, 3.2860 us/op
WorkloadResult  11: 262144 op, 851121800.00 ns, 3.2468 us/op
WorkloadResult  12: 262144 op, 856781800.00 ns, 3.2684 us/op
WorkloadResult  13: 262144 op, 859135400.00 ns, 3.2773 us/op
WorkloadResult  14: 262144 op, 864543300.00 ns, 3.2980 us/op
WorkloadResult  15: 262144 op, 861650600.00 ns, 3.2869 us/op
// GC:  240 7 0 4517334816 262144
// Threading:  0 0 262144

// AfterAll
// Benchmark Process 19564 has exited with code 0.

Mean = 3.280 μs, StdErr = 0.004 μs (0.12%), N = 15, StdDev = 0.016 μs
Min = 3.247 μs, Q1 = 3.268 μs, Median = 3.284 μs, Q3 = 3.287 μs, Max = 3.306 μs
IQR = 0.019 μs, LowerFence = 3.240 μs, UpperFence = 3.316 μs
ConfidenceInterval = [3.263 μs; 3.296 μs] (CI 99.9%), Margin = 0.017 μs (0.51% of Mean)
Skewness = -0.26, Kurtosis = 2.27, MValue = 2

// ** Remained 52 (92,9 %) benchmark(s) to run. Estimated finish 2026-02-08 15:31 (0h 17m from now) **
Setup power plan (GUID: 8c5e7fda-e8bf-4a96-9a85-a6e23a8c635c FriendlyName: Visoka učinkovitost delovanja)
// **************************
// Benchmark: Benchmarks.StringBuilderWithInterpolatedAppends: .NET 10.0(Runtime=.NET 10.0) [Model=EnormousModel]
// *** Execute ***
// Launch: 1 / 1
// Execute: dotnet "ObjectSerialization-.NET 10.0-1.dll" --anonymousPipes 1952 1336 --benchmarkName "ObjectSerialization.Benchmarks.StringBuilderWithInterpolatedAppends(Model: \"EnormousModel\")" --job ".NET 10.0" --benchmarkId 4 in C:\Users\Arnecic\Documents\documents\Programming\benchmark-cs\Benchmarks\ObjectSerialization\bin\Release\net10.0\ObjectSerialization-.NET 10.0-1\bin\Release\net10.0
// BeforeAnythingElse

// Benchmark Process Environment Information:
// BenchmarkDotNet v0.15.8
// Runtime=.NET 10.0.2 (10.0.2, 10.0.225.61305), X64 RyuJIT x86-64-v3
// GC=Concurrent Workstation
// HardwareIntrinsics=AVX2+BMI1+BMI2+F16C+FMA+LZCNT+MOVBE,AVX,SSE3+SSSE3+SSE4.1+SSE4.2+POPCNT,X86Base+SSE+SSE2,AES+PCLMUL,AvxVnni,SERIALIZE VectorSize=256
// Job: .NET 10.0

OverheadJitting  1: 1 op, 111400.00 ns, 111.4000 us/op
WorkloadJitting  1: 1 op, 4172200.00 ns, 4.1722 ms/op

OverheadJitting  2: 16 op, 225800.00 ns, 14.1125 us/op
WorkloadJitting  2: 16 op, 479700.00 ns, 29.9813 us/op

WorkloadPilot    1: 16 op, 190600.00 ns, 11.9125 us/op
WorkloadPilot    2: 32 op, 410100.00 ns, 12.8156 us/op
WorkloadPilot    3: 64 op, 867900.00 ns, 13.5609 us/op
WorkloadPilot    4: 128 op, 1827500.00 ns, 14.2773 us/op
WorkloadPilot    5: 256 op, 3702600.00 ns, 14.4633 us/op
WorkloadPilot    6: 512 op, 7128200.00 ns, 13.9223 us/op
WorkloadPilot    7: 1024 op, 13403700.00 ns, 13.0896 us/op
WorkloadPilot    8: 2048 op, 23254600.00 ns, 11.3548 us/op
WorkloadPilot    9: 4096 op, 43531800.00 ns, 10.6279 us/op
WorkloadPilot   10: 8192 op, 120871600.00 ns, 14.7548 us/op
WorkloadPilot   11: 16384 op, 298078800.00 ns, 18.1933 us/op
WorkloadPilot   12: 32768 op, 206426300.00 ns, 6.2996 us/op
WorkloadPilot   13: 65536 op, 226861600.00 ns, 3.4616 us/op
WorkloadPilot   14: 131072 op, 447900600.00 ns, 3.4172 us/op
WorkloadPilot   15: 262144 op, 895555300.00 ns, 3.4163 us/op

OverheadWarmup   1: 262144 op, 703100.00 ns, 2.6821 ns/op
OverheadWarmup   2: 262144 op, 700100.00 ns, 2.6707 ns/op
OverheadWarmup   3: 262144 op, 692600.00 ns, 2.6421 ns/op
OverheadWarmup   4: 262144 op, 737100.00 ns, 2.8118 ns/op
OverheadWarmup   5: 262144 op, 699300.00 ns, 2.6676 ns/op
OverheadWarmup   6: 262144 op, 695700.00 ns, 2.6539 ns/op
OverheadWarmup   7: 262144 op, 770900.00 ns, 2.9408 ns/op
OverheadWarmup   8: 262144 op, 707100.00 ns, 2.6974 ns/op

OverheadActual   1: 262144 op, 707800.00 ns, 2.7000 ns/op
OverheadActual   2: 262144 op, 708800.00 ns, 2.7039 ns/op
OverheadActual   3: 262144 op, 703500.00 ns, 2.6836 ns/op
OverheadActual   4: 262144 op, 700800.00 ns, 2.6733 ns/op
OverheadActual   5: 262144 op, 708800.00 ns, 2.7039 ns/op
OverheadActual   6: 262144 op, 696900.00 ns, 2.6585 ns/op
OverheadActual   7: 262144 op, 703400.00 ns, 2.6833 ns/op
OverheadActual   8: 262144 op, 690300.00 ns, 2.6333 ns/op
OverheadActual   9: 262144 op, 1000600.00 ns, 3.8170 ns/op
OverheadActual  10: 262144 op, 864900.00 ns, 3.2993 ns/op
OverheadActual  11: 262144 op, 696000.00 ns, 2.6550 ns/op
OverheadActual  12: 262144 op, 722900.00 ns, 2.7576 ns/op
OverheadActual  13: 262144 op, 717400.00 ns, 2.7367 ns/op
OverheadActual  14: 262144 op, 692200.00 ns, 2.6405 ns/op
OverheadActual  15: 262144 op, 692100.00 ns, 2.6402 ns/op

WorkloadWarmup   1: 262144 op, 891625900.00 ns, 3.4013 us/op
WorkloadWarmup   2: 262144 op, 884040800.00 ns, 3.3723 us/op
WorkloadWarmup   3: 262144 op, 876066000.00 ns, 3.3419 us/op
WorkloadWarmup   4: 262144 op, 878046500.00 ns, 3.3495 us/op
WorkloadWarmup   5: 262144 op, 877081800.00 ns, 3.3458 us/op
WorkloadWarmup   6: 262144 op, 879353700.00 ns, 3.3545 us/op
WorkloadWarmup   7: 262144 op, 883026500.00 ns, 3.3685 us/op
WorkloadWarmup   8: 262144 op, 970442900.00 ns, 3.7019 us/op
WorkloadWarmup   9: 262144 op, 893068100.00 ns, 3.4068 us/op

// BeforeActualRun
WorkloadActual   1: 262144 op, 878626200.00 ns, 3.3517 us/op
WorkloadActual   2: 262144 op, 875721600.00 ns, 3.3406 us/op
WorkloadActual   3: 262144 op, 876048600.00 ns, 3.3419 us/op
WorkloadActual   4: 262144 op, 877424300.00 ns, 3.3471 us/op
WorkloadActual   5: 262144 op, 882864500.00 ns, 3.3679 us/op
WorkloadActual   6: 262144 op, 880724300.00 ns, 3.3597 us/op
WorkloadActual   7: 262144 op, 888026400.00 ns, 3.3876 us/op
WorkloadActual   8: 262144 op, 886209200.00 ns, 3.3806 us/op
WorkloadActual   9: 262144 op, 881437300.00 ns, 3.3624 us/op
WorkloadActual  10: 262144 op, 875238200.00 ns, 3.3388 us/op
WorkloadActual  11: 262144 op, 880704100.00 ns, 3.3596 us/op
WorkloadActual  12: 262144 op, 876438300.00 ns, 3.3433 us/op
WorkloadActual  13: 262144 op, 875043200.00 ns, 3.3380 us/op
WorkloadActual  14: 262144 op, 873331100.00 ns, 3.3315 us/op
WorkloadActual  15: 262144 op, 873355300.00 ns, 3.3316 us/op

// AfterActualRun
WorkloadResult   1: 262144 op, 877922700.00 ns, 3.3490 us/op
WorkloadResult   2: 262144 op, 875018100.00 ns, 3.3379 us/op
WorkloadResult   3: 262144 op, 875345100.00 ns, 3.3392 us/op
WorkloadResult   4: 262144 op, 876720800.00 ns, 3.3444 us/op
WorkloadResult   5: 262144 op, 882161000.00 ns, 3.3652 us/op
WorkloadResult   6: 262144 op, 880020800.00 ns, 3.3570 us/op
WorkloadResult   7: 262144 op, 887322900.00 ns, 3.3849 us/op
WorkloadResult   8: 262144 op, 885505700.00 ns, 3.3779 us/op
WorkloadResult   9: 262144 op, 880733800.00 ns, 3.3597 us/op
WorkloadResult  10: 262144 op, 874534700.00 ns, 3.3361 us/op
WorkloadResult  11: 262144 op, 880000600.00 ns, 3.3569 us/op
WorkloadResult  12: 262144 op, 875734800.00 ns, 3.3407 us/op
WorkloadResult  13: 262144 op, 874339700.00 ns, 3.3353 us/op
WorkloadResult  14: 262144 op, 872627600.00 ns, 3.3288 us/op
WorkloadResult  15: 262144 op, 872651800.00 ns, 3.3289 us/op
// GC:  200 6 0 3781222944 262144
// Threading:  0 0 262144

// AfterAll
// Benchmark Process 28604 has exited with code 0.

Mean = 3.349 μs, StdErr = 0.004 μs (0.13%), N = 15, StdDev = 0.017 μs
Min = 3.329 μs, Q1 = 3.337 μs, Median = 3.344 μs, Q3 = 3.358 μs, Max = 3.385 μs
IQR = 0.021 μs, LowerFence = 3.305 μs, UpperFence = 3.390 μs
ConfidenceInterval = [3.331 μs; 3.368 μs] (CI 99.9%), Margin = 0.018 μs (0.55% of Mean)
Skewness = 0.63, Kurtosis = 2.16, MValue = 2

// ** Remained 51 (91,1 %) benchmark(s) to run. Estimated finish 2026-02-08 15:32 (0h 17m from now) **
Setup power plan (GUID: 8c5e7fda-e8bf-4a96-9a85-a6e23a8c635c FriendlyName: Visoka učinkovitost delovanja)
// **************************
// Benchmark: Benchmarks.StringBuilderWithAppendsAndPresetCapacity: .NET 10.0(Runtime=.NET 10.0) [Model=EnormousModel]
// *** Execute ***
// Launch: 1 / 1
// Execute: dotnet "ObjectSerialization-.NET 10.0-1.dll" --anonymousPipes 1976 1752 --benchmarkName "ObjectSerialization.Benchmarks.StringBuilderWithAppendsAndPresetCapacity(Model: \"EnormousModel\")" --job ".NET 10.0" --benchmarkId 5 in C:\Users\Arnecic\Documents\documents\Programming\benchmark-cs\Benchmarks\ObjectSerialization\bin\Release\net10.0\ObjectSerialization-.NET 10.0-1\bin\Release\net10.0
// BeforeAnythingElse

// Benchmark Process Environment Information:
// BenchmarkDotNet v0.15.8
// Runtime=.NET 10.0.2 (10.0.2, 10.0.225.61305), X64 RyuJIT x86-64-v3
// GC=Concurrent Workstation
// HardwareIntrinsics=AVX2+BMI1+BMI2+F16C+FMA+LZCNT+MOVBE,AVX,SSE3+SSSE3+SSE4.1+SSE4.2+POPCNT,X86Base+SSE+SSE2,AES+PCLMUL,AvxVnni,SERIALIZE VectorSize=256
// Job: .NET 10.0

OverheadJitting  1: 1 op, 102100.00 ns, 102.1000 us/op
WorkloadJitting  1: 1 op, 4191900.00 ns, 4.1919 ms/op

OverheadJitting  2: 16 op, 231300.00 ns, 14.4563 us/op
WorkloadJitting  2: 16 op, 495800.00 ns, 30.9875 us/op

WorkloadPilot    1: 16 op, 185500.00 ns, 11.5938 us/op
WorkloadPilot    2: 32 op, 427100.00 ns, 13.3469 us/op
WorkloadPilot    3: 64 op, 973400.00 ns, 15.2094 us/op
WorkloadPilot    4: 128 op, 2185200.00 ns, 17.0719 us/op
WorkloadPilot    5: 256 op, 3863400.00 ns, 15.0914 us/op
WorkloadPilot    6: 512 op, 7189500.00 ns, 14.0420 us/op
WorkloadPilot    7: 1024 op, 15749900.00 ns, 15.3808 us/op
WorkloadPilot    8: 2048 op, 20971400.00 ns, 10.2399 us/op
WorkloadPilot    9: 4096 op, 41906600.00 ns, 10.2311 us/op
WorkloadPilot   10: 8192 op, 106685700.00 ns, 13.0232 us/op
WorkloadPilot   11: 16384 op, 293277500.00 ns, 17.9002 us/op
WorkloadPilot   12: 32768 op, 162279500.00 ns, 4.9524 us/op
WorkloadPilot   13: 65536 op, 222824600.00 ns, 3.4000 us/op
WorkloadPilot   14: 131072 op, 434291600.00 ns, 3.3134 us/op
WorkloadPilot   15: 262144 op, 872668700.00 ns, 3.3290 us/op

OverheadWarmup   1: 262144 op, 814700.00 ns, 3.1078 ns/op
OverheadWarmup   2: 262144 op, 809000.00 ns, 3.0861 ns/op
OverheadWarmup   3: 262144 op, 716600.00 ns, 2.7336 ns/op
OverheadWarmup   4: 262144 op, 694000.00 ns, 2.6474 ns/op
OverheadWarmup   5: 262144 op, 718500.00 ns, 2.7409 ns/op
OverheadWarmup   6: 262144 op, 701900.00 ns, 2.6775 ns/op
OverheadWarmup   7: 262144 op, 692200.00 ns, 2.6405 ns/op
OverheadWarmup   8: 262144 op, 698500.00 ns, 2.6646 ns/op
OverheadWarmup   9: 262144 op, 698300.00 ns, 2.6638 ns/op

OverheadActual   1: 262144 op, 696100.00 ns, 2.6554 ns/op
OverheadActual   2: 262144 op, 700200.00 ns, 2.6711 ns/op
OverheadActual   3: 262144 op, 744800.00 ns, 2.8412 ns/op
OverheadActual   4: 262144 op, 687600.00 ns, 2.6230 ns/op
OverheadActual   5: 262144 op, 705300.00 ns, 2.6905 ns/op
OverheadActual   6: 262144 op, 740800.00 ns, 2.8259 ns/op
OverheadActual   7: 262144 op, 696100.00 ns, 2.6554 ns/op
OverheadActual   8: 262144 op, 713300.00 ns, 2.7210 ns/op
OverheadActual   9: 262144 op, 704300.00 ns, 2.6867 ns/op
OverheadActual  10: 262144 op, 730300.00 ns, 2.7859 ns/op
OverheadActual  11: 262144 op, 738600.00 ns, 2.8175 ns/op
OverheadActual  12: 262144 op, 733100.00 ns, 2.7966 ns/op
OverheadActual  13: 262144 op, 733100.00 ns, 2.7966 ns/op
OverheadActual  14: 262144 op, 750400.00 ns, 2.8625 ns/op
OverheadActual  15: 262144 op, 738500.00 ns, 2.8172 ns/op

WorkloadWarmup   1: 262144 op, 864969900.00 ns, 3.2996 us/op
WorkloadWarmup   2: 262144 op, 867793500.00 ns, 3.3104 us/op
WorkloadWarmup   3: 262144 op, 864070000.00 ns, 3.2962 us/op
WorkloadWarmup   4: 262144 op, 859390200.00 ns, 3.2783 us/op
WorkloadWarmup   5: 262144 op, 862032300.00 ns, 3.2884 us/op
WorkloadWarmup   6: 262144 op, 852683700.00 ns, 3.2527 us/op

// BeforeActualRun
WorkloadActual   1: 262144 op, 864736900.00 ns, 3.2987 us/op
WorkloadActual   2: 262144 op, 860174200.00 ns, 3.2813 us/op
WorkloadActual   3: 262144 op, 864855300.00 ns, 3.2992 us/op
WorkloadActual   4: 262144 op, 862013900.00 ns, 3.2883 us/op
WorkloadActual   5: 262144 op, 859696400.00 ns, 3.2795 us/op
WorkloadActual   6: 262144 op, 861176400.00 ns, 3.2851 us/op
WorkloadActual   7: 262144 op, 858667500.00 ns, 3.2756 us/op
WorkloadActual   8: 262144 op, 860710200.00 ns, 3.2833 us/op
WorkloadActual   9: 262144 op, 947291500.00 ns, 3.6136 us/op
WorkloadActual  10: 262144 op, 861984500.00 ns, 3.2882 us/op
WorkloadActual  11: 262144 op, 860858800.00 ns, 3.2839 us/op
WorkloadActual  12: 262144 op, 855621200.00 ns, 3.2639 us/op
WorkloadActual  13: 262144 op, 862095300.00 ns, 3.2886 us/op
WorkloadActual  14: 262144 op, 856906700.00 ns, 3.2688 us/op
WorkloadActual  15: 262144 op, 869434300.00 ns, 3.3166 us/op

// AfterActualRun
WorkloadResult   1: 262144 op, 864006600.00 ns, 3.2959 us/op
WorkloadResult   2: 262144 op, 859443900.00 ns, 3.2785 us/op
WorkloadResult   3: 262144 op, 864125000.00 ns, 3.2964 us/op
WorkloadResult   4: 262144 op, 861283600.00 ns, 3.2855 us/op
WorkloadResult   5: 262144 op, 858966100.00 ns, 3.2767 us/op
WorkloadResult   6: 262144 op, 860446100.00 ns, 3.2823 us/op
WorkloadResult   7: 262144 op, 857937200.00 ns, 3.2728 us/op
WorkloadResult   8: 262144 op, 859979900.00 ns, 3.2806 us/op
WorkloadResult   9: 262144 op, 861254200.00 ns, 3.2854 us/op
WorkloadResult  10: 262144 op, 860128500.00 ns, 3.2811 us/op
WorkloadResult  11: 262144 op, 854890900.00 ns, 3.2611 us/op
WorkloadResult  12: 262144 op, 861365000.00 ns, 3.2858 us/op
WorkloadResult  13: 262144 op, 856176400.00 ns, 3.2661 us/op
// GC:  246 8 0 4628485600 262144
// Threading:  0 0 262144

// AfterAll
// Benchmark Process 27268 has exited with code 0.

Mean = 3.281 μs, StdErr = 0.003 μs (0.09%), N = 13, StdDev = 0.010 μs
Min = 3.261 μs, Q1 = 3.277 μs, Median = 3.281 μs, Q3 = 3.286 μs, Max = 3.296 μs
IQR = 0.009 μs, LowerFence = 3.263 μs, UpperFence = 3.299 μs
ConfidenceInterval = [3.269 μs; 3.293 μs] (CI 99.9%), Margin = 0.012 μs (0.37% of Mean)
Skewness = -0.24, Kurtosis = 2.27, MValue = 2

// ** Remained 50 (89,3 %) benchmark(s) to run. Estimated finish 2026-02-08 15:32 (0h 17m from now) **
Setup power plan (GUID: 8c5e7fda-e8bf-4a96-9a85-a6e23a8c635c FriendlyName: Visoka učinkovitost delovanja)
// **************************
// Benchmark: Benchmarks.StringBuilderWithInterpolatedAppendsAndPresetCapacity: .NET 10.0(Runtime=.NET 10.0) [Model=EnormousModel]
// *** Execute ***
// Launch: 1 / 1
// Execute: dotnet "ObjectSerialization-.NET 10.0-1.dll" --anonymousPipes 2012 2000 --benchmarkName "ObjectSerialization.Benchmarks.StringBuilderWithInterpolatedAppendsAndPresetCapacity(Model: \"EnormousModel\")" --job ".NET 10.0" --benchmarkId 6 in C:\Users\Arnecic\Documents\documents\Programming\benchmark-cs\Benchmarks\ObjectSerialization\bin\Release\net10.0\ObjectSerialization-.NET 10.0-1\bin\Release\net10.0
// BeforeAnythingElse

// Benchmark Process Environment Information:
// BenchmarkDotNet v0.15.8
// Runtime=.NET 10.0.2 (10.0.2, 10.0.225.61305), X64 RyuJIT x86-64-v3
// GC=Concurrent Workstation
// HardwareIntrinsics=AVX2+BMI1+BMI2+F16C+FMA+LZCNT+MOVBE,AVX,SSE3+SSSE3+SSE4.1+SSE4.2+POPCNT,X86Base+SSE+SSE2,AES+PCLMUL,AvxVnni,SERIALIZE VectorSize=256
// Job: .NET 10.0

OverheadJitting  1: 1 op, 111000.00 ns, 111.0000 us/op
WorkloadJitting  1: 1 op, 4199800.00 ns, 4.1998 ms/op

OverheadJitting  2: 16 op, 251700.00 ns, 15.7313 us/op
WorkloadJitting  2: 16 op, 500500.00 ns, 31.2813 us/op

WorkloadPilot    1: 16 op, 205600.00 ns, 12.8500 us/op
WorkloadPilot    2: 32 op, 414800.00 ns, 12.9625 us/op
WorkloadPilot    3: 64 op, 873700.00 ns, 13.6516 us/op
WorkloadPilot    4: 128 op, 1869500.00 ns, 14.6055 us/op
WorkloadPilot    5: 256 op, 3610300.00 ns, 14.1027 us/op
WorkloadPilot    6: 512 op, 7288800.00 ns, 14.2359 us/op
WorkloadPilot    7: 1024 op, 14086300.00 ns, 13.7562 us/op
WorkloadPilot    8: 2048 op, 22888800.00 ns, 11.1762 us/op
WorkloadPilot    9: 4096 op, 42045900.00 ns, 10.2651 us/op
WorkloadPilot   10: 8192 op, 113197800.00 ns, 13.8181 us/op
WorkloadPilot   11: 16384 op, 288772100.00 ns, 17.6253 us/op
WorkloadPilot   12: 32768 op, 209751200.00 ns, 6.4011 us/op
WorkloadPilot   13: 65536 op, 216997700.00 ns, 3.3111 us/op
WorkloadPilot   14: 131072 op, 432254300.00 ns, 3.2978 us/op
WorkloadPilot   15: 262144 op, 853794500.00 ns, 3.2570 us/op

OverheadWarmup   1: 262144 op, 734000.00 ns, 2.8000 ns/op
OverheadWarmup   2: 262144 op, 749300.00 ns, 2.8584 ns/op
OverheadWarmup   3: 262144 op, 767000.00 ns, 2.9259 ns/op
OverheadWarmup   4: 262144 op, 736200.00 ns, 2.8084 ns/op
OverheadWarmup   5: 262144 op, 730400.00 ns, 2.7863 ns/op
OverheadWarmup   6: 262144 op, 747700.00 ns, 2.8522 ns/op
OverheadWarmup   7: 262144 op, 769400.00 ns, 2.9350 ns/op
OverheadWarmup   8: 262144 op, 732800.00 ns, 2.7954 ns/op

OverheadActual   1: 262144 op, 744100.00 ns, 2.8385 ns/op
OverheadActual   2: 262144 op, 734800.00 ns, 2.8030 ns/op
OverheadActual   3: 262144 op, 737500.00 ns, 2.8133 ns/op
OverheadActual   4: 262144 op, 722200.00 ns, 2.7550 ns/op
OverheadActual   5: 262144 op, 747800.00 ns, 2.8526 ns/op
OverheadActual   6: 262144 op, 737500.00 ns, 2.8133 ns/op
OverheadActual   7: 262144 op, 755100.00 ns, 2.8805 ns/op
OverheadActual   8: 262144 op, 736000.00 ns, 2.8076 ns/op
OverheadActual   9: 262144 op, 730100.00 ns, 2.7851 ns/op
OverheadActual  10: 262144 op, 747900.00 ns, 2.8530 ns/op
OverheadActual  11: 262144 op, 727100.00 ns, 2.7737 ns/op
OverheadActual  12: 262144 op, 718700.00 ns, 2.7416 ns/op
OverheadActual  13: 262144 op, 733200.00 ns, 2.7969 ns/op
OverheadActual  14: 262144 op, 759000.00 ns, 2.8954 ns/op
OverheadActual  15: 262144 op, 726600.00 ns, 2.7718 ns/op

WorkloadWarmup   1: 262144 op, 854859100.00 ns, 3.2610 us/op
WorkloadWarmup   2: 262144 op, 857591000.00 ns, 3.2715 us/op
WorkloadWarmup   3: 262144 op, 856343600.00 ns, 3.2667 us/op
WorkloadWarmup   4: 262144 op, 849628300.00 ns, 3.2411 us/op
WorkloadWarmup   5: 262144 op, 850091800.00 ns, 3.2428 us/op
WorkloadWarmup   6: 262144 op, 848954700.00 ns, 3.2385 us/op

// BeforeActualRun
WorkloadActual   1: 262144 op, 848976100.00 ns, 3.2386 us/op
WorkloadActual   2: 262144 op, 848461900.00 ns, 3.2366 us/op
WorkloadActual   3: 262144 op, 847292900.00 ns, 3.2322 us/op
WorkloadActual   4: 262144 op, 854692300.00 ns, 3.2604 us/op
WorkloadActual   5: 262144 op, 852970600.00 ns, 3.2538 us/op
WorkloadActual   6: 262144 op, 849547900.00 ns, 3.2408 us/op
WorkloadActual   7: 262144 op, 852875900.00 ns, 3.2535 us/op
WorkloadActual   8: 262144 op, 855709000.00 ns, 3.2643 us/op
WorkloadActual   9: 262144 op, 849451200.00 ns, 3.2404 us/op
WorkloadActual  10: 262144 op, 848472000.00 ns, 3.2367 us/op
WorkloadActual  11: 262144 op, 850297200.00 ns, 3.2436 us/op
WorkloadActual  12: 262144 op, 850790000.00 ns, 3.2455 us/op
WorkloadActual  13: 262144 op, 848200600.00 ns, 3.2356 us/op
WorkloadActual  14: 262144 op, 843944600.00 ns, 3.2194 us/op
WorkloadActual  15: 262144 op, 850498400.00 ns, 3.2444 us/op

// AfterActualRun
WorkloadResult   1: 262144 op, 848240100.00 ns, 3.2358 us/op
WorkloadResult   2: 262144 op, 847725900.00 ns, 3.2338 us/op
WorkloadResult   3: 262144 op, 846556900.00 ns, 3.2294 us/op
WorkloadResult   4: 262144 op, 853956300.00 ns, 3.2576 us/op
WorkloadResult   5: 262144 op, 852234600.00 ns, 3.2510 us/op
WorkloadResult   6: 262144 op, 848811900.00 ns, 3.2380 us/op
WorkloadResult   7: 262144 op, 852139900.00 ns, 3.2507 us/op
WorkloadResult   8: 262144 op, 854973000.00 ns, 3.2615 us/op
WorkloadResult   9: 262144 op, 848715200.00 ns, 3.2376 us/op
WorkloadResult  10: 262144 op, 847736000.00 ns, 3.2339 us/op
WorkloadResult  11: 262144 op, 849561200.00 ns, 3.2408 us/op
WorkloadResult  12: 262144 op, 850054000.00 ns, 3.2427 us/op
WorkloadResult  13: 262144 op, 847464600.00 ns, 3.2328 us/op
WorkloadResult  14: 262144 op, 843208600.00 ns, 3.2166 us/op
WorkloadResult  15: 262144 op, 849762400.00 ns, 3.2416 us/op
// GC:  206 6 0 3894470880 262144
// Threading:  0 0 262144

// AfterAll
// Benchmark Process 24572 has exited with code 0.

Mean = 3.240 μs, StdErr = 0.003 μs (0.09%), N = 15, StdDev = 0.011 μs
Min = 3.217 μs, Q1 = 3.234 μs, Median = 3.238 μs, Q3 = 3.247 μs, Max = 3.261 μs
IQR = 0.013 μs, LowerFence = 3.215 μs, UpperFence = 3.266 μs
ConfidenceInterval = [3.228 μs; 3.252 μs] (CI 99.9%), Margin = 0.012 μs (0.38% of Mean)
Skewness = 0.07, Kurtosis = 2.54, MValue = 2

// ** Remained 49 (87,5 %) benchmark(s) to run. Estimated finish 2026-02-08 15:32 (0h 17m from now) **
Setup power plan (GUID: 8c5e7fda-e8bf-4a96-9a85-a6e23a8c635c FriendlyName: Visoka učinkovitost delovanja)
// **************************
// Benchmark: Benchmarks.Json: .NET 8.0(Runtime=.NET 8.0) [Model=EnormousModel]
// *** Execute ***
// Launch: 1 / 1
// Execute: dotnet "ObjectSerialization-.NET 8.0-2.dll" --anonymousPipes 1364 1408 --benchmarkName "ObjectSerialization.Benchmarks.Json(Model: \"EnormousModel\")" --job ".NET 8.0" --benchmarkId 0 in C:\Users\Arnecic\Documents\documents\Programming\benchmark-cs\Benchmarks\ObjectSerialization\bin\Release\net10.0\ObjectSerialization-.NET 8.0-2\bin\Release\net8.0
// BeforeAnythingElse

// Benchmark Process Environment Information:
// BenchmarkDotNet v0.15.8
// Runtime=.NET 8.0.23 (8.0.23, 8.0.2325.60607), X64 RyuJIT x86-64-v3
// GC=Concurrent Workstation
// HardwareIntrinsics=AVX2+BMI1+BMI2+F16C+FMA+LZCNT+MOVBE,AVX,SSE3+SSSE3+SSE4.1+SSE4.2+POPCNT,X86Base+SSE+SSE2,AES+PCLMUL,AvxVnni,SERIALIZE VectorSize=256
// Job: .NET 8.0

OverheadJitting  1: 1 op, 96000.00 ns, 96.0000 us/op
WorkloadJitting  1: 1 op, 22649600.00 ns, 22.6496 ms/op

OverheadJitting  2: 16 op, 280600.00 ns, 17.5375 us/op
WorkloadJitting  2: 16 op, 433700.00 ns, 27.1063 us/op

WorkloadPilot    1: 16 op, 182500.00 ns, 11.4063 us/op
WorkloadPilot    2: 32 op, 353400.00 ns, 11.0438 us/op
WorkloadPilot    3: 64 op, 595300.00 ns, 9.3016 us/op
WorkloadPilot    4: 128 op, 1141900.00 ns, 8.9211 us/op
WorkloadPilot    5: 256 op, 2478500.00 ns, 9.6816 us/op
WorkloadPilot    6: 512 op, 4961700.00 ns, 9.6908 us/op
WorkloadPilot    7: 1024 op, 9389900.00 ns, 9.1698 us/op
WorkloadPilot    8: 2048 op, 19161800.00 ns, 9.3563 us/op
WorkloadPilot    9: 4096 op, 34405700.00 ns, 8.3998 us/op
WorkloadPilot   10: 8192 op, 67265500.00 ns, 8.2111 us/op
WorkloadPilot   11: 16384 op, 171748700.00 ns, 10.4827 us/op
WorkloadPilot   12: 32768 op, 155172300.00 ns, 4.7355 us/op
WorkloadPilot   13: 65536 op, 157145100.00 ns, 2.3978 us/op
WorkloadPilot   14: 131072 op, 318550600.00 ns, 2.4303 us/op
WorkloadPilot   15: 262144 op, 640030500.00 ns, 2.4415 us/op

OverheadWarmup   1: 262144 op, 738100.00 ns, 2.8156 ns/op
OverheadWarmup   2: 262144 op, 731900.00 ns, 2.7920 ns/op
OverheadWarmup   3: 262144 op, 718500.00 ns, 2.7409 ns/op
OverheadWarmup   4: 262144 op, 732600.00 ns, 2.7946 ns/op
OverheadWarmup   5: 262144 op, 737800.00 ns, 2.8145 ns/op
OverheadWarmup   6: 262144 op, 738100.00 ns, 2.8156 ns/op
OverheadWarmup   7: 262144 op, 780300.00 ns, 2.9766 ns/op
OverheadWarmup   8: 262144 op, 763900.00 ns, 2.9140 ns/op
OverheadWarmup   9: 262144 op, 733400.00 ns, 2.7977 ns/op
OverheadWarmup  10: 262144 op, 741100.00 ns, 2.8271 ns/op

OverheadActual   1: 262144 op, 765000.00 ns, 2.9182 ns/op
OverheadActual   2: 262144 op, 733800.00 ns, 2.7992 ns/op
OverheadActual   3: 262144 op, 730900.00 ns, 2.7882 ns/op
OverheadActual   4: 262144 op, 735600.00 ns, 2.8061 ns/op
OverheadActual   5: 262144 op, 736300.00 ns, 2.8088 ns/op
OverheadActual   6: 262144 op, 737600.00 ns, 2.8137 ns/op
OverheadActual   7: 262144 op, 734600.00 ns, 2.8023 ns/op
OverheadActual   8: 262144 op, 749600.00 ns, 2.8595 ns/op
OverheadActual   9: 262144 op, 745900.00 ns, 2.8454 ns/op
OverheadActual  10: 262144 op, 735600.00 ns, 2.8061 ns/op
OverheadActual  11: 262144 op, 741900.00 ns, 2.8301 ns/op
OverheadActual  12: 262144 op, 727500.00 ns, 2.7752 ns/op
OverheadActual  13: 262144 op, 723500.00 ns, 2.7599 ns/op
OverheadActual  14: 262144 op, 724700.00 ns, 2.7645 ns/op
OverheadActual  15: 262144 op, 728100.00 ns, 2.7775 ns/op

WorkloadWarmup   1: 262144 op, 718705500.00 ns, 2.7416 us/op
WorkloadWarmup   2: 262144 op, 609651200.00 ns, 2.3256 us/op
WorkloadWarmup   3: 262144 op, 616207000.00 ns, 2.3506 us/op
WorkloadWarmup   4: 262144 op, 606661600.00 ns, 2.3142 us/op
WorkloadWarmup   5: 262144 op, 614896000.00 ns, 2.3456 us/op
WorkloadWarmup   6: 262144 op, 612847500.00 ns, 2.3378 us/op

// BeforeActualRun
WorkloadActual   1: 262144 op, 608611100.00 ns, 2.3217 us/op
WorkloadActual   2: 262144 op, 610900700.00 ns, 2.3304 us/op
WorkloadActual   3: 262144 op, 605320700.00 ns, 2.3091 us/op
WorkloadActual   4: 262144 op, 610688800.00 ns, 2.3296 us/op
WorkloadActual   5: 262144 op, 607609700.00 ns, 2.3178 us/op
WorkloadActual   6: 262144 op, 605441600.00 ns, 2.3096 us/op
WorkloadActual   7: 262144 op, 613153900.00 ns, 2.3390 us/op
WorkloadActual   8: 262144 op, 612473300.00 ns, 2.3364 us/op
WorkloadActual   9: 262144 op, 612984000.00 ns, 2.3383 us/op
WorkloadActual  10: 262144 op, 616241100.00 ns, 2.3508 us/op
WorkloadActual  11: 262144 op, 609384500.00 ns, 2.3246 us/op
WorkloadActual  12: 262144 op, 618937700.00 ns, 2.3611 us/op
WorkloadActual  13: 262144 op, 618840600.00 ns, 2.3607 us/op
WorkloadActual  14: 262144 op, 609360600.00 ns, 2.3245 us/op
WorkloadActual  15: 262144 op, 622379300.00 ns, 2.3742 us/op

// AfterActualRun
WorkloadResult   1: 262144 op, 607875500.00 ns, 2.3189 us/op
WorkloadResult   2: 262144 op, 610165100.00 ns, 2.3276 us/op
WorkloadResult   3: 262144 op, 604585100.00 ns, 2.3063 us/op
WorkloadResult   4: 262144 op, 609953200.00 ns, 2.3268 us/op
WorkloadResult   5: 262144 op, 606874100.00 ns, 2.3150 us/op
WorkloadResult   6: 262144 op, 604706000.00 ns, 2.3068 us/op
WorkloadResult   7: 262144 op, 612418300.00 ns, 2.3362 us/op
WorkloadResult   8: 262144 op, 611737700.00 ns, 2.3336 us/op
WorkloadResult   9: 262144 op, 612248400.00 ns, 2.3355 us/op
WorkloadResult  10: 262144 op, 615505500.00 ns, 2.3480 us/op
WorkloadResult  11: 262144 op, 608648900.00 ns, 2.3218 us/op
WorkloadResult  12: 262144 op, 618202100.00 ns, 2.3583 us/op
WorkloadResult  13: 262144 op, 618105000.00 ns, 2.3579 us/op
WorkloadResult  14: 262144 op, 608625000.00 ns, 2.3217 us/op
WorkloadResult  15: 262144 op, 621643700.00 ns, 2.3714 us/op
// GC:  92 0 0 1746927616 262144
// Threading:  0 0 262144

// AfterAll
// Benchmark Process 23504 has exited with code 0.

Mean = 2.332 μs, StdErr = 0.005 μs (0.21%), N = 15, StdDev = 0.019 μs
Min = 2.306 μs, Q1 = 2.320 μs, Median = 2.328 μs, Q3 = 2.342 μs, Max = 2.371 μs
IQR = 0.022 μs, LowerFence = 2.288 μs, UpperFence = 2.375 μs
ConfidenceInterval = [2.312 μs; 2.353 μs] (CI 99.9%), Margin = 0.021 μs (0.88% of Mean)
Skewness = 0.49, Kurtosis = 2.07, MValue = 2

// ** Remained 48 (85,7 %) benchmark(s) to run. Estimated finish 2026-02-08 15:31 (0h 16m from now) **
Setup power plan (GUID: 8c5e7fda-e8bf-4a96-9a85-a6e23a8c635c FriendlyName: Visoka učinkovitost delovanja)
// **************************
// Benchmark: Benchmarks.SplitStringInterpolation: .NET 8.0(Runtime=.NET 8.0) [Model=EnormousModel]
// *** Execute ***
// Launch: 1 / 1
// Execute: dotnet "ObjectSerialization-.NET 8.0-2.dll" --anonymousPipes 1944 1208 --benchmarkName "ObjectSerialization.Benchmarks.SplitStringInterpolation(Model: \"EnormousModel\")" --job ".NET 8.0" --benchmarkId 1 in C:\Users\Arnecic\Documents\documents\Programming\benchmark-cs\Benchmarks\ObjectSerialization\bin\Release\net10.0\ObjectSerialization-.NET 8.0-2\bin\Release\net8.0
// BeforeAnythingElse

// Benchmark Process Environment Information:
// BenchmarkDotNet v0.15.8
// Runtime=.NET 8.0.23 (8.0.23, 8.0.2325.60607), X64 RyuJIT x86-64-v3
// GC=Concurrent Workstation
// HardwareIntrinsics=AVX2+BMI1+BMI2+F16C+FMA+LZCNT+MOVBE,AVX,SSE3+SSSE3+SSE4.1+SSE4.2+POPCNT,X86Base+SSE+SSE2,AES+PCLMUL,AvxVnni,SERIALIZE VectorSize=256
// Job: .NET 8.0

OverheadJitting  1: 1 op, 94200.00 ns, 94.2000 us/op
WorkloadJitting  1: 1 op, 5264100.00 ns, 5.2641 ms/op

OverheadJitting  2: 16 op, 243300.00 ns, 15.2063 us/op
WorkloadJitting  2: 16 op, 385500.00 ns, 24.0938 us/op

WorkloadPilot    1: 16 op, 149100.00 ns, 9.3188 us/op
WorkloadPilot    2: 32 op, 272000.00 ns, 8.5000 us/op
WorkloadPilot    3: 64 op, 455800.00 ns, 7.1219 us/op
WorkloadPilot    4: 128 op, 930300.00 ns, 7.2680 us/op
WorkloadPilot    5: 256 op, 1969000.00 ns, 7.6914 us/op
WorkloadPilot    6: 512 op, 3903700.00 ns, 7.6244 us/op
WorkloadPilot    7: 1024 op, 7693100.00 ns, 7.5128 us/op
WorkloadPilot    8: 2048 op, 15426700.00 ns, 7.5326 us/op
WorkloadPilot    9: 4096 op, 27540100.00 ns, 6.7237 us/op
WorkloadPilot   10: 8192 op, 51782300.00 ns, 6.3211 us/op
WorkloadPilot   11: 16384 op, 162304400.00 ns, 9.9063 us/op
WorkloadPilot   12: 32768 op, 372653500.00 ns, 11.3725 us/op
WorkloadPilot   13: 65536 op, 247816100.00 ns, 3.7814 us/op
WorkloadPilot   14: 131072 op, 371652900.00 ns, 2.8355 us/op
WorkloadPilot   15: 262144 op, 727382300.00 ns, 2.7747 us/op

OverheadWarmup   1: 262144 op, 755500.00 ns, 2.8820 ns/op
OverheadWarmup   2: 262144 op, 832700.00 ns, 3.1765 ns/op
OverheadWarmup   3: 262144 op, 730700.00 ns, 2.7874 ns/op
OverheadWarmup   4: 262144 op, 710600.00 ns, 2.7107 ns/op
OverheadWarmup   5: 262144 op, 699300.00 ns, 2.6676 ns/op
OverheadWarmup   6: 262144 op, 783900.00 ns, 2.9903 ns/op
OverheadWarmup   7: 262144 op, 858600.00 ns, 3.2753 ns/op
OverheadWarmup   8: 262144 op, 738500.00 ns, 2.8172 ns/op

OverheadActual   1: 262144 op, 736600.00 ns, 2.8099 ns/op
OverheadActual   2: 262144 op, 731700.00 ns, 2.7912 ns/op
OverheadActual   3: 262144 op, 715800.00 ns, 2.7306 ns/op
OverheadActual   4: 262144 op, 701200.00 ns, 2.6749 ns/op
OverheadActual   5: 262144 op, 829800.00 ns, 3.1654 ns/op
OverheadActual   6: 262144 op, 736900.00 ns, 2.8111 ns/op
OverheadActual   7: 262144 op, 731500.00 ns, 2.7905 ns/op
OverheadActual   8: 262144 op, 733200.00 ns, 2.7969 ns/op
OverheadActual   9: 262144 op, 770800.00 ns, 2.9404 ns/op
OverheadActual  10: 262144 op, 744000.00 ns, 2.8381 ns/op
OverheadActual  11: 262144 op, 732100.00 ns, 2.7927 ns/op
OverheadActual  12: 262144 op, 722800.00 ns, 2.7573 ns/op
OverheadActual  13: 262144 op, 779200.00 ns, 2.9724 ns/op
OverheadActual  14: 262144 op, 733300.00 ns, 2.7973 ns/op
OverheadActual  15: 262144 op, 728200.00 ns, 2.7779 ns/op

WorkloadWarmup   1: 262144 op, 731023600.00 ns, 2.7886 us/op
WorkloadWarmup   2: 262144 op, 732000500.00 ns, 2.7924 us/op
WorkloadWarmup   3: 262144 op, 730084400.00 ns, 2.7851 us/op
WorkloadWarmup   4: 262144 op, 724443600.00 ns, 2.7635 us/op
WorkloadWarmup   5: 262144 op, 728928700.00 ns, 2.7806 us/op
WorkloadWarmup   6: 262144 op, 721698500.00 ns, 2.7531 us/op

// BeforeActualRun
WorkloadActual   1: 262144 op, 724619400.00 ns, 2.7642 us/op
WorkloadActual   2: 262144 op, 733113300.00 ns, 2.7966 us/op
WorkloadActual   3: 262144 op, 729006200.00 ns, 2.7809 us/op
WorkloadActual   4: 262144 op, 727157200.00 ns, 2.7739 us/op
WorkloadActual   5: 262144 op, 728292700.00 ns, 2.7782 us/op
WorkloadActual   6: 262144 op, 731041600.00 ns, 2.7887 us/op
WorkloadActual   7: 262144 op, 736090700.00 ns, 2.8080 us/op
WorkloadActual   8: 262144 op, 731618500.00 ns, 2.7909 us/op
WorkloadActual   9: 262144 op, 730807300.00 ns, 2.7878 us/op
WorkloadActual  10: 262144 op, 740609800.00 ns, 2.8252 us/op
WorkloadActual  11: 262144 op, 722232500.00 ns, 2.7551 us/op
WorkloadActual  12: 262144 op, 732952200.00 ns, 2.7960 us/op
WorkloadActual  13: 262144 op, 732303500.00 ns, 2.7935 us/op
WorkloadActual  14: 262144 op, 804185700.00 ns, 3.0677 us/op
WorkloadActual  15: 262144 op, 741059200.00 ns, 2.8269 us/op

// AfterActualRun
WorkloadResult   1: 262144 op, 723886200.00 ns, 2.7614 us/op
WorkloadResult   2: 262144 op, 732380100.00 ns, 2.7938 us/op
WorkloadResult   3: 262144 op, 728273000.00 ns, 2.7781 us/op
WorkloadResult   4: 262144 op, 726424000.00 ns, 2.7711 us/op
WorkloadResult   5: 262144 op, 727559500.00 ns, 2.7754 us/op
WorkloadResult   6: 262144 op, 730308400.00 ns, 2.7859 us/op
WorkloadResult   7: 262144 op, 735357500.00 ns, 2.8052 us/op
WorkloadResult   8: 262144 op, 730885300.00 ns, 2.7881 us/op
WorkloadResult   9: 262144 op, 730074100.00 ns, 2.7850 us/op
WorkloadResult  10: 262144 op, 739876600.00 ns, 2.8224 us/op
WorkloadResult  11: 262144 op, 721499300.00 ns, 2.7523 us/op
WorkloadResult  12: 262144 op, 732219000.00 ns, 2.7932 us/op
WorkloadResult  13: 262144 op, 731570300.00 ns, 2.7907 us/op
WorkloadResult  14: 262144 op, 740326000.00 ns, 2.8241 us/op
// GC:  75 0 0 1426084640 262144
// Threading:  0 0 262144

// AfterAll
// Benchmark Process 23720 has exited with code 0.

Mean = 2.788 μs, StdErr = 0.005 μs (0.20%), N = 14, StdDev = 0.020 μs
Min = 2.752 μs, Q1 = 2.776 μs, Median = 2.787 μs, Q3 = 2.794 μs, Max = 2.824 μs
IQR = 0.018 μs, LowerFence = 2.750 μs, UpperFence = 2.820 μs
ConfidenceInterval = [2.765 μs; 2.811 μs] (CI 99.9%), Margin = 0.023 μs (0.82% of Mean)
Skewness = 0.23, Kurtosis = 2.28, MValue = 2

// ** Remained 47 (83,9 %) benchmark(s) to run. Estimated finish 2026-02-08 15:31 (0h 15m from now) **
Setup power plan (GUID: 8c5e7fda-e8bf-4a96-9a85-a6e23a8c635c FriendlyName: Visoka učinkovitost delovanja)
// **************************
// Benchmark: Benchmarks.StringJoinDynamic: .NET 8.0(Runtime=.NET 8.0) [Model=EnormousModel]
// *** Execute ***
// Launch: 1 / 1
// Execute: dotnet "ObjectSerialization-.NET 8.0-2.dll" --anonymousPipes 1200 1360 --benchmarkName "ObjectSerialization.Benchmarks.StringJoinDynamic(Model: \"EnormousModel\")" --job ".NET 8.0" --benchmarkId 2 in C:\Users\Arnecic\Documents\documents\Programming\benchmark-cs\Benchmarks\ObjectSerialization\bin\Release\net10.0\ObjectSerialization-.NET 8.0-2\bin\Release\net8.0
// BeforeAnythingElse

// Benchmark Process Environment Information:
// BenchmarkDotNet v0.15.8
// Runtime=.NET 8.0.23 (8.0.23, 8.0.2325.60607), X64 RyuJIT x86-64-v3
// GC=Concurrent Workstation
// HardwareIntrinsics=AVX2+BMI1+BMI2+F16C+FMA+LZCNT+MOVBE,AVX,SSE3+SSSE3+SSE4.1+SSE4.2+POPCNT,X86Base+SSE+SSE2,AES+PCLMUL,AvxVnni,SERIALIZE VectorSize=256
// Job: .NET 8.0

OverheadJitting  1: 1 op, 86000.00 ns, 86.0000 us/op
WorkloadJitting  1: 1 op, 4479000.00 ns, 4.4790 ms/op

OverheadJitting  2: 16 op, 234600.00 ns, 14.6625 us/op
WorkloadJitting  2: 16 op, 518700.00 ns, 32.4188 us/op

WorkloadPilot    1: 16 op, 191500.00 ns, 11.9688 us/op
WorkloadPilot    2: 32 op, 397600.00 ns, 12.4250 us/op
WorkloadPilot    3: 64 op, 922700.00 ns, 14.4172 us/op
WorkloadPilot    4: 128 op, 2022100.00 ns, 15.7977 us/op
WorkloadPilot    5: 256 op, 3747800.00 ns, 14.6398 us/op
WorkloadPilot    6: 512 op, 6792400.00 ns, 13.2664 us/op
WorkloadPilot    7: 1024 op, 12123100.00 ns, 11.8390 us/op
WorkloadPilot    8: 2048 op, 18276100.00 ns, 8.9239 us/op
WorkloadPilot    9: 4096 op, 36074600.00 ns, 8.8073 us/op
WorkloadPilot   10: 8192 op, 72420100.00 ns, 8.8403 us/op
WorkloadPilot   11: 16384 op, 273120000.00 ns, 16.6699 us/op
WorkloadPilot   12: 32768 op, 224890000.00 ns, 6.8631 us/op
WorkloadPilot   13: 65536 op, 315216200.00 ns, 4.8098 us/op
WorkloadPilot   14: 131072 op, 612003800.00 ns, 4.6692 us/op

OverheadWarmup   1: 131072 op, 369000.00 ns, 2.8152 ns/op
OverheadWarmup   2: 131072 op, 378500.00 ns, 2.8877 ns/op
OverheadWarmup   3: 131072 op, 379200.00 ns, 2.8931 ns/op
OverheadWarmup   4: 131072 op, 382200.00 ns, 2.9160 ns/op
OverheadWarmup   5: 131072 op, 387200.00 ns, 2.9541 ns/op
OverheadWarmup   6: 131072 op, 366400.00 ns, 2.7954 ns/op
OverheadWarmup   7: 131072 op, 364900.00 ns, 2.7840 ns/op
OverheadWarmup   8: 131072 op, 355000.00 ns, 2.7084 ns/op
OverheadWarmup   9: 131072 op, 360300.00 ns, 2.7489 ns/op
OverheadWarmup  10: 131072 op, 352400.00 ns, 2.6886 ns/op

OverheadActual   1: 131072 op, 367800.00 ns, 2.8061 ns/op
OverheadActual   2: 131072 op, 355000.00 ns, 2.7084 ns/op
OverheadActual   3: 131072 op, 353900.00 ns, 2.7000 ns/op
OverheadActual   4: 131072 op, 372400.00 ns, 2.8412 ns/op
OverheadActual   5: 131072 op, 361200.00 ns, 2.7557 ns/op
OverheadActual   6: 131072 op, 375500.00 ns, 2.8648 ns/op
OverheadActual   7: 131072 op, 370100.00 ns, 2.8236 ns/op
OverheadActual   8: 131072 op, 371100.00 ns, 2.8313 ns/op
OverheadActual   9: 131072 op, 376900.00 ns, 2.8755 ns/op
OverheadActual  10: 131072 op, 359700.00 ns, 2.7443 ns/op
OverheadActual  11: 131072 op, 371800.00 ns, 2.8366 ns/op
OverheadActual  12: 131072 op, 362400.00 ns, 2.7649 ns/op
OverheadActual  13: 131072 op, 365300.00 ns, 2.7870 ns/op
OverheadActual  14: 131072 op, 362400.00 ns, 2.7649 ns/op
OverheadActual  15: 131072 op, 378500.00 ns, 2.8877 ns/op

WorkloadWarmup   1: 131072 op, 619214400.00 ns, 4.7242 us/op
WorkloadWarmup   2: 131072 op, 618862400.00 ns, 4.7215 us/op
WorkloadWarmup   3: 131072 op, 616700900.00 ns, 4.7051 us/op
WorkloadWarmup   4: 131072 op, 612468200.00 ns, 4.6728 us/op
WorkloadWarmup   5: 131072 op, 615447200.00 ns, 4.6955 us/op
WorkloadWarmup   6: 131072 op, 612373700.00 ns, 4.6720 us/op
WorkloadWarmup   7: 131072 op, 617647200.00 ns, 4.7123 us/op
WorkloadWarmup   8: 131072 op, 611879100.00 ns, 4.6683 us/op

// BeforeActualRun
WorkloadActual   1: 131072 op, 618395900.00 ns, 4.7180 us/op
WorkloadActual   2: 131072 op, 612848700.00 ns, 4.6757 us/op
WorkloadActual   3: 131072 op, 616038300.00 ns, 4.7000 us/op
WorkloadActual   4: 131072 op, 619553900.00 ns, 4.7268 us/op
WorkloadActual   5: 131072 op, 617115600.00 ns, 4.7082 us/op
WorkloadActual   6: 131072 op, 611957100.00 ns, 4.6689 us/op
WorkloadActual   7: 131072 op, 612755800.00 ns, 4.6750 us/op
WorkloadActual   8: 131072 op, 618171700.00 ns, 4.7163 us/op
WorkloadActual   9: 131072 op, 615521700.00 ns, 4.6961 us/op
WorkloadActual  10: 131072 op, 612742700.00 ns, 4.6749 us/op
WorkloadActual  11: 131072 op, 613901400.00 ns, 4.6837 us/op
WorkloadActual  12: 131072 op, 612682500.00 ns, 4.6744 us/op
WorkloadActual  13: 131072 op, 617153500.00 ns, 4.7085 us/op
WorkloadActual  14: 131072 op, 613002400.00 ns, 4.6768 us/op
WorkloadActual  15: 131072 op, 615784800.00 ns, 4.6981 us/op

// AfterActualRun
WorkloadResult   1: 131072 op, 618028100.00 ns, 4.7152 us/op
WorkloadResult   2: 131072 op, 612480900.00 ns, 4.6729 us/op
WorkloadResult   3: 131072 op, 615670500.00 ns, 4.6972 us/op
WorkloadResult   4: 131072 op, 619186100.00 ns, 4.7240 us/op
WorkloadResult   5: 131072 op, 616747800.00 ns, 4.7054 us/op
WorkloadResult   6: 131072 op, 611589300.00 ns, 4.6661 us/op
WorkloadResult   7: 131072 op, 612388000.00 ns, 4.6721 us/op
WorkloadResult   8: 131072 op, 617803900.00 ns, 4.7135 us/op
WorkloadResult   9: 131072 op, 615153900.00 ns, 4.6933 us/op
WorkloadResult  10: 131072 op, 612374900.00 ns, 4.6720 us/op
WorkloadResult  11: 131072 op, 613533600.00 ns, 4.6809 us/op
WorkloadResult  12: 131072 op, 612314700.00 ns, 4.6716 us/op
WorkloadResult  13: 131072 op, 616785700.00 ns, 4.7057 us/op
WorkloadResult  14: 131072 op, 612634600.00 ns, 4.6740 us/op
WorkloadResult  15: 131072 op, 615417000.00 ns, 4.6953 us/op
// GC:  164 1 0 3088102520 131072
// Threading:  0 0 131072

// AfterAll
// Benchmark Process 11512 has exited with code 0.

Mean = 4.691 μs, StdErr = 0.005 μs (0.11%), N = 15, StdDev = 0.019 μs
Min = 4.666 μs, Q1 = 4.673 μs, Median = 4.693 μs, Q3 = 4.706 μs, Max = 4.724 μs
IQR = 0.033 μs, LowerFence = 4.623 μs, UpperFence = 4.755 μs
ConfidenceInterval = [4.670 μs; 4.711 μs] (CI 99.9%), Margin = 0.020 μs (0.43% of Mean)
Skewness = 0.25, Kurtosis = 1.46, MValue = 2

// ** Remained 46 (82,1 %) benchmark(s) to run. Estimated finish 2026-02-08 15:31 (0h 15m from now) **
Setup power plan (GUID: 8c5e7fda-e8bf-4a96-9a85-a6e23a8c635c FriendlyName: Visoka učinkovitost delovanja)
// **************************
// Benchmark: Benchmarks.StringBuilderWithAppends: .NET 8.0(Runtime=.NET 8.0) [Model=EnormousModel]
// *** Execute ***
// Launch: 1 / 1
// Execute: dotnet "ObjectSerialization-.NET 8.0-2.dll" --anonymousPipes 1860 1980 --benchmarkName "ObjectSerialization.Benchmarks.StringBuilderWithAppends(Model: \"EnormousModel\")" --job ".NET 8.0" --benchmarkId 3 in C:\Users\Arnecic\Documents\documents\Programming\benchmark-cs\Benchmarks\ObjectSerialization\bin\Release\net10.0\ObjectSerialization-.NET 8.0-2\bin\Release\net8.0
// BeforeAnythingElse

// Benchmark Process Environment Information:
// BenchmarkDotNet v0.15.8
// Runtime=.NET 8.0.23 (8.0.23, 8.0.2325.60607), X64 RyuJIT x86-64-v3
// GC=Concurrent Workstation
// HardwareIntrinsics=AVX2+BMI1+BMI2+F16C+FMA+LZCNT+MOVBE,AVX,SSE3+SSSE3+SSE4.1+SSE4.2+POPCNT,X86Base+SSE+SSE2,AES+PCLMUL,AvxVnni,SERIALIZE VectorSize=256
// Job: .NET 8.0

OverheadJitting  1: 1 op, 91500.00 ns, 91.5000 us/op
WorkloadJitting  1: 1 op, 5467100.00 ns, 5.4671 ms/op

OverheadJitting  2: 16 op, 236700.00 ns, 14.7938 us/op
WorkloadJitting  2: 16 op, 508000.00 ns, 31.7500 us/op

WorkloadPilot    1: 16 op, 178100.00 ns, 11.1313 us/op
WorkloadPilot    2: 32 op, 434600.00 ns, 13.5813 us/op
WorkloadPilot    3: 64 op, 1027300.00 ns, 16.0516 us/op
WorkloadPilot    4: 128 op, 2021000.00 ns, 15.7891 us/op
WorkloadPilot    5: 256 op, 4273200.00 ns, 16.6922 us/op
WorkloadPilot    6: 512 op, 7143700.00 ns, 13.9525 us/op
WorkloadPilot    7: 1024 op, 14621400.00 ns, 14.2787 us/op
WorkloadPilot    8: 2048 op, 22086500.00 ns, 10.7844 us/op
WorkloadPilot    9: 4096 op, 43095100.00 ns, 10.5213 us/op
WorkloadPilot   10: 8192 op, 105972800.00 ns, 12.9361 us/op
WorkloadPilot   11: 16384 op, 267386200.00 ns, 16.3200 us/op
WorkloadPilot   12: 32768 op, 170393700.00 ns, 5.2000 us/op
WorkloadPilot   13: 65536 op, 286109600.00 ns, 4.3657 us/op
WorkloadPilot   14: 131072 op, 571306700.00 ns, 4.3587 us/op

OverheadWarmup   1: 131072 op, 386500.00 ns, 2.9488 ns/op
OverheadWarmup   2: 131072 op, 425100.00 ns, 3.2433 ns/op
OverheadWarmup   3: 131072 op, 380900.00 ns, 2.9060 ns/op
OverheadWarmup   4: 131072 op, 372200.00 ns, 2.8397 ns/op
OverheadWarmup   5: 131072 op, 437600.00 ns, 3.3386 ns/op
OverheadWarmup   6: 131072 op, 380100.00 ns, 2.8999 ns/op

OverheadActual   1: 131072 op, 379700.00 ns, 2.8969 ns/op
OverheadActual   2: 131072 op, 380500.00 ns, 2.9030 ns/op
OverheadActual   3: 131072 op, 377100.00 ns, 2.8770 ns/op
OverheadActual   4: 131072 op, 370100.00 ns, 2.8236 ns/op
OverheadActual   5: 131072 op, 374100.00 ns, 2.8542 ns/op
OverheadActual   6: 131072 op, 370100.00 ns, 2.8236 ns/op
OverheadActual   7: 131072 op, 367600.00 ns, 2.8046 ns/op
OverheadActual   8: 131072 op, 371300.00 ns, 2.8328 ns/op
OverheadActual   9: 131072 op, 374900.00 ns, 2.8603 ns/op
OverheadActual  10: 131072 op, 369400.00 ns, 2.8183 ns/op
OverheadActual  11: 131072 op, 366400.00 ns, 2.7954 ns/op
OverheadActual  12: 131072 op, 367100.00 ns, 2.8008 ns/op
OverheadActual  13: 131072 op, 370100.00 ns, 2.8236 ns/op
OverheadActual  14: 131072 op, 369700.00 ns, 2.8206 ns/op
OverheadActual  15: 131072 op, 372100.00 ns, 2.8389 ns/op

WorkloadWarmup   1: 131072 op, 581866300.00 ns, 4.4393 us/op
WorkloadWarmup   2: 131072 op, 578179100.00 ns, 4.4112 us/op
WorkloadWarmup   3: 131072 op, 578173400.00 ns, 4.4111 us/op
WorkloadWarmup   4: 131072 op, 574948800.00 ns, 4.3865 us/op
WorkloadWarmup   5: 131072 op, 575457500.00 ns, 4.3904 us/op
WorkloadWarmup   6: 131072 op, 582497500.00 ns, 4.4441 us/op
WorkloadWarmup   7: 131072 op, 567592400.00 ns, 4.3304 us/op
WorkloadWarmup   8: 131072 op, 561959600.00 ns, 4.2874 us/op
WorkloadWarmup   9: 131072 op, 569066800.00 ns, 4.3416 us/op
WorkloadWarmup  10: 131072 op, 562754700.00 ns, 4.2935 us/op

// BeforeActualRun
WorkloadActual   1: 131072 op, 566504400.00 ns, 4.3221 us/op
WorkloadActual   2: 131072 op, 566813200.00 ns, 4.3244 us/op
WorkloadActual   3: 131072 op, 567050100.00 ns, 4.3262 us/op
WorkloadActual   4: 131072 op, 562581500.00 ns, 4.2922 us/op
WorkloadActual   5: 131072 op, 564920000.00 ns, 4.3100 us/op
WorkloadActual   6: 131072 op, 566343900.00 ns, 4.3209 us/op
WorkloadActual   7: 131072 op, 561183800.00 ns, 4.2815 us/op
WorkloadActual   8: 131072 op, 654048900.00 ns, 4.9900 us/op
WorkloadActual   9: 131072 op, 571865500.00 ns, 4.3630 us/op
WorkloadActual  10: 131072 op, 569927400.00 ns, 4.3482 us/op
WorkloadActual  11: 131072 op, 565893800.00 ns, 4.3174 us/op
WorkloadActual  12: 131072 op, 570456200.00 ns, 4.3522 us/op
WorkloadActual  13: 131072 op, 570643200.00 ns, 4.3537 us/op
WorkloadActual  14: 131072 op, 566619000.00 ns, 4.3230 us/op
WorkloadActual  15: 131072 op, 569883900.00 ns, 4.3479 us/op

// AfterActualRun
WorkloadResult   1: 131072 op, 566134300.00 ns, 4.3193 us/op
WorkloadResult   2: 131072 op, 566443100.00 ns, 4.3216 us/op
WorkloadResult   3: 131072 op, 566680000.00 ns, 4.3234 us/op
WorkloadResult   4: 131072 op, 562211400.00 ns, 4.2893 us/op
WorkloadResult   5: 131072 op, 564549900.00 ns, 4.3072 us/op
WorkloadResult   6: 131072 op, 565973800.00 ns, 4.3180 us/op
WorkloadResult   7: 131072 op, 560813700.00 ns, 4.2787 us/op
WorkloadResult   8: 131072 op, 571495400.00 ns, 4.3602 us/op
WorkloadResult   9: 131072 op, 569557300.00 ns, 4.3454 us/op
WorkloadResult  10: 131072 op, 565523700.00 ns, 4.3146 us/op
WorkloadResult  11: 131072 op, 570086100.00 ns, 4.3494 us/op
WorkloadResult  12: 131072 op, 570273100.00 ns, 4.3508 us/op
WorkloadResult  13: 131072 op, 566248900.00 ns, 4.3201 us/op
WorkloadResult  14: 131072 op, 569513800.00 ns, 4.3450 us/op
// GC:  119 3 0 2257617728 131072
// Threading:  0 0 131072

// AfterAll
// Benchmark Process 716 has exited with code 0.

Mean = 4.325 μs, StdErr = 0.006 μs (0.15%), N = 14, StdDev = 0.024 μs
Min = 4.279 μs, Q1 = 4.315 μs, Median = 4.321 μs, Q3 = 4.345 μs, Max = 4.360 μs
IQR = 0.030 μs, LowerFence = 4.271 μs, UpperFence = 4.390 μs
ConfidenceInterval = [4.298 μs; 4.351 μs] (CI 99.9%), Margin = 0.027 μs (0.62% of Mean)
Skewness = -0.27, Kurtosis = 2.03, MValue = 2

// ** Remained 45 (80,4 %) benchmark(s) to run. Estimated finish 2026-02-08 15:30 (0h 14m from now) **
Setup power plan (GUID: 8c5e7fda-e8bf-4a96-9a85-a6e23a8c635c FriendlyName: Visoka učinkovitost delovanja)
// **************************
// Benchmark: Benchmarks.StringBuilderWithInterpolatedAppends: .NET 8.0(Runtime=.NET 8.0) [Model=EnormousModel]
// *** Execute ***
// Launch: 1 / 1
// Execute: dotnet "ObjectSerialization-.NET 8.0-2.dll" --anonymousPipes 1296 1420 --benchmarkName "ObjectSerialization.Benchmarks.StringBuilderWithInterpolatedAppends(Model: \"EnormousModel\")" --job ".NET 8.0" --benchmarkId 4 in C:\Users\Arnecic\Documents\documents\Programming\benchmark-cs\Benchmarks\ObjectSerialization\bin\Release\net10.0\ObjectSerialization-.NET 8.0-2\bin\Release\net8.0
// BeforeAnythingElse

// Benchmark Process Environment Information:
// BenchmarkDotNet v0.15.8
// Runtime=.NET 8.0.23 (8.0.23, 8.0.2325.60607), X64 RyuJIT x86-64-v3
// GC=Concurrent Workstation
// HardwareIntrinsics=AVX2+BMI1+BMI2+F16C+FMA+LZCNT+MOVBE,AVX,SSE3+SSSE3+SSE4.1+SSE4.2+POPCNT,X86Base+SSE+SSE2,AES+PCLMUL,AvxVnni,SERIALIZE VectorSize=256
// Job: .NET 8.0

OverheadJitting  1: 1 op, 87800.00 ns, 87.8000 us/op
WorkloadJitting  1: 1 op, 5802900.00 ns, 5.8029 ms/op

OverheadJitting  2: 16 op, 236600.00 ns, 14.7875 us/op
WorkloadJitting  2: 16 op, 499700.00 ns, 31.2313 us/op

WorkloadPilot    1: 16 op, 190200.00 ns, 11.8875 us/op
WorkloadPilot    2: 32 op, 435500.00 ns, 13.6094 us/op
WorkloadPilot    3: 64 op, 935500.00 ns, 14.6172 us/op
WorkloadPilot    4: 128 op, 1907400.00 ns, 14.9016 us/op
WorkloadPilot    5: 256 op, 3626400.00 ns, 14.1656 us/op
WorkloadPilot    6: 512 op, 7149800.00 ns, 13.9645 us/op
WorkloadPilot    7: 1024 op, 14388300.00 ns, 14.0511 us/op
WorkloadPilot    8: 2048 op, 24758000.00 ns, 12.0889 us/op
WorkloadPilot    9: 4096 op, 45470300.00 ns, 11.1011 us/op
WorkloadPilot   10: 8192 op, 115040300.00 ns, 14.0430 us/op
WorkloadPilot   11: 16384 op, 277661300.00 ns, 16.9471 us/op
WorkloadPilot   12: 32768 op, 170740500.00 ns, 5.2106 us/op
WorkloadPilot   13: 65536 op, 291262600.00 ns, 4.4443 us/op
WorkloadPilot   14: 131072 op, 584622500.00 ns, 4.4603 us/op

OverheadWarmup   1: 131072 op, 368300.00 ns, 2.8099 ns/op
OverheadWarmup   2: 131072 op, 377300.00 ns, 2.8786 ns/op
OverheadWarmup   3: 131072 op, 368200.00 ns, 2.8091 ns/op
OverheadWarmup   4: 131072 op, 362200.00 ns, 2.7634 ns/op
OverheadWarmup   5: 131072 op, 362300.00 ns, 2.7641 ns/op
OverheadWarmup   6: 131072 op, 360300.00 ns, 2.7489 ns/op

OverheadActual   1: 131072 op, 369100.00 ns, 2.8160 ns/op
OverheadActual   2: 131072 op, 363700.00 ns, 2.7748 ns/op
OverheadActual   3: 131072 op, 365100.00 ns, 2.7855 ns/op
OverheadActual   4: 131072 op, 345700.00 ns, 2.6375 ns/op
OverheadActual   5: 131072 op, 347200.00 ns, 2.6489 ns/op
OverheadActual   6: 131072 op, 366300.00 ns, 2.7946 ns/op
OverheadActual   7: 131072 op, 366100.00 ns, 2.7931 ns/op
OverheadActual   8: 131072 op, 355500.00 ns, 2.7122 ns/op
OverheadActual   9: 131072 op, 343000.00 ns, 2.6169 ns/op
OverheadActual  10: 131072 op, 346100.00 ns, 2.6405 ns/op
OverheadActual  11: 131072 op, 351300.00 ns, 2.6802 ns/op
OverheadActual  12: 131072 op, 345800.00 ns, 2.6382 ns/op
OverheadActual  13: 131072 op, 361900.00 ns, 2.7611 ns/op
OverheadActual  14: 131072 op, 352800.00 ns, 2.6917 ns/op
OverheadActual  15: 131072 op, 345800.00 ns, 2.6382 ns/op

WorkloadWarmup   1: 131072 op, 590836400.00 ns, 4.5077 us/op
WorkloadWarmup   2: 131072 op, 584986600.00 ns, 4.4631 us/op
WorkloadWarmup   3: 131072 op, 580941100.00 ns, 4.4322 us/op
WorkloadWarmup   4: 131072 op, 583617500.00 ns, 4.4526 us/op
WorkloadWarmup   5: 131072 op, 580955300.00 ns, 4.4323 us/op
WorkloadWarmup   6: 131072 op, 579939900.00 ns, 4.4246 us/op
WorkloadWarmup   7: 131072 op, 583518500.00 ns, 4.4519 us/op
WorkloadWarmup   8: 131072 op, 584180100.00 ns, 4.4569 us/op
WorkloadWarmup   9: 131072 op, 575098500.00 ns, 4.3877 us/op

// BeforeActualRun
WorkloadActual   1: 131072 op, 578755300.00 ns, 4.4156 us/op
WorkloadActual   2: 131072 op, 578852300.00 ns, 4.4163 us/op
WorkloadActual   3: 131072 op, 578545600.00 ns, 4.4140 us/op
WorkloadActual   4: 131072 op, 578362400.00 ns, 4.4126 us/op
WorkloadActual   5: 131072 op, 577834600.00 ns, 4.4085 us/op
WorkloadActual   6: 131072 op, 580262600.00 ns, 4.4271 us/op
WorkloadActual   7: 131072 op, 577782400.00 ns, 4.4081 us/op
WorkloadActual   8: 131072 op, 579082900.00 ns, 4.4181 us/op
WorkloadActual   9: 131072 op, 578790200.00 ns, 4.4158 us/op
WorkloadActual  10: 131072 op, 580989600.00 ns, 4.4326 us/op
WorkloadActual  11: 131072 op, 581947900.00 ns, 4.4399 us/op
WorkloadActual  12: 131072 op, 574227700.00 ns, 4.3810 us/op
WorkloadActual  13: 131072 op, 579732600.00 ns, 4.4230 us/op
WorkloadActual  14: 131072 op, 574886000.00 ns, 4.3860 us/op
WorkloadActual  15: 131072 op, 582137000.00 ns, 4.4414 us/op

// AfterActualRun
WorkloadResult   1: 131072 op, 578402500.00 ns, 4.4129 us/op
WorkloadResult   2: 131072 op, 578499500.00 ns, 4.4136 us/op
WorkloadResult   3: 131072 op, 578192800.00 ns, 4.4113 us/op
WorkloadResult   4: 131072 op, 578009600.00 ns, 4.4099 us/op
WorkloadResult   5: 131072 op, 577481800.00 ns, 4.4058 us/op
WorkloadResult   6: 131072 op, 579909800.00 ns, 4.4244 us/op
WorkloadResult   7: 131072 op, 577429600.00 ns, 4.4054 us/op
WorkloadResult   8: 131072 op, 578730100.00 ns, 4.4154 us/op
WorkloadResult   9: 131072 op, 578437400.00 ns, 4.4131 us/op
WorkloadResult  10: 131072 op, 580636800.00 ns, 4.4299 us/op
WorkloadResult  11: 131072 op, 581595100.00 ns, 4.4372 us/op
WorkloadResult  12: 131072 op, 573874900.00 ns, 4.3783 us/op
WorkloadResult  13: 131072 op, 579379800.00 ns, 4.4203 us/op
WorkloadResult  14: 131072 op, 574533200.00 ns, 4.3833 us/op
WorkloadResult  15: 131072 op, 581784200.00 ns, 4.4387 us/op
// GC:  100 3 0 1890610808 131072
// Threading:  0 0 131072

// AfterAll
// Benchmark Process 20828 has exited with code 0.

Mean = 4.413 μs, StdErr = 0.004 μs (0.10%), N = 15, StdDev = 0.017 μs
Min = 4.378 μs, Q1 = 4.408 μs, Median = 4.413 μs, Q3 = 4.422 μs, Max = 4.439 μs
IQR = 0.014 μs, LowerFence = 4.386 μs, UpperFence = 4.444 μs
ConfidenceInterval = [4.395 μs; 4.431 μs] (CI 99.9%), Margin = 0.018 μs (0.41% of Mean)
Skewness = -0.49, Kurtosis = 2.67, MValue = 2

// ** Remained 44 (78,6 %) benchmark(s) to run. Estimated finish 2026-02-08 15:30 (0h 14m from now) **
Setup power plan (GUID: 8c5e7fda-e8bf-4a96-9a85-a6e23a8c635c FriendlyName: Visoka učinkovitost delovanja)
// **************************
// Benchmark: Benchmarks.StringBuilderWithAppendsAndPresetCapacity: .NET 8.0(Runtime=.NET 8.0) [Model=EnormousModel]
// *** Execute ***
// Launch: 1 / 1
// Execute: dotnet "ObjectSerialization-.NET 8.0-2.dll" --anonymousPipes 1260 1252 --benchmarkName "ObjectSerialization.Benchmarks.StringBuilderWithAppendsAndPresetCapacity(Model: \"EnormousModel\")" --job ".NET 8.0" --benchmarkId 5 in C:\Users\Arnecic\Documents\documents\Programming\benchmark-cs\Benchmarks\ObjectSerialization\bin\Release\net10.0\ObjectSerialization-.NET 8.0-2\bin\Release\net8.0
// BeforeAnythingElse

// Benchmark Process Environment Information:
// BenchmarkDotNet v0.15.8
// Runtime=.NET 8.0.23 (8.0.23, 8.0.2325.60607), X64 RyuJIT x86-64-v3
// GC=Concurrent Workstation
// HardwareIntrinsics=AVX2+BMI1+BMI2+F16C+FMA+LZCNT+MOVBE,AVX,SSE3+SSSE3+SSE4.1+SSE4.2+POPCNT,X86Base+SSE+SSE2,AES+PCLMUL,AvxVnni,SERIALIZE VectorSize=256
// Job: .NET 8.0

OverheadJitting  1: 1 op, 86900.00 ns, 86.9000 us/op
WorkloadJitting  1: 1 op, 5447800.00 ns, 5.4478 ms/op

OverheadJitting  2: 16 op, 225700.00 ns, 14.1063 us/op
WorkloadJitting  2: 16 op, 516900.00 ns, 32.3063 us/op

WorkloadPilot    1: 16 op, 181200.00 ns, 11.3250 us/op
WorkloadPilot    2: 32 op, 438200.00 ns, 13.6938 us/op
WorkloadPilot    3: 64 op, 1297700.00 ns, 20.2766 us/op
WorkloadPilot    4: 128 op, 2221700.00 ns, 17.3570 us/op
WorkloadPilot    5: 256 op, 3986300.00 ns, 15.5715 us/op
WorkloadPilot    6: 512 op, 7304500.00 ns, 14.2666 us/op
WorkloadPilot    7: 1024 op, 15374500.00 ns, 15.0142 us/op
WorkloadPilot    8: 2048 op, 23382800.00 ns, 11.4174 us/op
WorkloadPilot    9: 4096 op, 43569700.00 ns, 10.6371 us/op
WorkloadPilot   10: 8192 op, 110275100.00 ns, 13.4613 us/op
WorkloadPilot   11: 16384 op, 270866100.00 ns, 16.5324 us/op
WorkloadPilot   12: 32768 op, 166790700.00 ns, 5.0900 us/op
WorkloadPilot   13: 65536 op, 294199700.00 ns, 4.4891 us/op
WorkloadPilot   14: 131072 op, 581544400.00 ns, 4.4368 us/op

OverheadWarmup   1: 131072 op, 384700.00 ns, 2.9350 ns/op
OverheadWarmup   2: 131072 op, 355700.00 ns, 2.7138 ns/op
OverheadWarmup   3: 131072 op, 360300.00 ns, 2.7489 ns/op
OverheadWarmup   4: 131072 op, 351900.00 ns, 2.6848 ns/op
OverheadWarmup   5: 131072 op, 353100.00 ns, 2.6939 ns/op
OverheadWarmup   6: 131072 op, 352700.00 ns, 2.6909 ns/op

OverheadActual   1: 131072 op, 352800.00 ns, 2.6917 ns/op
OverheadActual   2: 131072 op, 364400.00 ns, 2.7802 ns/op
OverheadActual   3: 131072 op, 360000.00 ns, 2.7466 ns/op
OverheadActual   4: 131072 op, 357800.00 ns, 2.7298 ns/op
OverheadActual   5: 131072 op, 356900.00 ns, 2.7229 ns/op
OverheadActual   6: 131072 op, 358600.00 ns, 2.7359 ns/op
OverheadActual   7: 131072 op, 436600.00 ns, 3.3310 ns/op
OverheadActual   8: 131072 op, 367600.00 ns, 2.8046 ns/op
OverheadActual   9: 131072 op, 358600.00 ns, 2.7359 ns/op
OverheadActual  10: 131072 op, 363500.00 ns, 2.7733 ns/op
OverheadActual  11: 131072 op, 367700.00 ns, 2.8053 ns/op
OverheadActual  12: 131072 op, 375600.00 ns, 2.8656 ns/op
OverheadActual  13: 131072 op, 370200.00 ns, 2.8244 ns/op
OverheadActual  14: 131072 op, 368200.00 ns, 2.8091 ns/op
OverheadActual  15: 131072 op, 375600.00 ns, 2.8656 ns/op

WorkloadWarmup   1: 131072 op, 583407300.00 ns, 4.4510 us/op
WorkloadWarmup   2: 131072 op, 574423700.00 ns, 4.3825 us/op
WorkloadWarmup   3: 131072 op, 616467600.00 ns, 4.7033 us/op
WorkloadWarmup   4: 131072 op, 614627800.00 ns, 4.6892 us/op
WorkloadWarmup   5: 131072 op, 590576900.00 ns, 4.5057 us/op
WorkloadWarmup   6: 131072 op, 578994800.00 ns, 4.4174 us/op
WorkloadWarmup   7: 131072 op, 571825300.00 ns, 4.3627 us/op
WorkloadWarmup   8: 131072 op, 572933200.00 ns, 4.3711 us/op
WorkloadWarmup   9: 131072 op, 572218400.00 ns, 4.3657 us/op

// BeforeActualRun
WorkloadActual   1: 131072 op, 574540100.00 ns, 4.3834 us/op
WorkloadActual   2: 131072 op, 572439600.00 ns, 4.3674 us/op
WorkloadActual   3: 131072 op, 610293800.00 ns, 4.6562 us/op
WorkloadActual   4: 131072 op, 620282400.00 ns, 4.7324 us/op
WorkloadActual   5: 131072 op, 569595100.00 ns, 4.3457 us/op
WorkloadActual   6: 131072 op, 571503000.00 ns, 4.3602 us/op
WorkloadActual   7: 131072 op, 571765800.00 ns, 4.3622 us/op
WorkloadActual   8: 131072 op, 575501300.00 ns, 4.3907 us/op
WorkloadActual   9: 131072 op, 576035600.00 ns, 4.3948 us/op
WorkloadActual  10: 131072 op, 569432900.00 ns, 4.3444 us/op
WorkloadActual  11: 131072 op, 573326400.00 ns, 4.3741 us/op
WorkloadActual  12: 131072 op, 576576700.00 ns, 4.3989 us/op
WorkloadActual  13: 131072 op, 572844300.00 ns, 4.3705 us/op
WorkloadActual  14: 131072 op, 573959900.00 ns, 4.3790 us/op
WorkloadActual  15: 131072 op, 571779000.00 ns, 4.3623 us/op

// AfterActualRun
WorkloadResult   1: 131072 op, 574175700.00 ns, 4.3806 us/op
WorkloadResult   2: 131072 op, 572075200.00 ns, 4.3646 us/op
WorkloadResult   3: 131072 op, 569230700.00 ns, 4.3429 us/op
WorkloadResult   4: 131072 op, 571138600.00 ns, 4.3574 us/op
WorkloadResult   5: 131072 op, 571401400.00 ns, 4.3594 us/op
WorkloadResult   6: 131072 op, 575136900.00 ns, 4.3879 us/op
WorkloadResult   7: 131072 op, 575671200.00 ns, 4.3920 us/op
WorkloadResult   8: 131072 op, 569068500.00 ns, 4.3416 us/op
WorkloadResult   9: 131072 op, 572962000.00 ns, 4.3714 us/op
WorkloadResult  10: 131072 op, 576212300.00 ns, 4.3962 us/op
WorkloadResult  11: 131072 op, 572479900.00 ns, 4.3677 us/op
WorkloadResult  12: 131072 op, 573595500.00 ns, 4.3762 us/op
WorkloadResult  13: 131072 op, 571414600.00 ns, 4.3595 us/op
// GC:  123 4 0 2314241952 131072
// Threading:  0 0 131072

// AfterAll
// Benchmark Process 7544 has exited with code 0.

Mean = 4.369 μs, StdErr = 0.005 μs (0.11%), N = 13, StdDev = 0.017 μs
Min = 4.342 μs, Q1 = 4.359 μs, Median = 4.368 μs, Q3 = 4.381 μs, Max = 4.396 μs
IQR = 0.021 μs, LowerFence = 4.328 μs, UpperFence = 4.412 μs
ConfidenceInterval = [4.348 μs; 4.390 μs] (CI 99.9%), Margin = 0.021 μs (0.47% of Mean)
Skewness = -0.02, Kurtosis = 1.75, MValue = 2

// ** Remained 43 (76,8 %) benchmark(s) to run. Estimated finish 2026-02-08 15:30 (0h 13m from now) **
Setup power plan (GUID: 8c5e7fda-e8bf-4a96-9a85-a6e23a8c635c FriendlyName: Visoka učinkovitost delovanja)
// **************************
// Benchmark: Benchmarks.StringBuilderWithInterpolatedAppendsAndPresetCapacity: .NET 8.0(Runtime=.NET 8.0) [Model=EnormousModel]
// *** Execute ***
// Launch: 1 / 1
// Execute: dotnet "ObjectSerialization-.NET 8.0-2.dll" --anonymousPipes 1412 1392 --benchmarkName "ObjectSerialization.Benchmarks.StringBuilderWithInterpolatedAppendsAndPresetCapacity(Model: \"EnormousModel\")" --job ".NET 8.0" --benchmarkId 6 in C:\Users\Arnecic\Documents\documents\Programming\benchmark-cs\Benchmarks\ObjectSerialization\bin\Release\net10.0\ObjectSerialization-.NET 8.0-2\bin\Release\net8.0
// BeforeAnythingElse

// Benchmark Process Environment Information:
// BenchmarkDotNet v0.15.8
// Runtime=.NET 8.0.23 (8.0.23, 8.0.2325.60607), X64 RyuJIT x86-64-v3
// GC=Concurrent Workstation
// HardwareIntrinsics=AVX2+BMI1+BMI2+F16C+FMA+LZCNT+MOVBE,AVX,SSE3+SSSE3+SSE4.1+SSE4.2+POPCNT,X86Base+SSE+SSE2,AES+PCLMUL,AvxVnni,SERIALIZE VectorSize=256
// Job: .NET 8.0

OverheadJitting  1: 1 op, 87200.00 ns, 87.2000 us/op
WorkloadJitting  1: 1 op, 7145000.00 ns, 7.1450 ms/op

OverheadJitting  2: 16 op, 222900.00 ns, 13.9313 us/op
WorkloadJitting  2: 16 op, 472900.00 ns, 29.5563 us/op

WorkloadPilot    1: 16 op, 191100.00 ns, 11.9438 us/op
WorkloadPilot    2: 32 op, 414800.00 ns, 12.9625 us/op
WorkloadPilot    3: 64 op, 875900.00 ns, 13.6859 us/op
WorkloadPilot    4: 128 op, 1864500.00 ns, 14.5664 us/op
WorkloadPilot    5: 256 op, 3572600.00 ns, 13.9555 us/op
WorkloadPilot    6: 512 op, 6965200.00 ns, 13.6039 us/op
WorkloadPilot    7: 1024 op, 13546800.00 ns, 13.2293 us/op
WorkloadPilot    8: 2048 op, 24130700.00 ns, 11.7826 us/op
WorkloadPilot    9: 4096 op, 45121000.00 ns, 11.0159 us/op
WorkloadPilot   10: 8192 op, 117058400.00 ns, 14.2894 us/op
WorkloadPilot   11: 16384 op, 271346800.00 ns, 16.5617 us/op
WorkloadPilot   12: 32768 op, 166191500.00 ns, 5.0718 us/op
WorkloadPilot   13: 65536 op, 293615400.00 ns, 4.4802 us/op
WorkloadPilot   14: 131072 op, 565005900.00 ns, 4.3107 us/op

OverheadWarmup   1: 131072 op, 380100.00 ns, 2.8999 ns/op
OverheadWarmup   2: 131072 op, 372600.00 ns, 2.8427 ns/op
OverheadWarmup   3: 131072 op, 363000.00 ns, 2.7695 ns/op
OverheadWarmup   4: 131072 op, 362200.00 ns, 2.7634 ns/op
OverheadWarmup   5: 131072 op, 345900.00 ns, 2.6390 ns/op
OverheadWarmup   6: 131072 op, 354500.00 ns, 2.7046 ns/op
OverheadWarmup   7: 131072 op, 349900.00 ns, 2.6695 ns/op
OverheadWarmup   8: 131072 op, 351500.00 ns, 2.6817 ns/op
OverheadWarmup   9: 131072 op, 343000.00 ns, 2.6169 ns/op

OverheadActual   1: 131072 op, 365700.00 ns, 2.7901 ns/op
OverheadActual   2: 131072 op, 362500.00 ns, 2.7657 ns/op
OverheadActual   3: 131072 op, 362600.00 ns, 2.7664 ns/op
OverheadActual   4: 131072 op, 351300.00 ns, 2.6802 ns/op
OverheadActual   5: 131072 op, 365100.00 ns, 2.7855 ns/op
OverheadActual   6: 131072 op, 387900.00 ns, 2.9594 ns/op
OverheadActual   7: 131072 op, 358000.00 ns, 2.7313 ns/op
OverheadActual   8: 131072 op, 362600.00 ns, 2.7664 ns/op
OverheadActual   9: 131072 op, 365900.00 ns, 2.7916 ns/op
OverheadActual  10: 131072 op, 381500.00 ns, 2.9106 ns/op
OverheadActual  11: 131072 op, 377300.00 ns, 2.8786 ns/op
OverheadActual  12: 131072 op, 369400.00 ns, 2.8183 ns/op
OverheadActual  13: 131072 op, 374200.00 ns, 2.8549 ns/op
OverheadActual  14: 131072 op, 363900.00 ns, 2.7763 ns/op
OverheadActual  15: 131072 op, 369600.00 ns, 2.8198 ns/op

WorkloadWarmup   1: 131072 op, 568067800.00 ns, 4.3340 us/op
WorkloadWarmup   2: 131072 op, 565376000.00 ns, 4.3135 us/op
WorkloadWarmup   3: 131072 op, 571993900.00 ns, 4.3640 us/op
WorkloadWarmup   4: 131072 op, 563297400.00 ns, 4.2976 us/op
WorkloadWarmup   5: 131072 op, 563236700.00 ns, 4.2972 us/op
WorkloadWarmup   6: 131072 op, 563701200.00 ns, 4.3007 us/op
WorkloadWarmup   7: 131072 op, 560483600.00 ns, 4.2762 us/op

// BeforeActualRun
WorkloadActual   1: 131072 op, 555620700.00 ns, 4.2390 us/op
WorkloadActual   2: 131072 op, 566277600.00 ns, 4.3204 us/op
WorkloadActual   3: 131072 op, 567595400.00 ns, 4.3304 us/op
WorkloadActual   4: 131072 op, 560495400.00 ns, 4.2762 us/op
WorkloadActual   5: 131072 op, 562285200.00 ns, 4.2899 us/op
WorkloadActual   6: 131072 op, 554190400.00 ns, 4.2281 us/op
WorkloadActual   7: 131072 op, 565522300.00 ns, 4.3146 us/op
WorkloadActual   8: 131072 op, 565444100.00 ns, 4.3140 us/op
WorkloadActual   9: 131072 op, 560009000.00 ns, 4.2725 us/op
WorkloadActual  10: 131072 op, 558519300.00 ns, 4.2612 us/op
WorkloadActual  11: 131072 op, 563716900.00 ns, 4.3008 us/op
WorkloadActual  12: 131072 op, 566942800.00 ns, 4.3254 us/op
WorkloadActual  13: 131072 op, 561384400.00 ns, 4.2830 us/op
WorkloadActual  14: 131072 op, 569373000.00 ns, 4.3440 us/op
WorkloadActual  15: 131072 op, 565609700.00 ns, 4.3153 us/op

// AfterActualRun
WorkloadResult   1: 131072 op, 555255000.00 ns, 4.2363 us/op
WorkloadResult   2: 131072 op, 565911900.00 ns, 4.3176 us/op
WorkloadResult   3: 131072 op, 567229700.00 ns, 4.3276 us/op
WorkloadResult   4: 131072 op, 560129700.00 ns, 4.2735 us/op
WorkloadResult   5: 131072 op, 561919500.00 ns, 4.2871 us/op
WorkloadResult   6: 131072 op, 553824700.00 ns, 4.2253 us/op
WorkloadResult   7: 131072 op, 565156600.00 ns, 4.3118 us/op
WorkloadResult   8: 131072 op, 565078400.00 ns, 4.3112 us/op
WorkloadResult   9: 131072 op, 559643300.00 ns, 4.2697 us/op
WorkloadResult  10: 131072 op, 558153600.00 ns, 4.2584 us/op
WorkloadResult  11: 131072 op, 563351200.00 ns, 4.2980 us/op
WorkloadResult  12: 131072 op, 566577100.00 ns, 4.3226 us/op
WorkloadResult  13: 131072 op, 561018700.00 ns, 4.2802 us/op
WorkloadResult  14: 131072 op, 569007300.00 ns, 4.3412 us/op
WorkloadResult  15: 131072 op, 565244000.00 ns, 4.3125 us/op
// GC:  103 3 0 1946186176 131072
// Threading:  0 0 131072

// AfterAll
// Benchmark Process 25660 has exited with code 0.

Mean = 4.292 μs, StdErr = 0.009 μs (0.20%), N = 15, StdDev = 0.034 μs
Min = 4.225 μs, Q1 = 4.272 μs, Median = 4.298 μs, Q3 = 4.315 μs, Max = 4.341 μs
IQR = 0.043 μs, LowerFence = 4.206 μs, UpperFence = 4.380 μs
ConfidenceInterval = [4.255 μs; 4.328 μs] (CI 99.9%), Margin = 0.036 μs (0.85% of Mean)
Skewness = -0.46, Kurtosis = 1.99, MValue = 2

// ** Remained 42 (75,0 %) benchmark(s) to run. Estimated finish 2026-02-08 15:30 (0h 13m from now) **
Setup power plan (GUID: 8c5e7fda-e8bf-4a96-9a85-a6e23a8c635c FriendlyName: Visoka učinkovitost delovanja)
// **************************
// Benchmark: Benchmarks.Json: .NET 10.0(Runtime=.NET 10.0) [Model=LargeModel]
// *** Execute ***
// Launch: 1 / 1
// Execute: dotnet "ObjectSerialization-.NET 10.0-1.dll" --anonymousPipes 1392 2076 --benchmarkName "ObjectSerialization.Benchmarks.Json(Model: \"LargeModel\")" --job ".NET 10.0" --benchmarkId 7 in C:\Users\Arnecic\Documents\documents\Programming\benchmark-cs\Benchmarks\ObjectSerialization\bin\Release\net10.0\ObjectSerialization-.NET 10.0-1\bin\Release\net10.0
// BeforeAnythingElse

// Benchmark Process Environment Information:
// BenchmarkDotNet v0.15.8
// Runtime=.NET 10.0.2 (10.0.2, 10.0.225.61305), X64 RyuJIT x86-64-v3
// GC=Concurrent Workstation
// HardwareIntrinsics=AVX2+BMI1+BMI2+F16C+FMA+LZCNT+MOVBE,AVX,SSE3+SSSE3+SSE4.1+SSE4.2+POPCNT,X86Base+SSE+SSE2,AES+PCLMUL,AvxVnni,SERIALIZE VectorSize=256
// Job: .NET 10.0

OverheadJitting  1: 1 op, 110900.00 ns, 110.9000 us/op
WorkloadJitting  1: 1 op, 19886900.00 ns, 19.8869 ms/op

OverheadJitting  2: 16 op, 233900.00 ns, 14.6188 us/op
WorkloadJitting  2: 16 op, 358300.00 ns, 22.3938 us/op

WorkloadPilot    1: 16 op, 76300.00 ns, 4.7688 us/op
WorkloadPilot    2: 32 op, 151200.00 ns, 4.7250 us/op
WorkloadPilot    3: 64 op, 402000.00 ns, 6.2813 us/op
WorkloadPilot    4: 128 op, 611300.00 ns, 4.7758 us/op
WorkloadPilot    5: 256 op, 1197800.00 ns, 4.6789 us/op
WorkloadPilot    6: 512 op, 2582900.00 ns, 5.0447 us/op
WorkloadPilot    7: 1024 op, 4825500.00 ns, 4.7124 us/op
WorkloadPilot    8: 2048 op, 10632800.00 ns, 5.1918 us/op
WorkloadPilot    9: 4096 op, 19163200.00 ns, 4.6785 us/op
WorkloadPilot   10: 8192 op, 34337200.00 ns, 4.1916 us/op
WorkloadPilot   11: 16384 op, 73390100.00 ns, 4.4794 us/op
WorkloadPilot   12: 32768 op, 159350600.00 ns, 4.8630 us/op
WorkloadPilot   13: 65536 op, 241766000.00 ns, 3.6891 us/op
WorkloadPilot   14: 131072 op, 139035500.00 ns, 1.0608 us/op
WorkloadPilot   15: 262144 op, 271070600.00 ns, 1.0341 us/op
WorkloadPilot   16: 524288 op, 536942500.00 ns, 1.0241 us/op

OverheadWarmup   1: 524288 op, 1414600.00 ns, 2.6981 ns/op
OverheadWarmup   2: 524288 op, 1403600.00 ns, 2.6772 ns/op
OverheadWarmup   3: 524288 op, 1615700.00 ns, 3.0817 ns/op
OverheadWarmup   4: 524288 op, 1499900.00 ns, 2.8608 ns/op
OverheadWarmup   5: 524288 op, 1423200.00 ns, 2.7145 ns/op
OverheadWarmup   6: 524288 op, 1375500.00 ns, 2.6236 ns/op
OverheadWarmup   7: 524288 op, 1435600.00 ns, 2.7382 ns/op
OverheadWarmup   8: 524288 op, 1527700.00 ns, 2.9139 ns/op
OverheadWarmup   9: 524288 op, 1460300.00 ns, 2.7853 ns/op

OverheadActual   1: 524288 op, 1476300.00 ns, 2.8158 ns/op
OverheadActual   2: 524288 op, 1499400.00 ns, 2.8599 ns/op
OverheadActual   3: 524288 op, 1504700.00 ns, 2.8700 ns/op
OverheadActual   4: 524288 op, 1454100.00 ns, 2.7735 ns/op
OverheadActual   5: 524288 op, 1465200.00 ns, 2.7946 ns/op
OverheadActual   6: 524288 op, 1447800.00 ns, 2.7615 ns/op
OverheadActual   7: 524288 op, 1470800.00 ns, 2.8053 ns/op
OverheadActual   8: 524288 op, 1448600.00 ns, 2.7630 ns/op
OverheadActual   9: 524288 op, 1447300.00 ns, 2.7605 ns/op
OverheadActual  10: 524288 op, 1487500.00 ns, 2.8372 ns/op
OverheadActual  11: 524288 op, 1461800.00 ns, 2.7882 ns/op
OverheadActual  12: 524288 op, 1487500.00 ns, 2.8372 ns/op
OverheadActual  13: 524288 op, 1466300.00 ns, 2.7967 ns/op
OverheadActual  14: 524288 op, 1470200.00 ns, 2.8042 ns/op
OverheadActual  15: 524288 op, 1492400.00 ns, 2.8465 ns/op

WorkloadWarmup   1: 524288 op, 537881500.00 ns, 1.0259 us/op
WorkloadWarmup   2: 524288 op, 521079400.00 ns, 993.8801 ns/op
WorkloadWarmup   3: 524288 op, 524658100.00 ns, 1.0007 us/op
WorkloadWarmup   4: 524288 op, 525041300.00 ns, 1.0014 us/op
WorkloadWarmup   5: 524288 op, 522119100.00 ns, 995.8632 ns/op
WorkloadWarmup   6: 524288 op, 521301900.00 ns, 994.3045 ns/op
WorkloadWarmup   7: 524288 op, 520752500.00 ns, 993.2566 ns/op
WorkloadWarmup   8: 524288 op, 520901300.00 ns, 993.5404 ns/op
WorkloadWarmup   9: 524288 op, 519172700.00 ns, 990.2433 ns/op

// BeforeActualRun
WorkloadActual   1: 524288 op, 524969200.00 ns, 1.0013 us/op
WorkloadActual   2: 524288 op, 526796800.00 ns, 1.0048 us/op
WorkloadActual   3: 524288 op, 633410300.00 ns, 1.2081 us/op
WorkloadActual   4: 524288 op, 538401200.00 ns, 1.0269 us/op
WorkloadActual   5: 524288 op, 523065900.00 ns, 997.6690 ns/op
WorkloadActual   6: 524288 op, 523402600.00 ns, 998.3112 ns/op
WorkloadActual   7: 524288 op, 523222400.00 ns, 997.9675 ns/op
WorkloadActual   8: 524288 op, 525926300.00 ns, 1.0031 us/op
WorkloadActual   9: 524288 op, 527339400.00 ns, 1.0058 us/op
WorkloadActual  10: 524288 op, 529594000.00 ns, 1.0101 us/op
WorkloadActual  11: 524288 op, 523809300.00 ns, 999.0870 ns/op
WorkloadActual  12: 524288 op, 523558400.00 ns, 998.6084 ns/op
WorkloadActual  13: 524288 op, 522285700.00 ns, 996.1809 ns/op
WorkloadActual  14: 524288 op, 525037100.00 ns, 1.0014 us/op
WorkloadActual  15: 524288 op, 532975300.00 ns, 1.0166 us/op

// AfterActualRun
WorkloadResult   1: 524288 op, 523499000.00 ns, 998.4951 ns/op
WorkloadResult   2: 524288 op, 525326600.00 ns, 1.0020 us/op
WorkloadResult   3: 524288 op, 521595700.00 ns, 994.8648 ns/op
WorkloadResult   4: 524288 op, 521932400.00 ns, 995.5070 ns/op
WorkloadResult   5: 524288 op, 521752200.00 ns, 995.1633 ns/op
WorkloadResult   6: 524288 op, 524456100.00 ns, 1.0003 us/op
WorkloadResult   7: 524288 op, 525869200.00 ns, 1.0030 us/op
WorkloadResult   8: 524288 op, 528123800.00 ns, 1.0073 us/op
WorkloadResult   9: 524288 op, 522339100.00 ns, 996.2828 ns/op
WorkloadResult  10: 524288 op, 522088200.00 ns, 995.8042 ns/op
WorkloadResult  11: 524288 op, 520815500.00 ns, 993.3767 ns/op
WorkloadResult  12: 524288 op, 523566900.00 ns, 998.6246 ns/op
WorkloadResult  13: 524288 op, 531505100.00 ns, 1.0138 us/op
// GC:  99 0 0 1874853888 524288
// Threading:  0 0 524288

// AfterAll
// Benchmark Process 26440 has exited with code 0.

Mean = 999.578 ns, StdErr = 1.608 ns (0.16%), N = 13, StdDev = 5.797 ns
Min = 993.377 ns, Q1 = 995.507 ns, Median = 998.495 ns, Q3 = 1,001.981 ns, Max = 1,013.766 ns
IQR = 6.474 ns, LowerFence = 985.796 ns, UpperFence = 1,011.692 ns
ConfidenceInterval = [992.636 ns; 1,006.520 ns] (CI 99.9%), Margin = 6.942 ns (0.69% of Mean)
Skewness = 1.1, Kurtosis = 3.22, MValue = 2

// ** Remained 41 (73,2 %) benchmark(s) to run. Estimated finish 2026-02-08 15:29 (0h 12m from now) **
Setup power plan (GUID: 8c5e7fda-e8bf-4a96-9a85-a6e23a8c635c FriendlyName: Visoka učinkovitost delovanja)
// **************************
// Benchmark: Benchmarks.SplitStringInterpolation: .NET 10.0(Runtime=.NET 10.0) [Model=LargeModel]
// *** Execute ***
// Launch: 1 / 1
// Execute: dotnet "ObjectSerialization-.NET 10.0-1.dll" --anonymousPipes 1388 1248 --benchmarkName "ObjectSerialization.Benchmarks.SplitStringInterpolation(Model: \"LargeModel\")" --job ".NET 10.0" --benchmarkId 8 in C:\Users\Arnecic\Documents\documents\Programming\benchmark-cs\Benchmarks\ObjectSerialization\bin\Release\net10.0\ObjectSerialization-.NET 10.0-1\bin\Release\net10.0
// BeforeAnythingElse

// Benchmark Process Environment Information:
// BenchmarkDotNet v0.15.8
// Runtime=.NET 10.0.2 (10.0.2, 10.0.225.61305), X64 RyuJIT x86-64-v3
// GC=Concurrent Workstation
// HardwareIntrinsics=AVX2+BMI1+BMI2+F16C+FMA+LZCNT+MOVBE,AVX,SSE3+SSSE3+SSE4.1+SSE4.2+POPCNT,X86Base+SSE+SSE2,AES+PCLMUL,AvxVnni,SERIALIZE VectorSize=256
// Job: .NET 10.0

OverheadJitting  1: 1 op, 96600.00 ns, 96.6000 us/op
WorkloadJitting  1: 1 op, 3257100.00 ns, 3.2571 ms/op

OverheadJitting  2: 16 op, 236000.00 ns, 14.7500 us/op
WorkloadJitting  2: 16 op, 298900.00 ns, 18.6813 us/op

WorkloadPilot    1: 16 op, 90500.00 ns, 5.6563 us/op
WorkloadPilot    2: 32 op, 141900.00 ns, 4.4344 us/op
WorkloadPilot    3: 64 op, 229100.00 ns, 3.5797 us/op
WorkloadPilot    4: 128 op, 397400.00 ns, 3.1047 us/op
WorkloadPilot    5: 256 op, 810900.00 ns, 3.1676 us/op
WorkloadPilot    6: 512 op, 1687300.00 ns, 3.2955 us/op
WorkloadPilot    7: 1024 op, 3509800.00 ns, 3.4275 us/op
WorkloadPilot    8: 2048 op, 6616600.00 ns, 3.2308 us/op
WorkloadPilot    9: 4096 op, 13549000.00 ns, 3.3079 us/op
WorkloadPilot   10: 8192 op, 24520400.00 ns, 2.9932 us/op
WorkloadPilot   11: 16384 op, 42035400.00 ns, 2.5656 us/op
WorkloadPilot   12: 32768 op, 100992100.00 ns, 3.0820 us/op
WorkloadPilot   13: 65536 op, 302885900.00 ns, 4.6217 us/op
WorkloadPilot   14: 131072 op, 333501400.00 ns, 2.5444 us/op
WorkloadPilot   15: 262144 op, 306654700.00 ns, 1.1698 us/op
WorkloadPilot   16: 524288 op, 612212100.00 ns, 1.1677 us/op

OverheadWarmup   1: 524288 op, 1400400.00 ns, 2.6711 ns/op
OverheadWarmup   2: 524288 op, 1476400.00 ns, 2.8160 ns/op
OverheadWarmup   3: 524288 op, 1634900.00 ns, 3.1183 ns/op
OverheadWarmup   4: 524288 op, 1490400.00 ns, 2.8427 ns/op
OverheadWarmup   5: 524288 op, 1418100.00 ns, 2.7048 ns/op
OverheadWarmup   6: 524288 op, 1520100.00 ns, 2.8994 ns/op
OverheadWarmup   7: 524288 op, 1432100.00 ns, 2.7315 ns/op

OverheadActual   1: 524288 op, 1475300.00 ns, 2.8139 ns/op
OverheadActual   2: 524288 op, 1482800.00 ns, 2.8282 ns/op
OverheadActual   3: 524288 op, 1492500.00 ns, 2.8467 ns/op
OverheadActual   4: 524288 op, 1505800.00 ns, 2.8721 ns/op
OverheadActual   5: 524288 op, 1474800.00 ns, 2.8130 ns/op
OverheadActual   6: 524288 op, 1902500.00 ns, 3.6287 ns/op
OverheadActual   7: 524288 op, 1444200.00 ns, 2.7546 ns/op
OverheadActual   8: 524288 op, 1491400.00 ns, 2.8446 ns/op
OverheadActual   9: 524288 op, 1502700.00 ns, 2.8662 ns/op
OverheadActual  10: 524288 op, 1464400.00 ns, 2.7931 ns/op
OverheadActual  11: 524288 op, 1502900.00 ns, 2.8666 ns/op
OverheadActual  12: 524288 op, 1450500.00 ns, 2.7666 ns/op
OverheadActual  13: 524288 op, 1458400.00 ns, 2.7817 ns/op
OverheadActual  14: 524288 op, 1453700.00 ns, 2.7727 ns/op
OverheadActual  15: 524288 op, 1443000.00 ns, 2.7523 ns/op

WorkloadWarmup   1: 524288 op, 612629700.00 ns, 1.1685 us/op
WorkloadWarmup   2: 524288 op, 605771000.00 ns, 1.1554 us/op
WorkloadWarmup   3: 524288 op, 611158500.00 ns, 1.1657 us/op
WorkloadWarmup   4: 524288 op, 611218400.00 ns, 1.1658 us/op
WorkloadWarmup   5: 524288 op, 606537300.00 ns, 1.1569 us/op
WorkloadWarmup   6: 524288 op, 605708200.00 ns, 1.1553 us/op
WorkloadWarmup   7: 524288 op, 603517200.00 ns, 1.1511 us/op
WorkloadWarmup   8: 524288 op, 604070600.00 ns, 1.1522 us/op
WorkloadWarmup   9: 524288 op, 603571500.00 ns, 1.1512 us/op

// BeforeActualRun
WorkloadActual   1: 524288 op, 610560400.00 ns, 1.1646 us/op
WorkloadActual   2: 524288 op, 607842600.00 ns, 1.1594 us/op
WorkloadActual   3: 524288 op, 605035500.00 ns, 1.1540 us/op
WorkloadActual   4: 524288 op, 607261900.00 ns, 1.1583 us/op
WorkloadActual   5: 524288 op, 602570000.00 ns, 1.1493 us/op
WorkloadActual   6: 524288 op, 608679600.00 ns, 1.1610 us/op
WorkloadActual   7: 524288 op, 610137700.00 ns, 1.1637 us/op
WorkloadActual   8: 524288 op, 609201300.00 ns, 1.1620 us/op
WorkloadActual   9: 524288 op, 608027700.00 ns, 1.1597 us/op
WorkloadActual  10: 524288 op, 608712400.00 ns, 1.1610 us/op
WorkloadActual  11: 524288 op, 609795200.00 ns, 1.1631 us/op
WorkloadActual  12: 524288 op, 606675500.00 ns, 1.1571 us/op
WorkloadActual  13: 524288 op, 604917500.00 ns, 1.1538 us/op
WorkloadActual  14: 524288 op, 606448400.00 ns, 1.1567 us/op
WorkloadActual  15: 524288 op, 603880300.00 ns, 1.1518 us/op

// AfterActualRun
WorkloadResult   1: 524288 op, 609085100.00 ns, 1.1617 us/op
WorkloadResult   2: 524288 op, 606367300.00 ns, 1.1566 us/op
WorkloadResult   3: 524288 op, 603560200.00 ns, 1.1512 us/op
WorkloadResult   4: 524288 op, 605786600.00 ns, 1.1554 us/op
WorkloadResult   5: 524288 op, 601094700.00 ns, 1.1465 us/op
WorkloadResult   6: 524288 op, 607204300.00 ns, 1.1582 us/op
WorkloadResult   7: 524288 op, 608662400.00 ns, 1.1609 us/op
WorkloadResult   8: 524288 op, 607726000.00 ns, 1.1591 us/op
WorkloadResult   9: 524288 op, 606552400.00 ns, 1.1569 us/op
WorkloadResult  10: 524288 op, 607237100.00 ns, 1.1582 us/op
WorkloadResult  11: 524288 op, 608319900.00 ns, 1.1603 us/op
WorkloadResult  12: 524288 op, 605200200.00 ns, 1.1543 us/op
WorkloadResult  13: 524288 op, 603442200.00 ns, 1.1510 us/op
WorkloadResult  14: 524288 op, 604973100.00 ns, 1.1539 us/op
WorkloadResult  15: 524288 op, 602405000.00 ns, 1.1490 us/op
// GC:  77 0 0 1463834560 524288
// Threading:  0 0 524288

// AfterAll
// Benchmark Process 9036 has exited with code 0.

Mean = 1.156 μs, StdErr = 0.001 μs (0.10%), N = 15, StdDev = 0.005 μs
Min = 1.146 μs, Q1 = 1.153 μs, Median = 1.157 μs, Q3 = 1.159 μs, Max = 1.162 μs
IQR = 0.006 μs, LowerFence = 1.143 μs, UpperFence = 1.168 μs
ConfidenceInterval = [1.151 μs; 1.160 μs] (CI 99.9%), Margin = 0.005 μs (0.42% of Mean)
Skewness = -0.44, Kurtosis = 1.96, MValue = 2

// ** Remained 40 (71,4 %) benchmark(s) to run. Estimated finish 2026-02-08 15:29 (0h 12m from now) **
Setup power plan (GUID: 8c5e7fda-e8bf-4a96-9a85-a6e23a8c635c FriendlyName: Visoka učinkovitost delovanja)
// **************************
// Benchmark: Benchmarks.StringJoinDynamic: .NET 10.0(Runtime=.NET 10.0) [Model=LargeModel]
// *** Execute ***
// Launch: 1 / 1
// Execute: dotnet "ObjectSerialization-.NET 10.0-1.dll" --anonymousPipes 2100 1900 --benchmarkName "ObjectSerialization.Benchmarks.StringJoinDynamic(Model: \"LargeModel\")" --job ".NET 10.0" --benchmarkId 9 in C:\Users\Arnecic\Documents\documents\Programming\benchmark-cs\Benchmarks\ObjectSerialization\bin\Release\net10.0\ObjectSerialization-.NET 10.0-1\bin\Release\net10.0
// BeforeAnythingElse

// Benchmark Process Environment Information:
// BenchmarkDotNet v0.15.8
// Runtime=.NET 10.0.2 (10.0.2, 10.0.225.61305), X64 RyuJIT x86-64-v3
// GC=Concurrent Workstation
// HardwareIntrinsics=AVX2+BMI1+BMI2+F16C+FMA+LZCNT+MOVBE,AVX,SSE3+SSSE3+SSE4.1+SSE4.2+POPCNT,X86Base+SSE+SSE2,AES+PCLMUL,AvxVnni,SERIALIZE VectorSize=256
// Job: .NET 10.0

OverheadJitting  1: 1 op, 98200.00 ns, 98.2000 us/op
WorkloadJitting  1: 1 op, 2636500.00 ns, 2.6365 ms/op

OverheadJitting  2: 16 op, 236200.00 ns, 14.7625 us/op
WorkloadJitting  2: 16 op, 424400.00 ns, 26.5250 us/op

WorkloadPilot    1: 16 op, 89100.00 ns, 5.5688 us/op
WorkloadPilot    2: 32 op, 198100.00 ns, 6.1906 us/op
WorkloadPilot    3: 64 op, 412500.00 ns, 6.4453 us/op
WorkloadPilot    4: 128 op, 944700.00 ns, 7.3805 us/op
WorkloadPilot    5: 256 op, 1886700.00 ns, 7.3699 us/op
WorkloadPilot    6: 512 op, 3577700.00 ns, 6.9877 us/op
WorkloadPilot    7: 1024 op, 7040700.00 ns, 6.8757 us/op
WorkloadPilot    8: 2048 op, 11773400.00 ns, 5.7487 us/op
WorkloadPilot    9: 4096 op, 18474400.00 ns, 4.5104 us/op
WorkloadPilot   10: 8192 op, 36843600.00 ns, 4.4975 us/op
WorkloadPilot   11: 16384 op, 70472500.00 ns, 4.3013 us/op
WorkloadPilot   12: 32768 op, 274429600.00 ns, 8.3749 us/op
WorkloadPilot   13: 65536 op, 275183300.00 ns, 4.1990 us/op
WorkloadPilot   14: 131072 op, 246852300.00 ns, 1.8833 us/op
WorkloadPilot   15: 262144 op, 497739000.00 ns, 1.8987 us/op
WorkloadPilot   16: 524288 op, 990452500.00 ns, 1.8891 us/op

OverheadWarmup   1: 524288 op, 1412200.00 ns, 2.6936 ns/op
OverheadWarmup   2: 524288 op, 1457900.00 ns, 2.7807 ns/op
OverheadWarmup   3: 524288 op, 1442300.00 ns, 2.7510 ns/op
OverheadWarmup   4: 524288 op, 1439000.00 ns, 2.7447 ns/op
OverheadWarmup   5: 524288 op, 1392200.00 ns, 2.6554 ns/op
OverheadWarmup   6: 524288 op, 1481500.00 ns, 2.8257 ns/op
OverheadWarmup   7: 524288 op, 1392000.00 ns, 2.6550 ns/op

OverheadActual   1: 524288 op, 1387200.00 ns, 2.6459 ns/op
OverheadActual   2: 524288 op, 1386600.00 ns, 2.6447 ns/op
OverheadActual   3: 524288 op, 1395600.00 ns, 2.6619 ns/op
OverheadActual   4: 524288 op, 1466900.00 ns, 2.7979 ns/op
OverheadActual   5: 524288 op, 1403600.00 ns, 2.6772 ns/op
OverheadActual   6: 524288 op, 1853300.00 ns, 3.5349 ns/op
OverheadActual   7: 524288 op, 1390200.00 ns, 2.6516 ns/op
OverheadActual   8: 524288 op, 1386100.00 ns, 2.6438 ns/op
OverheadActual   9: 524288 op, 1408700.00 ns, 2.6869 ns/op
OverheadActual  10: 524288 op, 1396800.00 ns, 2.6642 ns/op
OverheadActual  11: 524288 op, 1378800.00 ns, 2.6299 ns/op
OverheadActual  12: 524288 op, 1405000.00 ns, 2.6798 ns/op
OverheadActual  13: 524288 op, 1428500.00 ns, 2.7246 ns/op
OverheadActual  14: 524288 op, 1398800.00 ns, 2.6680 ns/op
OverheadActual  15: 524288 op, 1390800.00 ns, 2.6527 ns/op

WorkloadWarmup   1: 524288 op, 998218500.00 ns, 1.9040 us/op
WorkloadWarmup   2: 524288 op, 996702300.00 ns, 1.9011 us/op
WorkloadWarmup   3: 524288 op, 1057752200.00 ns, 2.0175 us/op
WorkloadWarmup   4: 524288 op, 1012528800.00 ns, 1.9312 us/op
WorkloadWarmup   5: 524288 op, 1001296700.00 ns, 1.9098 us/op
WorkloadWarmup   6: 524288 op, 994394400.00 ns, 1.8967 us/op
WorkloadWarmup   7: 524288 op, 989796200.00 ns, 1.8879 us/op
WorkloadWarmup   8: 524288 op, 997830100.00 ns, 1.9032 us/op
WorkloadWarmup   9: 524288 op, 993437900.00 ns, 1.8948 us/op

// BeforeActualRun
WorkloadActual   1: 524288 op, 994161600.00 ns, 1.8962 us/op
WorkloadActual   2: 524288 op, 994253700.00 ns, 1.8964 us/op
WorkloadActual   3: 524288 op, 994457700.00 ns, 1.8968 us/op
WorkloadActual   4: 524288 op, 992400700.00 ns, 1.8929 us/op
WorkloadActual   5: 524288 op, 996214800.00 ns, 1.9001 us/op
WorkloadActual   6: 524288 op, 992404800.00 ns, 1.8929 us/op
WorkloadActual   7: 524288 op, 992078100.00 ns, 1.8922 us/op
WorkloadActual   8: 524288 op, 983076000.00 ns, 1.8751 us/op
WorkloadActual   9: 524288 op, 992080400.00 ns, 1.8922 us/op
WorkloadActual  10: 524288 op, 993813400.00 ns, 1.8955 us/op
WorkloadActual  11: 524288 op, 990199300.00 ns, 1.8887 us/op
WorkloadActual  12: 524288 op, 998088400.00 ns, 1.9037 us/op
WorkloadActual  13: 524288 op, 992231200.00 ns, 1.8925 us/op
WorkloadActual  14: 524288 op, 993952100.00 ns, 1.8958 us/op
WorkloadActual  15: 524288 op, 993837600.00 ns, 1.8956 us/op

// AfterActualRun
WorkloadResult   1: 524288 op, 992764800.00 ns, 1.8935 us/op
WorkloadResult   2: 524288 op, 992856900.00 ns, 1.8937 us/op
WorkloadResult   3: 524288 op, 993060900.00 ns, 1.8941 us/op
WorkloadResult   4: 524288 op, 991003900.00 ns, 1.8902 us/op
WorkloadResult   5: 524288 op, 994818000.00 ns, 1.8975 us/op
WorkloadResult   6: 524288 op, 991008000.00 ns, 1.8902 us/op
WorkloadResult   7: 524288 op, 990681300.00 ns, 1.8896 us/op
WorkloadResult   8: 524288 op, 981679200.00 ns, 1.8724 us/op
WorkloadResult   9: 524288 op, 990683600.00 ns, 1.8896 us/op
WorkloadResult  10: 524288 op, 992416600.00 ns, 1.8929 us/op
WorkloadResult  11: 524288 op, 988802500.00 ns, 1.8860 us/op
WorkloadResult  12: 524288 op, 990834400.00 ns, 1.8899 us/op
WorkloadResult  13: 524288 op, 992555300.00 ns, 1.8931 us/op
WorkloadResult  14: 524288 op, 992440800.00 ns, 1.8929 us/op
// GC:  337 1 0 6346079296 524288
// Threading:  0 0 524288

// AfterAll
// Benchmark Process 9668 has exited with code 0.

Mean = 1.890 μs, StdErr = 0.002 μs (0.08%), N = 14, StdDev = 0.006 μs
Min = 1.872 μs, Q1 = 1.890 μs, Median = 1.892 μs, Q3 = 1.893 μs, Max = 1.897 μs
IQR = 0.004 μs, LowerFence = 1.884 μs, UpperFence = 1.899 μs
ConfidenceInterval = [1.884 μs; 1.897 μs] (CI 99.9%), Margin = 0.007 μs (0.35% of Mean)
Skewness = -1.89, Kurtosis = 6.46, MValue = 2

// ** Remained 39 (69,6 %) benchmark(s) to run. Estimated finish 2026-02-08 15:30 (0h 12m from now) **
Setup power plan (GUID: 8c5e7fda-e8bf-4a96-9a85-a6e23a8c635c FriendlyName: Visoka učinkovitost delovanja)
// **************************
// Benchmark: Benchmarks.StringBuilderWithAppends: .NET 10.0(Runtime=.NET 10.0) [Model=LargeModel]
// *** Execute ***
// Launch: 1 / 1
// Execute: dotnet "ObjectSerialization-.NET 10.0-1.dll" --anonymousPipes 1388 1248 --benchmarkName "ObjectSerialization.Benchmarks.StringBuilderWithAppends(Model: \"LargeModel\")" --job ".NET 10.0" --benchmarkId 10 in C:\Users\Arnecic\Documents\documents\Programming\benchmark-cs\Benchmarks\ObjectSerialization\bin\Release\net10.0\ObjectSerialization-.NET 10.0-1\bin\Release\net10.0
// BeforeAnythingElse

// Benchmark Process Environment Information:
// BenchmarkDotNet v0.15.8
// Runtime=.NET 10.0.2 (10.0.2, 10.0.225.61305), X64 RyuJIT x86-64-v3
// GC=Concurrent Workstation
// HardwareIntrinsics=AVX2+BMI1+BMI2+F16C+FMA+LZCNT+MOVBE,AVX,SSE3+SSSE3+SSE4.1+SSE4.2+POPCNT,X86Base+SSE+SSE2,AES+PCLMUL,AvxVnni,SERIALIZE VectorSize=256
// Job: .NET 10.0

OverheadJitting  1: 1 op, 96800.00 ns, 96.8000 us/op
WorkloadJitting  1: 1 op, 3953600.00 ns, 3.9536 ms/op

OverheadJitting  2: 16 op, 224300.00 ns, 14.0188 us/op
WorkloadJitting  2: 16 op, 378900.00 ns, 23.6813 us/op

WorkloadPilot    1: 16 op, 131800.00 ns, 8.2375 us/op
WorkloadPilot    2: 32 op, 245900.00 ns, 7.6844 us/op
WorkloadPilot    3: 64 op, 438800.00 ns, 6.8563 us/op
WorkloadPilot    4: 128 op, 1064000.00 ns, 8.3125 us/op
WorkloadPilot    5: 256 op, 2055000.00 ns, 8.0273 us/op
WorkloadPilot    6: 512 op, 3905700.00 ns, 7.6283 us/op
WorkloadPilot    7: 1024 op, 7352300.00 ns, 7.1800 us/op
WorkloadPilot    8: 2048 op, 13457900.00 ns, 6.5712 us/op
WorkloadPilot    9: 4096 op, 23706500.00 ns, 5.7877 us/op
WorkloadPilot   10: 8192 op, 43138400.00 ns, 5.2659 us/op
WorkloadPilot   11: 16384 op, 106285300.00 ns, 6.4871 us/op
WorkloadPilot   12: 32768 op, 214397800.00 ns, 6.5429 us/op
WorkloadPilot   13: 65536 op, 126590400.00 ns, 1.9316 us/op
WorkloadPilot   14: 131072 op, 229256300.00 ns, 1.7491 us/op
WorkloadPilot   15: 262144 op, 455903700.00 ns, 1.7391 us/op
WorkloadPilot   16: 524288 op, 905703900.00 ns, 1.7275 us/op

OverheadWarmup   1: 524288 op, 1603700.00 ns, 3.0588 ns/op
OverheadWarmup   2: 524288 op, 1512300.00 ns, 2.8845 ns/op
OverheadWarmup   3: 524288 op, 1444800.00 ns, 2.7557 ns/op
OverheadWarmup   4: 524288 op, 1396400.00 ns, 2.6634 ns/op
OverheadWarmup   5: 524288 op, 1403600.00 ns, 2.6772 ns/op
OverheadWarmup   6: 524288 op, 1393400.00 ns, 2.6577 ns/op
OverheadWarmup   7: 524288 op, 1477900.00 ns, 2.8189 ns/op
OverheadWarmup   8: 524288 op, 1414200.00 ns, 2.6974 ns/op

OverheadActual   1: 524288 op, 1403300.00 ns, 2.6766 ns/op
OverheadActual   2: 524288 op, 1415700.00 ns, 2.7002 ns/op
OverheadActual   3: 524288 op, 1442800.00 ns, 2.7519 ns/op
OverheadActual   4: 524288 op, 1472700.00 ns, 2.8090 ns/op
OverheadActual   5: 524288 op, 1440900.00 ns, 2.7483 ns/op
OverheadActual   6: 524288 op, 1458700.00 ns, 2.7822 ns/op
OverheadActual   7: 524288 op, 1436100.00 ns, 2.7391 ns/op
OverheadActual   8: 524288 op, 1430700.00 ns, 2.7288 ns/op
OverheadActual   9: 524288 op, 1377700.00 ns, 2.6278 ns/op
OverheadActual  10: 524288 op, 1387800.00 ns, 2.6470 ns/op
OverheadActual  11: 524288 op, 1385700.00 ns, 2.6430 ns/op
OverheadActual  12: 524288 op, 1370900.00 ns, 2.6148 ns/op
OverheadActual  13: 524288 op, 1380300.00 ns, 2.6327 ns/op
OverheadActual  14: 524288 op, 1379900.00 ns, 2.6320 ns/op
OverheadActual  15: 524288 op, 1379600.00 ns, 2.6314 ns/op

WorkloadWarmup   1: 524288 op, 907393700.00 ns, 1.7307 us/op
WorkloadWarmup   2: 524288 op, 897698600.00 ns, 1.7122 us/op
WorkloadWarmup   3: 524288 op, 900491000.00 ns, 1.7176 us/op
WorkloadWarmup   4: 524288 op, 898433500.00 ns, 1.7136 us/op
WorkloadWarmup   5: 524288 op, 896717300.00 ns, 1.7104 us/op
WorkloadWarmup   6: 524288 op, 917077300.00 ns, 1.7492 us/op
WorkloadWarmup   7: 524288 op, 966178300.00 ns, 1.8428 us/op
WorkloadWarmup   8: 524288 op, 903067700.00 ns, 1.7225 us/op

// BeforeActualRun
WorkloadActual   1: 524288 op, 901739400.00 ns, 1.7199 us/op
WorkloadActual   2: 524288 op, 905024500.00 ns, 1.7262 us/op
WorkloadActual   3: 524288 op, 906030500.00 ns, 1.7281 us/op
WorkloadActual   4: 524288 op, 898523500.00 ns, 1.7138 us/op
WorkloadActual   5: 524288 op, 902000200.00 ns, 1.7204 us/op
WorkloadActual   6: 524288 op, 901613800.00 ns, 1.7197 us/op
WorkloadActual   7: 524288 op, 903603000.00 ns, 1.7235 us/op
WorkloadActual   8: 524288 op, 906213800.00 ns, 1.7285 us/op
WorkloadActual   9: 524288 op, 900831300.00 ns, 1.7182 us/op
WorkloadActual  10: 524288 op, 906270300.00 ns, 1.7286 us/op
WorkloadActual  11: 524288 op, 908623700.00 ns, 1.7331 us/op
WorkloadActual  12: 524288 op, 899639400.00 ns, 1.7159 us/op
WorkloadActual  13: 524288 op, 906614600.00 ns, 1.7292 us/op
WorkloadActual  14: 524288 op, 908121500.00 ns, 1.7321 us/op
WorkloadActual  15: 524288 op, 902727500.00 ns, 1.7218 us/op

// AfterActualRun
WorkloadResult   1: 524288 op, 900336100.00 ns, 1.7173 us/op
WorkloadResult   2: 524288 op, 903621200.00 ns, 1.7235 us/op
WorkloadResult   3: 524288 op, 904627200.00 ns, 1.7254 us/op
WorkloadResult   4: 524288 op, 897120200.00 ns, 1.7111 us/op
WorkloadResult   5: 524288 op, 900596900.00 ns, 1.7178 us/op
WorkloadResult   6: 524288 op, 900210500.00 ns, 1.7170 us/op
WorkloadResult   7: 524288 op, 902199700.00 ns, 1.7208 us/op
WorkloadResult   8: 524288 op, 904810500.00 ns, 1.7258 us/op
WorkloadResult   9: 524288 op, 899428000.00 ns, 1.7155 us/op
WorkloadResult  10: 524288 op, 904867000.00 ns, 1.7259 us/op
WorkloadResult  11: 524288 op, 907220400.00 ns, 1.7304 us/op
WorkloadResult  12: 524288 op, 898236100.00 ns, 1.7132 us/op
WorkloadResult  13: 524288 op, 905211300.00 ns, 1.7266 us/op
WorkloadResult  14: 524288 op, 906718200.00 ns, 1.7294 us/op
WorkloadResult  15: 524288 op, 901324200.00 ns, 1.7191 us/op
// GC:  230 3 0 4328588256 524288
// Threading:  0 0 524288

// AfterAll
// Benchmark Process 25040 has exited with code 0.

Mean = 1.721 μs, StdErr = 0.002 μs (0.09%), N = 15, StdDev = 0.006 μs
Min = 1.711 μs, Q1 = 1.717 μs, Median = 1.721 μs, Q3 = 1.726 μs, Max = 1.730 μs
IQR = 0.009 μs, LowerFence = 1.704 μs, UpperFence = 1.739 μs
ConfidenceInterval = [1.715 μs; 1.728 μs] (CI 99.9%), Margin = 0.006 μs (0.37% of Mean)
Skewness = -0.07, Kurtosis = 1.6, MValue = 2

// ** Remained 38 (67,9 %) benchmark(s) to run. Estimated finish 2026-02-08 15:30 (0h 12m from now) **
Setup power plan (GUID: 8c5e7fda-e8bf-4a96-9a85-a6e23a8c635c FriendlyName: Visoka učinkovitost delovanja)
// **************************
// Benchmark: Benchmarks.StringBuilderWithInterpolatedAppends: .NET 10.0(Runtime=.NET 10.0) [Model=LargeModel]
// *** Execute ***
// Launch: 1 / 1
// Execute: dotnet "ObjectSerialization-.NET 10.0-1.dll" --anonymousPipes 2100 1588 --benchmarkName "ObjectSerialization.Benchmarks.StringBuilderWithInterpolatedAppends(Model: \"LargeModel\")" --job ".NET 10.0" --benchmarkId 11 in C:\Users\Arnecic\Documents\documents\Programming\benchmark-cs\Benchmarks\ObjectSerialization\bin\Release\net10.0\ObjectSerialization-.NET 10.0-1\bin\Release\net10.0
// BeforeAnythingElse

// Benchmark Process Environment Information:
// BenchmarkDotNet v0.15.8
// Runtime=.NET 10.0.2 (10.0.2, 10.0.225.61305), X64 RyuJIT x86-64-v3
// GC=Concurrent Workstation
// HardwareIntrinsics=AVX2+BMI1+BMI2+F16C+FMA+LZCNT+MOVBE,AVX,SSE3+SSSE3+SSE4.1+SSE4.2+POPCNT,X86Base+SSE+SSE2,AES+PCLMUL,AvxVnni,SERIALIZE VectorSize=256
// Job: .NET 10.0

OverheadJitting  1: 1 op, 97400.00 ns, 97.4000 us/op
WorkloadJitting  1: 1 op, 4015800.00 ns, 4.0158 ms/op

OverheadJitting  2: 16 op, 234200.00 ns, 14.6375 us/op
WorkloadJitting  2: 16 op, 359400.00 ns, 22.4625 us/op

WorkloadPilot    1: 16 op, 138200.00 ns, 8.6375 us/op
WorkloadPilot    2: 32 op, 256300.00 ns, 8.0094 us/op
WorkloadPilot    3: 64 op, 439200.00 ns, 6.8625 us/op
WorkloadPilot    4: 128 op, 932300.00 ns, 7.2836 us/op
WorkloadPilot    5: 256 op, 2042600.00 ns, 7.9789 us/op
WorkloadPilot    6: 512 op, 4007100.00 ns, 7.8264 us/op
WorkloadPilot    7: 1024 op, 7448500.00 ns, 7.2739 us/op
WorkloadPilot    8: 2048 op, 14585100.00 ns, 7.1216 us/op
WorkloadPilot    9: 4096 op, 25443300.00 ns, 6.2117 us/op
WorkloadPilot   10: 8192 op, 46421300.00 ns, 5.6667 us/op
WorkloadPilot   11: 16384 op, 131787200.00 ns, 8.0437 us/op
WorkloadPilot   12: 32768 op, 275471900.00 ns, 8.4067 us/op
WorkloadPilot   13: 65536 op, 117080100.00 ns, 1.7865 us/op
WorkloadPilot   14: 131072 op, 233046000.00 ns, 1.7780 us/op
WorkloadPilot   15: 262144 op, 456259200.00 ns, 1.7405 us/op
WorkloadPilot   16: 524288 op, 910191400.00 ns, 1.7361 us/op

OverheadWarmup   1: 524288 op, 1517500.00 ns, 2.8944 ns/op
OverheadWarmup   2: 524288 op, 1444800.00 ns, 2.7557 ns/op
OverheadWarmup   3: 524288 op, 1436400.00 ns, 2.7397 ns/op
OverheadWarmup   4: 524288 op, 1467700.00 ns, 2.7994 ns/op
OverheadWarmup   5: 524288 op, 1470400.00 ns, 2.8046 ns/op
OverheadWarmup   6: 524288 op, 1499100.00 ns, 2.8593 ns/op
OverheadWarmup   7: 524288 op, 1838900.00 ns, 3.5074 ns/op
OverheadWarmup   8: 524288 op, 1550500.00 ns, 2.9573 ns/op
OverheadWarmup   9: 524288 op, 1452800.00 ns, 2.7710 ns/op
OverheadWarmup  10: 524288 op, 1481800.00 ns, 2.8263 ns/op

OverheadActual   1: 524288 op, 1500700.00 ns, 2.8624 ns/op
OverheadActual   2: 524288 op, 1492900.00 ns, 2.8475 ns/op
OverheadActual   3: 524288 op, 1498800.00 ns, 2.8587 ns/op
OverheadActual   4: 524288 op, 1466400.00 ns, 2.7969 ns/op
OverheadActual   5: 524288 op, 1541900.00 ns, 2.9409 ns/op
OverheadActual   6: 524288 op, 1490700.00 ns, 2.8433 ns/op
OverheadActual   7: 524288 op, 1460200.00 ns, 2.7851 ns/op
OverheadActual   8: 524288 op, 1480900.00 ns, 2.8246 ns/op
OverheadActual   9: 524288 op, 1484700.00 ns, 2.8318 ns/op
OverheadActual  10: 524288 op, 1411700.00 ns, 2.6926 ns/op
OverheadActual  11: 524288 op, 1400100.00 ns, 2.6705 ns/op
OverheadActual  12: 524288 op, 1420200.00 ns, 2.7088 ns/op
OverheadActual  13: 524288 op, 1436500.00 ns, 2.7399 ns/op
OverheadActual  14: 524288 op, 1400900.00 ns, 2.6720 ns/op
OverheadActual  15: 524288 op, 1863000.00 ns, 3.5534 ns/op

WorkloadWarmup   1: 524288 op, 916446700.00 ns, 1.7480 us/op
WorkloadWarmup   2: 524288 op, 916007400.00 ns, 1.7471 us/op
WorkloadWarmup   3: 524288 op, 915778000.00 ns, 1.7467 us/op
WorkloadWarmup   4: 524288 op, 911984300.00 ns, 1.7395 us/op
WorkloadWarmup   5: 524288 op, 911736900.00 ns, 1.7390 us/op
WorkloadWarmup   6: 524288 op, 910239000.00 ns, 1.7361 us/op
WorkloadWarmup   7: 524288 op, 913063600.00 ns, 1.7415 us/op
WorkloadWarmup   8: 524288 op, 914440000.00 ns, 1.7442 us/op
WorkloadWarmup   9: 524288 op, 913807700.00 ns, 1.7429 us/op
WorkloadWarmup  10: 524288 op, 914420000.00 ns, 1.7441 us/op
WorkloadWarmup  11: 524288 op, 911750800.00 ns, 1.7390 us/op

// BeforeActualRun
WorkloadActual   1: 524288 op, 910618300.00 ns, 1.7369 us/op
WorkloadActual   2: 524288 op, 993162500.00 ns, 1.8943 us/op
WorkloadActual   3: 524288 op, 913378500.00 ns, 1.7421 us/op
WorkloadActual   4: 524288 op, 910398700.00 ns, 1.7364 us/op
WorkloadActual   5: 524288 op, 913852200.00 ns, 1.7430 us/op
WorkloadActual   6: 524288 op, 910566800.00 ns, 1.7368 us/op
WorkloadActual   7: 524288 op, 909593400.00 ns, 1.7349 us/op
WorkloadActual   8: 524288 op, 911900900.00 ns, 1.7393 us/op
WorkloadActual   9: 524288 op, 908052200.00 ns, 1.7320 us/op
WorkloadActual  10: 524288 op, 910375200.00 ns, 1.7364 us/op
WorkloadActual  11: 524288 op, 913158900.00 ns, 1.7417 us/op
WorkloadActual  12: 524288 op, 910398700.00 ns, 1.7364 us/op
WorkloadActual  13: 524288 op, 906140600.00 ns, 1.7283 us/op
WorkloadActual  14: 524288 op, 912841000.00 ns, 1.7411 us/op
WorkloadActual  15: 524288 op, 903664000.00 ns, 1.7236 us/op

// AfterActualRun
WorkloadResult   1: 524288 op, 909137400.00 ns, 1.7340 us/op
WorkloadResult   2: 524288 op, 911897600.00 ns, 1.7393 us/op
WorkloadResult   3: 524288 op, 908917800.00 ns, 1.7336 us/op
WorkloadResult   4: 524288 op, 912371300.00 ns, 1.7402 us/op
WorkloadResult   5: 524288 op, 909085900.00 ns, 1.7339 us/op
WorkloadResult   6: 524288 op, 908112500.00 ns, 1.7321 us/op
WorkloadResult   7: 524288 op, 910420000.00 ns, 1.7365 us/op
WorkloadResult   8: 524288 op, 906571300.00 ns, 1.7291 us/op
WorkloadResult   9: 524288 op, 908894300.00 ns, 1.7336 us/op
WorkloadResult  10: 524288 op, 911678000.00 ns, 1.7389 us/op
WorkloadResult  11: 524288 op, 908917800.00 ns, 1.7336 us/op
WorkloadResult  12: 524288 op, 904659700.00 ns, 1.7255 us/op
WorkloadResult  13: 524288 op, 911360100.00 ns, 1.7383 us/op
WorkloadResult  14: 524288 op, 902183100.00 ns, 1.7208 us/op
// GC:  188 2 0 3552629920 524288
// Threading:  0 0 524288

// AfterAll
// Benchmark Process 6092 has exited with code 0.

Mean = 1.734 μs, StdErr = 0.001 μs (0.08%), N = 14, StdDev = 0.005 μs
Min = 1.721 μs, Q1 = 1.732 μs, Median = 1.734 μs, Q3 = 1.738 μs, Max = 1.740 μs
IQR = 0.005 μs, LowerFence = 1.724 μs, UpperFence = 1.746 μs
ConfidenceInterval = [1.727 μs; 1.740 μs] (CI 99.9%), Margin = 0.006 μs (0.35% of Mean)
Skewness = -0.84, Kurtosis = 2.87, MValue = 2

// ** Remained 37 (66,1 %) benchmark(s) to run. Estimated finish 2026-02-08 15:31 (0h 12m from now) **
Setup power plan (GUID: 8c5e7fda-e8bf-4a96-9a85-a6e23a8c635c FriendlyName: Visoka učinkovitost delovanja)
// **************************
// Benchmark: Benchmarks.StringBuilderWithAppendsAndPresetCapacity: .NET 10.0(Runtime=.NET 10.0) [Model=LargeModel]
// *** Execute ***
// Launch: 1 / 1
// Execute: dotnet "ObjectSerialization-.NET 10.0-1.dll" --anonymousPipes 1860 1220 --benchmarkName "ObjectSerialization.Benchmarks.StringBuilderWithAppendsAndPresetCapacity(Model: \"LargeModel\")" --job ".NET 10.0" --benchmarkId 12 in C:\Users\Arnecic\Documents\documents\Programming\benchmark-cs\Benchmarks\ObjectSerialization\bin\Release\net10.0\ObjectSerialization-.NET 10.0-1\bin\Release\net10.0
// BeforeAnythingElse

// Benchmark Process Environment Information:
// BenchmarkDotNet v0.15.8
// Runtime=.NET 10.0.2 (10.0.2, 10.0.225.61305), X64 RyuJIT x86-64-v3
// GC=Concurrent Workstation
// HardwareIntrinsics=AVX2+BMI1+BMI2+F16C+FMA+LZCNT+MOVBE,AVX,SSE3+SSSE3+SSE4.1+SSE4.2+POPCNT,X86Base+SSE+SSE2,AES+PCLMUL,AvxVnni,SERIALIZE VectorSize=256
// Job: .NET 10.0

OverheadJitting  1: 1 op, 95400.00 ns, 95.4000 us/op
WorkloadJitting  1: 1 op, 4370300.00 ns, 4.3703 ms/op

OverheadJitting  2: 16 op, 228700.00 ns, 14.2938 us/op
WorkloadJitting  2: 16 op, 386600.00 ns, 24.1625 us/op

WorkloadPilot    1: 16 op, 110800.00 ns, 6.9250 us/op
WorkloadPilot    2: 32 op, 250500.00 ns, 7.8281 us/op
WorkloadPilot    3: 64 op, 448200.00 ns, 7.0031 us/op
WorkloadPilot    4: 128 op, 987300.00 ns, 7.7133 us/op
WorkloadPilot    5: 256 op, 2188600.00 ns, 8.5492 us/op
WorkloadPilot    6: 512 op, 4664500.00 ns, 9.1104 us/op
WorkloadPilot    7: 1024 op, 7479600.00 ns, 7.3043 us/op
WorkloadPilot    8: 2048 op, 15342500.00 ns, 7.4915 us/op
WorkloadPilot    9: 4096 op, 22603800.00 ns, 5.5185 us/op
WorkloadPilot   10: 8192 op, 44811300.00 ns, 5.4701 us/op
WorkloadPilot   11: 16384 op, 115995400.00 ns, 7.0798 us/op
WorkloadPilot   12: 32768 op, 279242100.00 ns, 8.5218 us/op
WorkloadPilot   13: 65536 op, 134446800.00 ns, 2.0515 us/op
WorkloadPilot   14: 131072 op, 236426300.00 ns, 1.8038 us/op
WorkloadPilot   15: 262144 op, 462656000.00 ns, 1.7649 us/op
WorkloadPilot   16: 524288 op, 914916300.00 ns, 1.7451 us/op

OverheadWarmup   1: 524288 op, 1419600.00 ns, 2.7077 ns/op
OverheadWarmup   2: 524288 op, 1435600.00 ns, 2.7382 ns/op
OverheadWarmup   3: 524288 op, 1431900.00 ns, 2.7311 ns/op
OverheadWarmup   4: 524288 op, 1405400.00 ns, 2.6806 ns/op
OverheadWarmup   5: 524288 op, 1425500.00 ns, 2.7189 ns/op
OverheadWarmup   6: 524288 op, 1675500.00 ns, 3.1958 ns/op
OverheadWarmup   7: 524288 op, 1497400.00 ns, 2.8561 ns/op

OverheadActual   1: 524288 op, 1448600.00 ns, 2.7630 ns/op
OverheadActual   2: 524288 op, 1441200.00 ns, 2.7489 ns/op
OverheadActual   3: 524288 op, 1438700.00 ns, 2.7441 ns/op
OverheadActual   4: 524288 op, 1453900.00 ns, 2.7731 ns/op
OverheadActual   5: 524288 op, 1451700.00 ns, 2.7689 ns/op
OverheadActual   6: 524288 op, 1474400.00 ns, 2.8122 ns/op
OverheadActual   7: 524288 op, 1531500.00 ns, 2.9211 ns/op
OverheadActual   8: 524288 op, 1521300.00 ns, 2.9016 ns/op
OverheadActual   9: 524288 op, 1511600.00 ns, 2.8831 ns/op
OverheadActual  10: 524288 op, 1466000.00 ns, 2.7962 ns/op
OverheadActual  11: 524288 op, 1405700.00 ns, 2.6812 ns/op
OverheadActual  12: 524288 op, 1386400.00 ns, 2.6443 ns/op
OverheadActual  13: 524288 op, 1390200.00 ns, 2.6516 ns/op
OverheadActual  14: 524288 op, 1465400.00 ns, 2.7950 ns/op
OverheadActual  15: 524288 op, 1500300.00 ns, 2.8616 ns/op

WorkloadWarmup   1: 524288 op, 918043000.00 ns, 1.7510 us/op
WorkloadWarmup   2: 524288 op, 910423000.00 ns, 1.7365 us/op
WorkloadWarmup   3: 524288 op, 916791400.00 ns, 1.7486 us/op
WorkloadWarmup   4: 524288 op, 919030300.00 ns, 1.7529 us/op
WorkloadWarmup   5: 524288 op, 912687400.00 ns, 1.7408 us/op
WorkloadWarmup   6: 524288 op, 914614400.00 ns, 1.7445 us/op
WorkloadWarmup   7: 524288 op, 911378400.00 ns, 1.7383 us/op

// BeforeActualRun
WorkloadActual   1: 524288 op, 912790000.00 ns, 1.7410 us/op
WorkloadActual   2: 524288 op, 913016200.00 ns, 1.7414 us/op
WorkloadActual   3: 524288 op, 912993700.00 ns, 1.7414 us/op
WorkloadActual   4: 524288 op, 914196400.00 ns, 1.7437 us/op
WorkloadActual   5: 524288 op, 911162600.00 ns, 1.7379 us/op
WorkloadActual   6: 524288 op, 912032600.00 ns, 1.7396 us/op
WorkloadActual   7: 524288 op, 913166300.00 ns, 1.7417 us/op
WorkloadActual   8: 524288 op, 908664700.00 ns, 1.7331 us/op
WorkloadActual   9: 524288 op, 1001546700.00 ns, 1.9103 us/op
WorkloadActual  10: 524288 op, 913485900.00 ns, 1.7423 us/op
WorkloadActual  11: 524288 op, 915392200.00 ns, 1.7460 us/op
WorkloadActual  12: 524288 op, 916431100.00 ns, 1.7480 us/op
WorkloadActual  13: 524288 op, 910194000.00 ns, 1.7361 us/op
WorkloadActual  14: 524288 op, 913658600.00 ns, 1.7427 us/op
WorkloadActual  15: 524288 op, 912881500.00 ns, 1.7412 us/op

// AfterActualRun
WorkloadResult   1: 524288 op, 911336100.00 ns, 1.7382 us/op
WorkloadResult   2: 524288 op, 911562300.00 ns, 1.7387 us/op
WorkloadResult   3: 524288 op, 911539800.00 ns, 1.7386 us/op
WorkloadResult   4: 524288 op, 912742500.00 ns, 1.7409 us/op
WorkloadResult   5: 524288 op, 909708700.00 ns, 1.7351 us/op
WorkloadResult   6: 524288 op, 910578700.00 ns, 1.7368 us/op
WorkloadResult   7: 524288 op, 911712400.00 ns, 1.7390 us/op
WorkloadResult   8: 524288 op, 907210800.00 ns, 1.7304 us/op
WorkloadResult   9: 524288 op, 912032000.00 ns, 1.7396 us/op
WorkloadResult  10: 524288 op, 913938300.00 ns, 1.7432 us/op
WorkloadResult  11: 524288 op, 908740100.00 ns, 1.7333 us/op
WorkloadResult  12: 524288 op, 912204700.00 ns, 1.7399 us/op
WorkloadResult  13: 524288 op, 911427600.00 ns, 1.7384 us/op
// GC:  256 4 0 4819329312 524288
// Threading:  0 0 524288

// AfterAll
// Benchmark Process 29124 has exited with code 0.

Mean = 1.738 μs, StdErr = 0.001 μs (0.05%), N = 13, StdDev = 0.003 μs
Min = 1.730 μs, Q1 = 1.737 μs, Median = 1.739 μs, Q3 = 1.740 μs, Max = 1.743 μs
IQR = 0.003 μs, LowerFence = 1.733 μs, UpperFence = 1.744 μs
ConfidenceInterval = [1.734 μs; 1.742 μs] (CI 99.9%), Margin = 0.004 μs (0.23% of Mean)
Skewness = -0.7, Kurtosis = 2.84, MValue = 2

// ** Remained 36 (64,3 %) benchmark(s) to run. Estimated finish 2026-02-08 15:31 (0h 11m from now) **
Setup power plan (GUID: 8c5e7fda-e8bf-4a96-9a85-a6e23a8c635c FriendlyName: Visoka učinkovitost delovanja)
// **************************
// Benchmark: Benchmarks.StringBuilderWithInterpolatedAppendsAndPresetCapacity: .NET 10.0(Runtime=.NET 10.0) [Model=LargeModel]
// *** Execute ***
// Launch: 1 / 1
// Execute: dotnet "ObjectSerialization-.NET 10.0-1.dll" --anonymousPipes 2120 1792 --benchmarkName "ObjectSerialization.Benchmarks.StringBuilderWithInterpolatedAppendsAndPresetCapacity(Model: \"LargeModel\")" --job ".NET 10.0" --benchmarkId 13 in C:\Users\Arnecic\Documents\documents\Programming\benchmark-cs\Benchmarks\ObjectSerialization\bin\Release\net10.0\ObjectSerialization-.NET 10.0-1\bin\Release\net10.0
// BeforeAnythingElse

// Benchmark Process Environment Information:
// BenchmarkDotNet v0.15.8
// Runtime=.NET 10.0.2 (10.0.2, 10.0.225.61305), X64 RyuJIT x86-64-v3
// GC=Concurrent Workstation
// HardwareIntrinsics=AVX2+BMI1+BMI2+F16C+FMA+LZCNT+MOVBE,AVX,SSE3+SSSE3+SSE4.1+SSE4.2+POPCNT,X86Base+SSE+SSE2,AES+PCLMUL,AvxVnni,SERIALIZE VectorSize=256
// Job: .NET 10.0

OverheadJitting  1: 1 op, 96400.00 ns, 96.4000 us/op
WorkloadJitting  1: 1 op, 4107400.00 ns, 4.1074 ms/op

OverheadJitting  2: 16 op, 232400.00 ns, 14.5250 us/op
WorkloadJitting  2: 16 op, 391600.00 ns, 24.4750 us/op

WorkloadPilot    1: 16 op, 150500.00 ns, 9.4063 us/op
WorkloadPilot    2: 32 op, 281500.00 ns, 8.7969 us/op
WorkloadPilot    3: 64 op, 440900.00 ns, 6.8891 us/op
WorkloadPilot    4: 128 op, 997600.00 ns, 7.7938 us/op
WorkloadPilot    5: 256 op, 2233700.00 ns, 8.7254 us/op
WorkloadPilot    6: 512 op, 4070200.00 ns, 7.9496 us/op
WorkloadPilot    7: 1024 op, 7698300.00 ns, 7.5179 us/op
WorkloadPilot    8: 2048 op, 15421500.00 ns, 7.5300 us/op
WorkloadPilot    9: 4096 op, 24806900.00 ns, 6.0564 us/op
WorkloadPilot   10: 8192 op, 47568800.00 ns, 5.8067 us/op
WorkloadPilot   11: 16384 op, 138300900.00 ns, 8.4412 us/op
WorkloadPilot   12: 32768 op, 320590400.00 ns, 9.7836 us/op
WorkloadPilot   13: 65536 op, 149199200.00 ns, 2.2766 us/op
WorkloadPilot   14: 131072 op, 222162300.00 ns, 1.6950 us/op
WorkloadPilot   15: 262144 op, 445301200.00 ns, 1.6987 us/op
WorkloadPilot   16: 524288 op, 880451400.00 ns, 1.6793 us/op

OverheadWarmup   1: 524288 op, 1482300.00 ns, 2.8273 ns/op
OverheadWarmup   2: 524288 op, 1525900.00 ns, 2.9104 ns/op
OverheadWarmup   3: 524288 op, 1461900.00 ns, 2.7884 ns/op
OverheadWarmup   4: 524288 op, 1454300.00 ns, 2.7739 ns/op
OverheadWarmup   5: 524288 op, 1458300.00 ns, 2.7815 ns/op
OverheadWarmup   6: 524288 op, 1529100.00 ns, 2.9165 ns/op
OverheadWarmup   7: 524288 op, 1451500.00 ns, 2.7685 ns/op

OverheadActual   1: 524288 op, 1492300.00 ns, 2.8463 ns/op
OverheadActual   2: 524288 op, 1469200.00 ns, 2.8023 ns/op
OverheadActual   3: 524288 op, 1472100.00 ns, 2.8078 ns/op
OverheadActual   4: 524288 op, 1459000.00 ns, 2.7828 ns/op
OverheadActual   5: 524288 op, 1459000.00 ns, 2.7828 ns/op
OverheadActual   6: 524288 op, 1464600.00 ns, 2.7935 ns/op
OverheadActual   7: 524288 op, 1494800.00 ns, 2.8511 ns/op
OverheadActual   8: 524288 op, 1481600.00 ns, 2.8259 ns/op
OverheadActual   9: 524288 op, 1487500.00 ns, 2.8372 ns/op
OverheadActual  10: 524288 op, 1505000.00 ns, 2.8706 ns/op
OverheadActual  11: 524288 op, 1548300.00 ns, 2.9531 ns/op
OverheadActual  12: 524288 op, 1397900.00 ns, 2.6663 ns/op
OverheadActual  13: 524288 op, 1425800.00 ns, 2.7195 ns/op
OverheadActual  14: 524288 op, 1408000.00 ns, 2.6855 ns/op
OverheadActual  15: 524288 op, 1396900.00 ns, 2.6644 ns/op

WorkloadWarmup   1: 524288 op, 883555900.00 ns, 1.6852 us/op
WorkloadWarmup   2: 524288 op, 879864000.00 ns, 1.6782 us/op
WorkloadWarmup   3: 524288 op, 879812600.00 ns, 1.6781 us/op
WorkloadWarmup   4: 524288 op, 882032000.00 ns, 1.6823 us/op
WorkloadWarmup   5: 524288 op, 878428800.00 ns, 1.6755 us/op
WorkloadWarmup   6: 524288 op, 875787100.00 ns, 1.6704 us/op
WorkloadWarmup   7: 524288 op, 880631600.00 ns, 1.6797 us/op
WorkloadWarmup   8: 524288 op, 877723900.00 ns, 1.6741 us/op

// BeforeActualRun
WorkloadActual   1: 524288 op, 876042000.00 ns, 1.6709 us/op
WorkloadActual   2: 524288 op, 878959100.00 ns, 1.6765 us/op
WorkloadActual   3: 524288 op, 876837900.00 ns, 1.6724 us/op
WorkloadActual   4: 524288 op, 876343800.00 ns, 1.6715 us/op
WorkloadActual   5: 524288 op, 878897600.00 ns, 1.6764 us/op
WorkloadActual   6: 524288 op, 877713000.00 ns, 1.6741 us/op
WorkloadActual   7: 524288 op, 876193700.00 ns, 1.6712 us/op
WorkloadActual   8: 524288 op, 880662800.00 ns, 1.6797 us/op
WorkloadActual   9: 524288 op, 876699100.00 ns, 1.6722 us/op
WorkloadActual  10: 524288 op, 885933200.00 ns, 1.6898 us/op
WorkloadActual  11: 524288 op, 882236700.00 ns, 1.6827 us/op
WorkloadActual  12: 524288 op, 876734500.00 ns, 1.6722 us/op
WorkloadActual  13: 524288 op, 883462900.00 ns, 1.6851 us/op
WorkloadActual  14: 524288 op, 925182400.00 ns, 1.7646 us/op
WorkloadActual  15: 524288 op, 928577400.00 ns, 1.7711 us/op

// AfterActualRun
WorkloadResult   1: 524288 op, 874572800.00 ns, 1.6681 us/op
WorkloadResult   2: 524288 op, 877489900.00 ns, 1.6737 us/op
WorkloadResult   3: 524288 op, 875368700.00 ns, 1.6696 us/op
WorkloadResult   4: 524288 op, 874874600.00 ns, 1.6687 us/op
WorkloadResult   5: 524288 op, 877428400.00 ns, 1.6736 us/op
WorkloadResult   6: 524288 op, 876243800.00 ns, 1.6713 us/op
WorkloadResult   7: 524288 op, 874724500.00 ns, 1.6684 us/op
WorkloadResult   8: 524288 op, 879193600.00 ns, 1.6769 us/op
WorkloadResult   9: 524288 op, 875229900.00 ns, 1.6694 us/op
WorkloadResult  10: 524288 op, 884464000.00 ns, 1.6870 us/op
WorkloadResult  11: 524288 op, 880767500.00 ns, 1.6799 us/op
WorkloadResult  12: 524288 op, 875265300.00 ns, 1.6694 us/op
WorkloadResult  13: 524288 op, 881993700.00 ns, 1.6823 us/op
// GC:  214 3 0 4039176672 524288
// Threading:  0 0 524288

// AfterAll
// Benchmark Process 16824 has exited with code 0.

Mean = 1.674 μs, StdErr = 0.002 μs (0.10%), N = 13, StdDev = 0.006 μs
Min = 1.668 μs, Q1 = 1.669 μs, Median = 1.671 μs, Q3 = 1.677 μs, Max = 1.687 μs
IQR = 0.008 μs, LowerFence = 1.658 μs, UpperFence = 1.688 μs
ConfidenceInterval = [1.666 μs; 1.681 μs] (CI 99.9%), Margin = 0.007 μs (0.43% of Mean)
Skewness = 0.87, Kurtosis = 2.34, MValue = 2

// ** Remained 35 (62,5 %) benchmark(s) to run. Estimated finish 2026-02-08 15:31 (0h 11m from now) **
Setup power plan (GUID: 8c5e7fda-e8bf-4a96-9a85-a6e23a8c635c FriendlyName: Visoka učinkovitost delovanja)
// **************************
// Benchmark: Benchmarks.Json: .NET 8.0(Runtime=.NET 8.0) [Model=LargeModel]
// *** Execute ***
// Launch: 1 / 1
// Execute: dotnet "ObjectSerialization-.NET 8.0-2.dll" --anonymousPipes 1980 100 --benchmarkName "ObjectSerialization.Benchmarks.Json(Model: \"LargeModel\")" --job ".NET 8.0" --benchmarkId 7 in C:\Users\Arnecic\Documents\documents\Programming\benchmark-cs\Benchmarks\ObjectSerialization\bin\Release\net10.0\ObjectSerialization-.NET 8.0-2\bin\Release\net8.0
// BeforeAnythingElse

// Benchmark Process Environment Information:
// BenchmarkDotNet v0.15.8
// Runtime=.NET 8.0.23 (8.0.23, 8.0.2325.60607), X64 RyuJIT x86-64-v3
// GC=Concurrent Workstation
// HardwareIntrinsics=AVX2+BMI1+BMI2+F16C+FMA+LZCNT+MOVBE,AVX,SSE3+SSSE3+SSE4.1+SSE4.2+POPCNT,X86Base+SSE+SSE2,AES+PCLMUL,AvxVnni,SERIALIZE VectorSize=256
// Job: .NET 8.0

OverheadJitting  1: 1 op, 84900.00 ns, 84.9000 us/op
WorkloadJitting  1: 1 op, 20833600.00 ns, 20.8336 ms/op

OverheadJitting  2: 16 op, 231100.00 ns, 14.4438 us/op
WorkloadJitting  2: 16 op, 376200.00 ns, 23.5125 us/op

WorkloadPilot    1: 16 op, 95100.00 ns, 5.9438 us/op
WorkloadPilot    2: 32 op, 155800.00 ns, 4.8688 us/op
WorkloadPilot    3: 64 op, 333800.00 ns, 5.2156 us/op
WorkloadPilot    4: 128 op, 601200.00 ns, 4.6969 us/op
WorkloadPilot    5: 256 op, 1202700.00 ns, 4.6980 us/op
WorkloadPilot    6: 512 op, 2987400.00 ns, 5.8348 us/op
WorkloadPilot    7: 1024 op, 4977000.00 ns, 4.8604 us/op
WorkloadPilot    8: 2048 op, 9788100.00 ns, 4.7793 us/op
WorkloadPilot    9: 4096 op, 19704600.00 ns, 4.8107 us/op
WorkloadPilot   10: 8192 op, 34561100.00 ns, 4.2189 us/op
WorkloadPilot   11: 16384 op, 68245900.00 ns, 4.1654 us/op
WorkloadPilot   12: 32768 op, 160262100.00 ns, 4.8908 us/op
WorkloadPilot   13: 65536 op, 166714900.00 ns, 2.5439 us/op
WorkloadPilot   14: 131072 op, 157914100.00 ns, 1.2048 us/op
WorkloadPilot   15: 262144 op, 325118000.00 ns, 1.2402 us/op
WorkloadPilot   16: 524288 op, 638946200.00 ns, 1.2187 us/op

OverheadWarmup   1: 524288 op, 1457600.00 ns, 2.7802 ns/op
OverheadWarmup   2: 524288 op, 1470800.00 ns, 2.8053 ns/op
OverheadWarmup   3: 524288 op, 1476200.00 ns, 2.8156 ns/op
OverheadWarmup   4: 524288 op, 1423200.00 ns, 2.7145 ns/op
OverheadWarmup   5: 524288 op, 1495300.00 ns, 2.8521 ns/op
OverheadWarmup   6: 524288 op, 1468100.00 ns, 2.8002 ns/op

OverheadActual   1: 524288 op, 1420000.00 ns, 2.7084 ns/op
OverheadActual   2: 524288 op, 1488300.00 ns, 2.8387 ns/op
OverheadActual   3: 524288 op, 1562300.00 ns, 2.9799 ns/op
OverheadActual   4: 524288 op, 1384800.00 ns, 2.6413 ns/op
OverheadActual   5: 524288 op, 1383900.00 ns, 2.6396 ns/op
OverheadActual   6: 524288 op, 1373300.00 ns, 2.6194 ns/op
OverheadActual   7: 524288 op, 1379700.00 ns, 2.6316 ns/op
OverheadActual   8: 524288 op, 1380700.00 ns, 2.6335 ns/op
OverheadActual   9: 524288 op, 1371800.00 ns, 2.6165 ns/op
OverheadActual  10: 524288 op, 1402100.00 ns, 2.6743 ns/op
OverheadActual  11: 524288 op, 1809500.00 ns, 3.4513 ns/op
OverheadActual  12: 524288 op, 1391600.00 ns, 2.6543 ns/op
OverheadActual  13: 524288 op, 1377700.00 ns, 2.6278 ns/op
OverheadActual  14: 524288 op, 1382500.00 ns, 2.6369 ns/op
OverheadActual  15: 524288 op, 1372900.00 ns, 2.6186 ns/op

WorkloadWarmup   1: 524288 op, 633052500.00 ns, 1.2075 us/op
WorkloadWarmup   2: 524288 op, 631041000.00 ns, 1.2036 us/op
WorkloadWarmup   3: 524288 op, 626584600.00 ns, 1.1951 us/op
WorkloadWarmup   4: 524288 op, 627714900.00 ns, 1.1973 us/op
WorkloadWarmup   5: 524288 op, 627213500.00 ns, 1.1963 us/op
WorkloadWarmup   6: 524288 op, 630573800.00 ns, 1.2027 us/op
WorkloadWarmup   7: 524288 op, 628768700.00 ns, 1.1993 us/op

// BeforeActualRun
WorkloadActual   1: 524288 op, 628081800.00 ns, 1.1980 us/op
WorkloadActual   2: 524288 op, 624424800.00 ns, 1.1910 us/op
WorkloadActual   3: 524288 op, 625082600.00 ns, 1.1923 us/op
WorkloadActual   4: 524288 op, 630353500.00 ns, 1.2023 us/op
WorkloadActual   5: 524288 op, 627988500.00 ns, 1.1978 us/op
WorkloadActual   6: 524288 op, 628718400.00 ns, 1.1992 us/op
WorkloadActual   7: 524288 op, 634889200.00 ns, 1.2110 us/op
WorkloadActual   8: 524288 op, 631430500.00 ns, 1.2044 us/op
WorkloadActual   9: 524288 op, 632706300.00 ns, 1.2068 us/op
WorkloadActual  10: 524288 op, 630441800.00 ns, 1.2025 us/op
WorkloadActual  11: 524288 op, 632868400.00 ns, 1.2071 us/op
WorkloadActual  12: 524288 op, 629015300.00 ns, 1.1998 us/op
WorkloadActual  13: 524288 op, 627969500.00 ns, 1.1978 us/op
WorkloadActual  14: 524288 op, 627710600.00 ns, 1.1973 us/op
WorkloadActual  15: 524288 op, 630797000.00 ns, 1.2031 us/op

// AfterActualRun
WorkloadResult   1: 524288 op, 626697900.00 ns, 1.1953 us/op
WorkloadResult   2: 524288 op, 623040900.00 ns, 1.1884 us/op
WorkloadResult   3: 524288 op, 623698700.00 ns, 1.1896 us/op
WorkloadResult   4: 524288 op, 628969600.00 ns, 1.1997 us/op
WorkloadResult   5: 524288 op, 626604600.00 ns, 1.1952 us/op
WorkloadResult   6: 524288 op, 627334500.00 ns, 1.1965 us/op
WorkloadResult   7: 524288 op, 633505300.00 ns, 1.2083 us/op
WorkloadResult   8: 524288 op, 630046600.00 ns, 1.2017 us/op
WorkloadResult   9: 524288 op, 631322400.00 ns, 1.2042 us/op
WorkloadResult  10: 524288 op, 629057900.00 ns, 1.1998 us/op
WorkloadResult  11: 524288 op, 631484500.00 ns, 1.2045 us/op
WorkloadResult  12: 524288 op, 627631400.00 ns, 1.1971 us/op
WorkloadResult  13: 524288 op, 626585600.00 ns, 1.1951 us/op
WorkloadResult  14: 524288 op, 626326700.00 ns, 1.1946 us/op
WorkloadResult  15: 524288 op, 629413100.00 ns, 1.2005 us/op
// GC:  99 0 0 1866465280 524288
// Threading:  0 0 524288

// AfterAll
// Benchmark Process 2236 has exited with code 0.

Mean = 1.198 μs, StdErr = 0.001 μs (0.12%), N = 15, StdDev = 0.005 μs
Min = 1.188 μs, Q1 = 1.195 μs, Median = 1.197 μs, Q3 = 1.201 μs, Max = 1.208 μs
IQR = 0.006 μs, LowerFence = 1.186 μs, UpperFence = 1.210 μs
ConfidenceInterval = [1.192 μs; 1.204 μs] (CI 99.9%), Margin = 0.006 μs (0.48% of Mean)
Skewness = 0.02, Kurtosis = 2.19, MValue = 2

// ** Remained 34 (60,7 %) benchmark(s) to run. Estimated finish 2026-02-08 15:31 (0h 11m from now) **
Setup power plan (GUID: 8c5e7fda-e8bf-4a96-9a85-a6e23a8c635c FriendlyName: Visoka učinkovitost delovanja)
// **************************
// Benchmark: Benchmarks.SplitStringInterpolation: .NET 8.0(Runtime=.NET 8.0) [Model=LargeModel]
// *** Execute ***
// Launch: 1 / 1
// Execute: dotnet "ObjectSerialization-.NET 8.0-2.dll" --anonymousPipes 100 2116 --benchmarkName "ObjectSerialization.Benchmarks.SplitStringInterpolation(Model: \"LargeModel\")" --job ".NET 8.0" --benchmarkId 8 in C:\Users\Arnecic\Documents\documents\Programming\benchmark-cs\Benchmarks\ObjectSerialization\bin\Release\net10.0\ObjectSerialization-.NET 8.0-2\bin\Release\net8.0
// BeforeAnythingElse

// Benchmark Process Environment Information:
// BenchmarkDotNet v0.15.8
// Runtime=.NET 8.0.23 (8.0.23, 8.0.2325.60607), X64 RyuJIT x86-64-v3
// GC=Concurrent Workstation
// HardwareIntrinsics=AVX2+BMI1+BMI2+F16C+FMA+LZCNT+MOVBE,AVX,SSE3+SSSE3+SSE4.1+SSE4.2+POPCNT,X86Base+SSE+SSE2,AES+PCLMUL,AvxVnni,SERIALIZE VectorSize=256
// Job: .NET 8.0

OverheadJitting  1: 1 op, 83900.00 ns, 83.9000 us/op
WorkloadJitting  1: 1 op, 5324500.00 ns, 5.3245 ms/op

OverheadJitting  2: 16 op, 216200.00 ns, 13.5125 us/op
WorkloadJitting  2: 16 op, 320200.00 ns, 20.0125 us/op

WorkloadPilot    1: 16 op, 78800.00 ns, 4.9250 us/op
WorkloadPilot    2: 32 op, 153800.00 ns, 4.8063 us/op
WorkloadPilot    3: 64 op, 303600.00 ns, 4.7438 us/op
WorkloadPilot    4: 128 op, 467200.00 ns, 3.6500 us/op
WorkloadPilot    5: 256 op, 1228200.00 ns, 4.7977 us/op
WorkloadPilot    6: 512 op, 2026700.00 ns, 3.9584 us/op
WorkloadPilot    7: 1024 op, 4010300.00 ns, 3.9163 us/op
WorkloadPilot    8: 2048 op, 7726900.00 ns, 3.7729 us/op
WorkloadPilot    9: 4096 op, 16083400.00 ns, 3.9266 us/op
WorkloadPilot   10: 8192 op, 28076000.00 ns, 3.4272 us/op
WorkloadPilot   11: 16384 op, 52908500.00 ns, 3.2293 us/op
WorkloadPilot   12: 32768 op, 156938000.00 ns, 4.7894 us/op
WorkloadPilot   13: 65536 op, 376707800.00 ns, 5.7481 us/op
WorkloadPilot   14: 131072 op, 239553400.00 ns, 1.8276 us/op
WorkloadPilot   15: 262144 op, 353283200.00 ns, 1.3477 us/op
WorkloadPilot   16: 524288 op, 707470100.00 ns, 1.3494 us/op

OverheadWarmup   1: 524288 op, 1505800.00 ns, 2.8721 ns/op
OverheadWarmup   2: 524288 op, 1463500.00 ns, 2.7914 ns/op
OverheadWarmup   3: 524288 op, 1448600.00 ns, 2.7630 ns/op
OverheadWarmup   4: 524288 op, 1440200.00 ns, 2.7470 ns/op
OverheadWarmup   5: 524288 op, 1477700.00 ns, 2.8185 ns/op
OverheadWarmup   6: 524288 op, 1477000.00 ns, 2.8172 ns/op
OverheadWarmup   7: 524288 op, 1463200.00 ns, 2.7908 ns/op
OverheadWarmup   8: 524288 op, 1460700.00 ns, 2.7861 ns/op
OverheadWarmup   9: 524288 op, 1451800.00 ns, 2.7691 ns/op
OverheadWarmup  10: 524288 op, 1454600.00 ns, 2.7744 ns/op

OverheadActual   1: 524288 op, 1456600.00 ns, 2.7782 ns/op
OverheadActual   2: 524288 op, 1470300.00 ns, 2.8044 ns/op
OverheadActual   3: 524288 op, 1493500.00 ns, 2.8486 ns/op
OverheadActual   4: 524288 op, 1576000.00 ns, 3.0060 ns/op
OverheadActual   5: 524288 op, 1494300.00 ns, 2.8502 ns/op
OverheadActual   6: 524288 op, 1492600.00 ns, 2.8469 ns/op
OverheadActual   7: 524288 op, 1466000.00 ns, 2.7962 ns/op
OverheadActual   8: 524288 op, 1449900.00 ns, 2.7655 ns/op
OverheadActual   9: 524288 op, 1488900.00 ns, 2.8399 ns/op
OverheadActual  10: 524288 op, 1474000.00 ns, 2.8114 ns/op
OverheadActual  11: 524288 op, 1457600.00 ns, 2.7802 ns/op
OverheadActual  12: 524288 op, 1516100.00 ns, 2.8917 ns/op
OverheadActual  13: 524288 op, 1500900.00 ns, 2.8627 ns/op
OverheadActual  14: 524288 op, 1451600.00 ns, 2.7687 ns/op
OverheadActual  15: 524288 op, 1821400.00 ns, 3.4740 ns/op

WorkloadWarmup   1: 524288 op, 715968600.00 ns, 1.3656 us/op
WorkloadWarmup   2: 524288 op, 708118300.00 ns, 1.3506 us/op
WorkloadWarmup   3: 524288 op, 708168600.00 ns, 1.3507 us/op
WorkloadWarmup   4: 524288 op, 705515100.00 ns, 1.3457 us/op
WorkloadWarmup   5: 524288 op, 706738100.00 ns, 1.3480 us/op
WorkloadWarmup   6: 524288 op, 701910200.00 ns, 1.3388 us/op

// BeforeActualRun
WorkloadActual   1: 524288 op, 703078200.00 ns, 1.3410 us/op
WorkloadActual   2: 524288 op, 702455400.00 ns, 1.3398 us/op
WorkloadActual   3: 524288 op, 701968400.00 ns, 1.3389 us/op
WorkloadActual   4: 524288 op, 704293500.00 ns, 1.3433 us/op
WorkloadActual   5: 524288 op, 705419500.00 ns, 1.3455 us/op
WorkloadActual   6: 524288 op, 708468600.00 ns, 1.3513 us/op
WorkloadActual   7: 524288 op, 713288000.00 ns, 1.3605 us/op
WorkloadActual   8: 524288 op, 704965200.00 ns, 1.3446 us/op
WorkloadActual   9: 524288 op, 765820700.00 ns, 1.4607 us/op
WorkloadActual  10: 524288 op, 738675800.00 ns, 1.4089 us/op
WorkloadActual  11: 524288 op, 711253400.00 ns, 1.3566 us/op
WorkloadActual  12: 524288 op, 710597500.00 ns, 1.3554 us/op
WorkloadActual  13: 524288 op, 705399800.00 ns, 1.3454 us/op
WorkloadActual  14: 524288 op, 707056100.00 ns, 1.3486 us/op
WorkloadActual  15: 524288 op, 708350700.00 ns, 1.3511 us/op

// AfterActualRun
WorkloadResult   1: 524288 op, 701589300.00 ns, 1.3382 us/op
WorkloadResult   2: 524288 op, 700966500.00 ns, 1.3370 us/op
WorkloadResult   3: 524288 op, 700479500.00 ns, 1.3361 us/op
WorkloadResult   4: 524288 op, 702804600.00 ns, 1.3405 us/op
WorkloadResult   5: 524288 op, 703930600.00 ns, 1.3426 us/op
WorkloadResult   6: 524288 op, 706979700.00 ns, 1.3485 us/op
WorkloadResult   7: 524288 op, 711799100.00 ns, 1.3576 us/op
WorkloadResult   8: 524288 op, 703476300.00 ns, 1.3418 us/op
WorkloadResult   9: 524288 op, 709764500.00 ns, 1.3538 us/op
WorkloadResult  10: 524288 op, 709108600.00 ns, 1.3525 us/op
WorkloadResult  11: 524288 op, 703910900.00 ns, 1.3426 us/op
WorkloadResult  12: 524288 op, 705567200.00 ns, 1.3458 us/op
WorkloadResult  13: 524288 op, 706861800.00 ns, 1.3482 us/op
// GC:  77 0 0 1463833936 524288
// Threading:  0 0 524288

// AfterAll
// Benchmark Process 17320 has exited with code 0.

Mean = 1.345 μs, StdErr = 0.002 μs (0.14%), N = 13, StdDev = 0.007 μs
Min = 1.336 μs, Q1 = 1.340 μs, Median = 1.343 μs, Q3 = 1.348 μs, Max = 1.358 μs
IQR = 0.008 μs, LowerFence = 1.329 μs, UpperFence = 1.360 μs
ConfidenceInterval = [1.337 μs; 1.353 μs] (CI 99.9%), Margin = 0.008 μs (0.60% of Mean)
Skewness = 0.37, Kurtosis = 1.77, MValue = 2

// ** Remained 33 (58,9 %) benchmark(s) to run. Estimated finish 2026-02-08 15:31 (0h 10m from now) **
Setup power plan (GUID: 8c5e7fda-e8bf-4a96-9a85-a6e23a8c635c FriendlyName: Visoka učinkovitost delovanja)
// **************************
// Benchmark: Benchmarks.StringJoinDynamic: .NET 8.0(Runtime=.NET 8.0) [Model=LargeModel]
// *** Execute ***
// Launch: 1 / 1
// Execute: dotnet "ObjectSerialization-.NET 8.0-2.dll" --anonymousPipes 1988 2120 --benchmarkName "ObjectSerialization.Benchmarks.StringJoinDynamic(Model: \"LargeModel\")" --job ".NET 8.0" --benchmarkId 9 in C:\Users\Arnecic\Documents\documents\Programming\benchmark-cs\Benchmarks\ObjectSerialization\bin\Release\net10.0\ObjectSerialization-.NET 8.0-2\bin\Release\net8.0
// BeforeAnythingElse

// Benchmark Process Environment Information:
// BenchmarkDotNet v0.15.8
// Runtime=.NET 8.0.23 (8.0.23, 8.0.2325.60607), X64 RyuJIT x86-64-v3
// GC=Concurrent Workstation
// HardwareIntrinsics=AVX2+BMI1+BMI2+F16C+FMA+LZCNT+MOVBE,AVX,SSE3+SSSE3+SSE4.1+SSE4.2+POPCNT,X86Base+SSE+SSE2,AES+PCLMUL,AvxVnni,SERIALIZE VectorSize=256
// Job: .NET 8.0

OverheadJitting  1: 1 op, 78800.00 ns, 78.8000 us/op
WorkloadJitting  1: 1 op, 4399300.00 ns, 4.3993 ms/op

OverheadJitting  2: 16 op, 227100.00 ns, 14.1938 us/op
WorkloadJitting  2: 16 op, 391200.00 ns, 24.4500 us/op

WorkloadPilot    1: 16 op, 95400.00 ns, 5.9625 us/op
WorkloadPilot    2: 32 op, 207500.00 ns, 6.4844 us/op
WorkloadPilot    3: 64 op, 472900.00 ns, 7.3891 us/op
WorkloadPilot    4: 128 op, 981000.00 ns, 7.6641 us/op
WorkloadPilot    5: 256 op, 2153100.00 ns, 8.4105 us/op
WorkloadPilot    6: 512 op, 3685900.00 ns, 7.1990 us/op
WorkloadPilot    7: 1024 op, 7223500.00 ns, 7.0542 us/op
WorkloadPilot    8: 2048 op, 12286100.00 ns, 5.9991 us/op
WorkloadPilot    9: 4096 op, 18890900.00 ns, 4.6120 us/op
WorkloadPilot   10: 8192 op, 38564900.00 ns, 4.7076 us/op
WorkloadPilot   11: 16384 op, 82150500.00 ns, 5.0141 us/op
WorkloadPilot   12: 32768 op, 301224600.00 ns, 9.1926 us/op
WorkloadPilot   13: 65536 op, 198033900.00 ns, 3.0218 us/op
WorkloadPilot   14: 131072 op, 322134400.00 ns, 2.4577 us/op
WorkloadPilot   15: 262144 op, 647547500.00 ns, 2.4702 us/op

OverheadWarmup   1: 262144 op, 946200.00 ns, 3.6095 ns/op
OverheadWarmup   2: 262144 op, 806100.00 ns, 3.0750 ns/op
OverheadWarmup   3: 262144 op, 731100.00 ns, 2.7889 ns/op
OverheadWarmup   4: 262144 op, 700000.00 ns, 2.6703 ns/op
OverheadWarmup   5: 262144 op, 735500.00 ns, 2.8057 ns/op
OverheadWarmup   6: 262144 op, 759400.00 ns, 2.8969 ns/op
OverheadWarmup   7: 262144 op, 733100.00 ns, 2.7966 ns/op
OverheadWarmup   8: 262144 op, 745900.00 ns, 2.8454 ns/op
OverheadWarmup   9: 262144 op, 742900.00 ns, 2.8339 ns/op

OverheadActual   1: 262144 op, 762200.00 ns, 2.9076 ns/op
OverheadActual   2: 262144 op, 749200.00 ns, 2.8580 ns/op
OverheadActual   3: 262144 op, 755000.00 ns, 2.8801 ns/op
OverheadActual   4: 262144 op, 752000.00 ns, 2.8687 ns/op
OverheadActual   5: 262144 op, 762000.00 ns, 2.9068 ns/op
OverheadActual   6: 262144 op, 759000.00 ns, 2.8954 ns/op
OverheadActual   7: 262144 op, 718700.00 ns, 2.7416 ns/op
OverheadActual   8: 262144 op, 728800.00 ns, 2.7802 ns/op
OverheadActual   9: 262144 op, 727400.00 ns, 2.7748 ns/op
OverheadActual  10: 262144 op, 718800.00 ns, 2.7420 ns/op
OverheadActual  11: 262144 op, 733000.00 ns, 2.7962 ns/op
OverheadActual  12: 262144 op, 778100.00 ns, 2.9682 ns/op
OverheadActual  13: 262144 op, 757000.00 ns, 2.8877 ns/op
OverheadActual  14: 262144 op, 724200.00 ns, 2.7626 ns/op
OverheadActual  15: 262144 op, 756100.00 ns, 2.8843 ns/op

WorkloadWarmup   1: 262144 op, 646977500.00 ns, 2.4680 us/op
WorkloadWarmup   2: 262144 op, 647239500.00 ns, 2.4690 us/op
WorkloadWarmup   3: 262144 op, 650022100.00 ns, 2.4796 us/op
WorkloadWarmup   4: 262144 op, 645683000.00 ns, 2.4631 us/op
WorkloadWarmup   5: 262144 op, 649863900.00 ns, 2.4790 us/op
WorkloadWarmup   6: 262144 op, 644567900.00 ns, 2.4588 us/op

// BeforeActualRun
WorkloadActual   1: 262144 op, 645555900.00 ns, 2.4626 us/op
WorkloadActual   2: 262144 op, 649295500.00 ns, 2.4769 us/op
WorkloadActual   3: 262144 op, 645959200.00 ns, 2.4641 us/op
WorkloadActual   4: 262144 op, 644263500.00 ns, 2.4577 us/op
WorkloadActual   5: 262144 op, 647564900.00 ns, 2.4703 us/op
WorkloadActual   6: 262144 op, 643321500.00 ns, 2.4541 us/op
WorkloadActual   7: 262144 op, 642085100.00 ns, 2.4494 us/op
WorkloadActual   8: 262144 op, 645633100.00 ns, 2.4629 us/op
WorkloadActual   9: 262144 op, 638803700.00 ns, 2.4368 us/op
WorkloadActual  10: 262144 op, 641501200.00 ns, 2.4471 us/op
WorkloadActual  11: 262144 op, 643798000.00 ns, 2.4559 us/op
WorkloadActual  12: 262144 op, 641093900.00 ns, 2.4456 us/op
WorkloadActual  13: 262144 op, 642916900.00 ns, 2.4525 us/op
WorkloadActual  14: 262144 op, 646952000.00 ns, 2.4679 us/op
WorkloadActual  15: 262144 op, 641771600.00 ns, 2.4482 us/op

// AfterActualRun
WorkloadResult   1: 262144 op, 644803900.00 ns, 2.4597 us/op
WorkloadResult   2: 262144 op, 648543500.00 ns, 2.4740 us/op
WorkloadResult   3: 262144 op, 645207200.00 ns, 2.4613 us/op
WorkloadResult   4: 262144 op, 643511500.00 ns, 2.4548 us/op
WorkloadResult   5: 262144 op, 646812900.00 ns, 2.4674 us/op
WorkloadResult   6: 262144 op, 642569500.00 ns, 2.4512 us/op
WorkloadResult   7: 262144 op, 641333100.00 ns, 2.4465 us/op
WorkloadResult   8: 262144 op, 644881100.00 ns, 2.4600 us/op
WorkloadResult   9: 262144 op, 638051700.00 ns, 2.4340 us/op
WorkloadResult  10: 262144 op, 640749200.00 ns, 2.4443 us/op
WorkloadResult  11: 262144 op, 643046000.00 ns, 2.4530 us/op
WorkloadResult  12: 262144 op, 640341900.00 ns, 2.4427 us/op
WorkloadResult  13: 262144 op, 642164900.00 ns, 2.4497 us/op
WorkloadResult  14: 262144 op, 646200000.00 ns, 2.4651 us/op
WorkloadResult  15: 262144 op, 641019600.00 ns, 2.4453 us/op
// GC:  168 0 0 3170941144 262144
// Threading:  0 0 262144

// AfterAll
// Benchmark Process 26864 has exited with code 0.

Mean = 2.454 μs, StdErr = 0.003 μs (0.11%), N = 15, StdDev = 0.011 μs
Min = 2.434 μs, Q1 = 2.446 μs, Median = 2.453 μs, Q3 = 2.461 μs, Max = 2.474 μs
IQR = 0.015 μs, LowerFence = 2.424 μs, UpperFence = 2.483 μs
ConfidenceInterval = [2.442 μs; 2.465 μs] (CI 99.9%), Margin = 0.011 μs (0.47% of Mean)
Skewness = 0.07, Kurtosis = 2.06, MValue = 2

// ** Remained 32 (57,1 %) benchmark(s) to run. Estimated finish 2026-02-08 15:31 (0h 10m from now) **
Setup power plan (GUID: 8c5e7fda-e8bf-4a96-9a85-a6e23a8c635c FriendlyName: Visoka učinkovitost delovanja)
// **************************
// Benchmark: Benchmarks.StringBuilderWithAppends: .NET 8.0(Runtime=.NET 8.0) [Model=LargeModel]
// *** Execute ***
// Launch: 1 / 1
// Execute: dotnet "ObjectSerialization-.NET 8.0-2.dll" --anonymousPipes 1932 1852 --benchmarkName "ObjectSerialization.Benchmarks.StringBuilderWithAppends(Model: \"LargeModel\")" --job ".NET 8.0" --benchmarkId 10 in C:\Users\Arnecic\Documents\documents\Programming\benchmark-cs\Benchmarks\ObjectSerialization\bin\Release\net10.0\ObjectSerialization-.NET 8.0-2\bin\Release\net8.0
// BeforeAnythingElse

// Benchmark Process Environment Information:
// BenchmarkDotNet v0.15.8
// Runtime=.NET 8.0.23 (8.0.23, 8.0.2325.60607), X64 RyuJIT x86-64-v3
// GC=Concurrent Workstation
// HardwareIntrinsics=AVX2+BMI1+BMI2+F16C+FMA+LZCNT+MOVBE,AVX,SSE3+SSSE3+SSE4.1+SSE4.2+POPCNT,X86Base+SSE+SSE2,AES+PCLMUL,AvxVnni,SERIALIZE VectorSize=256
// Job: .NET 8.0

OverheadJitting  1: 1 op, 83800.00 ns, 83.8000 us/op
WorkloadJitting  1: 1 op, 5253200.00 ns, 5.2532 ms/op

OverheadJitting  2: 16 op, 225100.00 ns, 14.0688 us/op
WorkloadJitting  2: 16 op, 375800.00 ns, 23.4875 us/op

WorkloadPilot    1: 16 op, 142700.00 ns, 8.9188 us/op
WorkloadPilot    2: 32 op, 246500.00 ns, 7.7031 us/op
WorkloadPilot    3: 64 op, 463700.00 ns, 7.2453 us/op
WorkloadPilot    4: 128 op, 957200.00 ns, 7.4781 us/op
WorkloadPilot    5: 256 op, 2098700.00 ns, 8.1980 us/op
WorkloadPilot    6: 512 op, 3964100.00 ns, 7.7424 us/op
WorkloadPilot    7: 1024 op, 7403600.00 ns, 7.2301 us/op
WorkloadPilot    8: 2048 op, 14998200.00 ns, 7.3233 us/op
WorkloadPilot    9: 4096 op, 23397900.00 ns, 5.7124 us/op
WorkloadPilot   10: 8192 op, 44617900.00 ns, 5.4465 us/op
WorkloadPilot   11: 16384 op, 107259800.00 ns, 6.5466 us/op
WorkloadPilot   12: 32768 op, 273708500.00 ns, 8.3529 us/op
WorkloadPilot   13: 65536 op, 183461800.00 ns, 2.7994 us/op
WorkloadPilot   14: 131072 op, 291010100.00 ns, 2.2202 us/op
WorkloadPilot   15: 262144 op, 585305200.00 ns, 2.2328 us/op

OverheadWarmup   1: 262144 op, 813400.00 ns, 3.1029 ns/op
OverheadWarmup   2: 262144 op, 733400.00 ns, 2.7977 ns/op
OverheadWarmup   3: 262144 op, 773100.00 ns, 2.9491 ns/op
OverheadWarmup   4: 262144 op, 736100.00 ns, 2.8080 ns/op
OverheadWarmup   5: 262144 op, 798100.00 ns, 3.0445 ns/op
OverheadWarmup   6: 262144 op, 731800.00 ns, 2.7916 ns/op

OverheadActual   1: 262144 op, 728300.00 ns, 2.7782 ns/op
OverheadActual   2: 262144 op, 716000.00 ns, 2.7313 ns/op
OverheadActual   3: 262144 op, 713300.00 ns, 2.7210 ns/op
OverheadActual   4: 262144 op, 733200.00 ns, 2.7969 ns/op
OverheadActual   5: 262144 op, 743400.00 ns, 2.8358 ns/op
OverheadActual   6: 262144 op, 739700.00 ns, 2.8217 ns/op
OverheadActual   7: 262144 op, 731700.00 ns, 2.7912 ns/op
OverheadActual   8: 262144 op, 722800.00 ns, 2.7573 ns/op
OverheadActual   9: 262144 op, 781900.00 ns, 2.9827 ns/op
OverheadActual  10: 262144 op, 737500.00 ns, 2.8133 ns/op
OverheadActual  11: 262144 op, 725000.00 ns, 2.7657 ns/op
OverheadActual  12: 262144 op, 752100.00 ns, 2.8690 ns/op
OverheadActual  13: 262144 op, 744900.00 ns, 2.8416 ns/op
OverheadActual  14: 262144 op, 733800.00 ns, 2.7992 ns/op
OverheadActual  15: 262144 op, 738800.00 ns, 2.8183 ns/op

WorkloadWarmup   1: 262144 op, 577682900.00 ns, 2.2037 us/op
WorkloadWarmup   2: 262144 op, 583490600.00 ns, 2.2258 us/op
WorkloadWarmup   3: 262144 op, 573944900.00 ns, 2.1894 us/op
WorkloadWarmup   4: 262144 op, 575916200.00 ns, 2.1969 us/op
WorkloadWarmup   5: 262144 op, 580432600.00 ns, 2.2142 us/op
WorkloadWarmup   6: 262144 op, 578498400.00 ns, 2.2068 us/op

// BeforeActualRun
WorkloadActual   1: 262144 op, 580733200.00 ns, 2.2153 us/op
WorkloadActual   2: 262144 op, 577790900.00 ns, 2.2041 us/op
WorkloadActual   3: 262144 op, 575746400.00 ns, 2.1963 us/op
WorkloadActual   4: 262144 op, 575999000.00 ns, 2.1973 us/op
WorkloadActual   5: 262144 op, 581375000.00 ns, 2.2178 us/op
WorkloadActual   6: 262144 op, 595333900.00 ns, 2.2710 us/op
WorkloadActual   7: 262144 op, 629555000.00 ns, 2.4016 us/op
WorkloadActual   8: 262144 op, 581485500.00 ns, 2.2182 us/op
WorkloadActual   9: 262144 op, 581962500.00 ns, 2.2200 us/op
WorkloadActual  10: 262144 op, 588316700.00 ns, 2.2443 us/op
WorkloadActual  11: 262144 op, 582721800.00 ns, 2.2229 us/op
WorkloadActual  12: 262144 op, 575717500.00 ns, 2.1962 us/op
WorkloadActual  13: 262144 op, 577407200.00 ns, 2.2026 us/op
WorkloadActual  14: 262144 op, 579238300.00 ns, 2.2096 us/op
WorkloadActual  15: 262144 op, 578127600.00 ns, 2.2054 us/op

// AfterActualRun
WorkloadResult   1: 262144 op, 579999400.00 ns, 2.2125 us/op
WorkloadResult   2: 262144 op, 577057100.00 ns, 2.2013 us/op
WorkloadResult   3: 262144 op, 575012600.00 ns, 2.1935 us/op
WorkloadResult   4: 262144 op, 575265200.00 ns, 2.1945 us/op
WorkloadResult   5: 262144 op, 580641200.00 ns, 2.2150 us/op
WorkloadResult   6: 262144 op, 580751700.00 ns, 2.2154 us/op
WorkloadResult   7: 262144 op, 581228700.00 ns, 2.2172 us/op
WorkloadResult   8: 262144 op, 587582900.00 ns, 2.2415 us/op
WorkloadResult   9: 262144 op, 581988000.00 ns, 2.2201 us/op
WorkloadResult  10: 262144 op, 574983700.00 ns, 2.1934 us/op
WorkloadResult  11: 262144 op, 576673400.00 ns, 2.1998 us/op
WorkloadResult  12: 262144 op, 578504500.00 ns, 2.2068 us/op
WorkloadResult  13: 262144 op, 577393800.00 ns, 2.2026 us/op
// GC:  115 1 0 2164293344 262144
// Threading:  0 0 262144

// AfterAll
// Benchmark Process 26344 has exited with code 0.

Mean = 2.209 μs, StdErr = 0.004 μs (0.17%), N = 13, StdDev = 0.014 μs
Min = 2.193 μs, Q1 = 2.200 μs, Median = 2.207 μs, Q3 = 2.215 μs, Max = 2.241 μs
IQR = 0.016 μs, LowerFence = 2.176 μs, UpperFence = 2.239 μs
ConfidenceInterval = [2.192 μs; 2.225 μs] (CI 99.9%), Margin = 0.016 μs (0.74% of Mean)
Skewness = 0.81, Kurtosis = 3.01, MValue = 2

// ** Remained 31 (55,4 %) benchmark(s) to run. Estimated finish 2026-02-08 15:30 (0h 10m from now) **
Setup power plan (GUID: 8c5e7fda-e8bf-4a96-9a85-a6e23a8c635c FriendlyName: Visoka učinkovitost delovanja)
// **************************
// Benchmark: Benchmarks.StringBuilderWithInterpolatedAppends: .NET 8.0(Runtime=.NET 8.0) [Model=LargeModel]
// *** Execute ***
// Launch: 1 / 1
// Execute: dotnet "ObjectSerialization-.NET 8.0-2.dll" --anonymousPipes 1248 1588 --benchmarkName "ObjectSerialization.Benchmarks.StringBuilderWithInterpolatedAppends(Model: \"LargeModel\")" --job ".NET 8.0" --benchmarkId 11 in C:\Users\Arnecic\Documents\documents\Programming\benchmark-cs\Benchmarks\ObjectSerialization\bin\Release\net10.0\ObjectSerialization-.NET 8.0-2\bin\Release\net8.0
// BeforeAnythingElse

// Benchmark Process Environment Information:
// BenchmarkDotNet v0.15.8
// Runtime=.NET 8.0.23 (8.0.23, 8.0.2325.60607), X64 RyuJIT x86-64-v3
// GC=Concurrent Workstation
// HardwareIntrinsics=AVX2+BMI1+BMI2+F16C+FMA+LZCNT+MOVBE,AVX,SSE3+SSSE3+SSE4.1+SSE4.2+POPCNT,X86Base+SSE+SSE2,AES+PCLMUL,AvxVnni,SERIALIZE VectorSize=256
// Job: .NET 8.0

OverheadJitting  1: 1 op, 80400.00 ns, 80.4000 us/op
WorkloadJitting  1: 1 op, 5697700.00 ns, 5.6977 ms/op

OverheadJitting  2: 16 op, 236000.00 ns, 14.7500 us/op
WorkloadJitting  2: 16 op, 407300.00 ns, 25.4563 us/op

WorkloadPilot    1: 16 op, 137500.00 ns, 8.5938 us/op
WorkloadPilot    2: 32 op, 251000.00 ns, 7.8438 us/op
WorkloadPilot    3: 64 op, 429800.00 ns, 6.7156 us/op
WorkloadPilot    4: 128 op, 939600.00 ns, 7.3406 us/op
WorkloadPilot    5: 256 op, 1963200.00 ns, 7.6688 us/op
WorkloadPilot    6: 512 op, 3805200.00 ns, 7.4320 us/op
WorkloadPilot    7: 1024 op, 7657500.00 ns, 7.4780 us/op
WorkloadPilot    8: 2048 op, 15018600.00 ns, 7.3333 us/op
WorkloadPilot    9: 4096 op, 25633400.00 ns, 6.2582 us/op
WorkloadPilot   10: 8192 op, 50333000.00 ns, 6.1442 us/op
WorkloadPilot   11: 16384 op, 130884400.00 ns, 7.9885 us/op
WorkloadPilot   12: 32768 op, 283029200.00 ns, 8.6374 us/op
WorkloadPilot   13: 65536 op, 151700200.00 ns, 2.3148 us/op
WorkloadPilot   14: 131072 op, 297481900.00 ns, 2.2696 us/op
WorkloadPilot   15: 262144 op, 603651200.00 ns, 2.3027 us/op

OverheadWarmup   1: 262144 op, 772100.00 ns, 2.9453 ns/op
OverheadWarmup   2: 262144 op, 796500.00 ns, 3.0384 ns/op
OverheadWarmup   3: 262144 op, 773900.00 ns, 2.9522 ns/op
OverheadWarmup   4: 262144 op, 701500.00 ns, 2.6760 ns/op
OverheadWarmup   5: 262144 op, 727700.00 ns, 2.7760 ns/op
OverheadWarmup   6: 262144 op, 719200.00 ns, 2.7435 ns/op

OverheadActual   1: 262144 op, 707000.00 ns, 2.6970 ns/op
OverheadActual   2: 262144 op, 726200.00 ns, 2.7702 ns/op
OverheadActual   3: 262144 op, 730200.00 ns, 2.7855 ns/op
OverheadActual   4: 262144 op, 723600.00 ns, 2.7603 ns/op
OverheadActual   5: 262144 op, 711800.00 ns, 2.7153 ns/op
OverheadActual   6: 262144 op, 706300.00 ns, 2.6943 ns/op
OverheadActual   7: 262144 op, 705000.00 ns, 2.6894 ns/op
OverheadActual   8: 262144 op, 699600.00 ns, 2.6688 ns/op
OverheadActual   9: 262144 op, 741200.00 ns, 2.8275 ns/op
OverheadActual  10: 262144 op, 735800.00 ns, 2.8069 ns/op
OverheadActual  11: 262144 op, 737000.00 ns, 2.8114 ns/op
OverheadActual  12: 262144 op, 767100.00 ns, 2.9263 ns/op
OverheadActual  13: 262144 op, 765000.00 ns, 2.9182 ns/op
OverheadActual  14: 262144 op, 750600.00 ns, 2.8633 ns/op
OverheadActual  15: 262144 op, 759400.00 ns, 2.8969 ns/op

WorkloadWarmup   1: 262144 op, 606984500.00 ns, 2.3155 us/op
WorkloadWarmup   2: 262144 op, 604818700.00 ns, 2.3072 us/op
WorkloadWarmup   3: 262144 op, 602121200.00 ns, 2.2969 us/op
WorkloadWarmup   4: 262144 op, 601561800.00 ns, 2.2948 us/op
WorkloadWarmup   5: 262144 op, 597656300.00 ns, 2.2799 us/op
WorkloadWarmup   6: 262144 op, 597869900.00 ns, 2.2807 us/op
WorkloadWarmup   7: 262144 op, 598718800.00 ns, 2.2839 us/op
WorkloadWarmup   8: 262144 op, 600284500.00 ns, 2.2899 us/op
WorkloadWarmup   9: 262144 op, 594221800.00 ns, 2.2668 us/op
WorkloadWarmup  10: 262144 op, 599214700.00 ns, 2.2858 us/op
WorkloadWarmup  11: 262144 op, 601386600.00 ns, 2.2941 us/op
WorkloadWarmup  12: 262144 op, 601612600.00 ns, 2.2950 us/op
WorkloadWarmup  13: 262144 op, 603565200.00 ns, 2.3024 us/op
WorkloadWarmup  14: 262144 op, 600164200.00 ns, 2.2894 us/op

// BeforeActualRun
WorkloadActual   1: 262144 op, 606455900.00 ns, 2.3134 us/op
WorkloadActual   2: 262144 op, 601624700.00 ns, 2.2950 us/op
WorkloadActual   3: 262144 op, 603754900.00 ns, 2.3031 us/op
WorkloadActual   4: 262144 op, 600308700.00 ns, 2.2900 us/op
WorkloadActual   5: 262144 op, 598259400.00 ns, 2.2822 us/op
WorkloadActual   6: 262144 op, 597890000.00 ns, 2.2808 us/op
WorkloadActual   7: 262144 op, 598078900.00 ns, 2.2815 us/op
WorkloadActual   8: 262144 op, 606166800.00 ns, 2.3123 us/op
WorkloadActual   9: 262144 op, 602365500.00 ns, 2.2978 us/op
WorkloadActual  10: 262144 op, 597314400.00 ns, 2.2786 us/op
WorkloadActual  11: 262144 op, 601486500.00 ns, 2.2945 us/op
WorkloadActual  12: 262144 op, 598925900.00 ns, 2.2847 us/op
WorkloadActual  13: 262144 op, 598144900.00 ns, 2.2817 us/op
WorkloadActual  14: 262144 op, 605075200.00 ns, 2.3082 us/op
WorkloadActual  15: 262144 op, 599011700.00 ns, 2.2850 us/op

// AfterActualRun
WorkloadResult   1: 262144 op, 605725700.00 ns, 2.3107 us/op
WorkloadResult   2: 262144 op, 600894500.00 ns, 2.2922 us/op
WorkloadResult   3: 262144 op, 603024700.00 ns, 2.3004 us/op
WorkloadResult   4: 262144 op, 599578500.00 ns, 2.2872 us/op
WorkloadResult   5: 262144 op, 597529200.00 ns, 2.2794 us/op
WorkloadResult   6: 262144 op, 597159800.00 ns, 2.2780 us/op
WorkloadResult   7: 262144 op, 597348700.00 ns, 2.2787 us/op
WorkloadResult   8: 262144 op, 605436600.00 ns, 2.3096 us/op
WorkloadResult   9: 262144 op, 601635300.00 ns, 2.2951 us/op
WorkloadResult  10: 262144 op, 596584200.00 ns, 2.2758 us/op
WorkloadResult  11: 262144 op, 600756300.00 ns, 2.2917 us/op
WorkloadResult  12: 262144 op, 598195700.00 ns, 2.2819 us/op
WorkloadResult  13: 262144 op, 597414700.00 ns, 2.2790 us/op
WorkloadResult  14: 262144 op, 604345000.00 ns, 2.3054 us/op
WorkloadResult  15: 262144 op, 598281500.00 ns, 2.2823 us/op
// GC:  94 1 0 1776314344 262144
// Threading:  0 0 262144

// AfterAll
// Benchmark Process 25176 has exited with code 0.

Mean = 2.290 μs, StdErr = 0.003 μs (0.14%), N = 15, StdDev = 0.012 μs
Min = 2.276 μs, Q1 = 2.279 μs, Median = 2.287 μs, Q3 = 2.298 μs, Max = 2.311 μs
IQR = 0.019 μs, LowerFence = 2.251 μs, UpperFence = 2.326 μs
ConfidenceInterval = [2.277 μs; 2.303 μs] (CI 99.9%), Margin = 0.013 μs (0.56% of Mean)
Skewness = 0.49, Kurtosis = 1.65, MValue = 2

// ** Remained 30 (53,6 %) benchmark(s) to run. Estimated finish 2026-02-08 15:30 (0h 9m from now) **
Setup power plan (GUID: 8c5e7fda-e8bf-4a96-9a85-a6e23a8c635c FriendlyName: Visoka učinkovitost delovanja)
// **************************
// Benchmark: Benchmarks.StringBuilderWithAppendsAndPresetCapacity: .NET 8.0(Runtime=.NET 8.0) [Model=LargeModel]
// *** Execute ***
// Launch: 1 / 1
// Execute: dotnet "ObjectSerialization-.NET 8.0-2.dll" --anonymousPipes 1248 1588 --benchmarkName "ObjectSerialization.Benchmarks.StringBuilderWithAppendsAndPresetCapacity(Model: \"LargeModel\")" --job ".NET 8.0" --benchmarkId 12 in C:\Users\Arnecic\Documents\documents\Programming\benchmark-cs\Benchmarks\ObjectSerialization\bin\Release\net10.0\ObjectSerialization-.NET 8.0-2\bin\Release\net8.0
// BeforeAnythingElse

// Benchmark Process Environment Information:
// BenchmarkDotNet v0.15.8
// Runtime=.NET 8.0.23 (8.0.23, 8.0.2325.60607), X64 RyuJIT x86-64-v3
// GC=Concurrent Workstation
// HardwareIntrinsics=AVX2+BMI1+BMI2+F16C+FMA+LZCNT+MOVBE,AVX,SSE3+SSSE3+SSE4.1+SSE4.2+POPCNT,X86Base+SSE+SSE2,AES+PCLMUL,AvxVnni,SERIALIZE VectorSize=256
// Job: .NET 8.0

OverheadJitting  1: 1 op, 80500.00 ns, 80.5000 us/op
WorkloadJitting  1: 1 op, 5301300.00 ns, 5.3013 ms/op

OverheadJitting  2: 16 op, 227400.00 ns, 14.2125 us/op
WorkloadJitting  2: 16 op, 398500.00 ns, 24.9063 us/op

WorkloadPilot    1: 16 op, 101600.00 ns, 6.3500 us/op
WorkloadPilot    2: 32 op, 254500.00 ns, 7.9531 us/op
WorkloadPilot    3: 64 op, 467700.00 ns, 7.3078 us/op
WorkloadPilot    4: 128 op, 1007100.00 ns, 7.8680 us/op
WorkloadPilot    5: 256 op, 2207300.00 ns, 8.6223 us/op
WorkloadPilot    6: 512 op, 4188600.00 ns, 8.1809 us/op
WorkloadPilot    7: 1024 op, 7763800.00 ns, 7.5818 us/op
WorkloadPilot    8: 2048 op, 15372600.00 ns, 7.5062 us/op
WorkloadPilot    9: 4096 op, 23071100.00 ns, 5.6326 us/op
WorkloadPilot   10: 8192 op, 44505200.00 ns, 5.4328 us/op
WorkloadPilot   11: 16384 op, 113805900.00 ns, 6.9462 us/op
WorkloadPilot   12: 32768 op, 281697300.00 ns, 8.5967 us/op
WorkloadPilot   13: 65536 op, 166108300.00 ns, 2.5346 us/op
WorkloadPilot   14: 131072 op, 293897900.00 ns, 2.2423 us/op
WorkloadPilot   15: 262144 op, 589892500.00 ns, 2.2503 us/op

OverheadWarmup   1: 262144 op, 787300.00 ns, 3.0033 ns/op
OverheadWarmup   2: 262144 op, 700100.00 ns, 2.6707 ns/op
OverheadWarmup   3: 262144 op, 728800.00 ns, 2.7802 ns/op
OverheadWarmup   4: 262144 op, 730800.00 ns, 2.7878 ns/op
OverheadWarmup   5: 262144 op, 796300.00 ns, 3.0376 ns/op
OverheadWarmup   6: 262144 op, 701100.00 ns, 2.6745 ns/op
OverheadWarmup   7: 262144 op, 685600.00 ns, 2.6154 ns/op
OverheadWarmup   8: 262144 op, 699100.00 ns, 2.6669 ns/op
OverheadWarmup   9: 262144 op, 693900.00 ns, 2.6470 ns/op

OverheadActual   1: 262144 op, 727600.00 ns, 2.7756 ns/op
OverheadActual   2: 262144 op, 725600.00 ns, 2.7679 ns/op
OverheadActual   3: 262144 op, 728900.00 ns, 2.7805 ns/op
OverheadActual   4: 262144 op, 752700.00 ns, 2.8713 ns/op
OverheadActual   5: 262144 op, 754300.00 ns, 2.8774 ns/op
OverheadActual   6: 262144 op, 733500.00 ns, 2.7981 ns/op
OverheadActual   7: 262144 op, 727500.00 ns, 2.7752 ns/op
OverheadActual   8: 262144 op, 770800.00 ns, 2.9404 ns/op
OverheadActual   9: 262144 op, 721700.00 ns, 2.7531 ns/op
OverheadActual  10: 262144 op, 775100.00 ns, 2.9568 ns/op
OverheadActual  11: 262144 op, 748300.00 ns, 2.8545 ns/op
OverheadActual  12: 262144 op, 726000.00 ns, 2.7695 ns/op
OverheadActual  13: 262144 op, 726300.00 ns, 2.7706 ns/op
OverheadActual  14: 262144 op, 738900.00 ns, 2.8187 ns/op
OverheadActual  15: 262144 op, 732900.00 ns, 2.7958 ns/op

WorkloadWarmup   1: 262144 op, 593958900.00 ns, 2.2658 us/op
WorkloadWarmup   2: 262144 op, 591432000.00 ns, 2.2561 us/op
WorkloadWarmup   3: 262144 op, 584038300.00 ns, 2.2279 us/op
WorkloadWarmup   4: 262144 op, 588226400.00 ns, 2.2439 us/op
WorkloadWarmup   5: 262144 op, 662408200.00 ns, 2.5269 us/op
WorkloadWarmup   6: 262144 op, 593788300.00 ns, 2.2651 us/op
WorkloadWarmup   7: 262144 op, 593257500.00 ns, 2.2631 us/op
WorkloadWarmup   8: 262144 op, 592608900.00 ns, 2.2606 us/op
WorkloadWarmup   9: 262144 op, 592892900.00 ns, 2.2617 us/op
WorkloadWarmup  10: 262144 op, 588439900.00 ns, 2.2447 us/op

// BeforeActualRun
WorkloadActual   1: 262144 op, 594856100.00 ns, 2.2692 us/op
WorkloadActual   2: 262144 op, 593570400.00 ns, 2.2643 us/op
WorkloadActual   3: 262144 op, 591582300.00 ns, 2.2567 us/op
WorkloadActual   4: 262144 op, 592587000.00 ns, 2.2605 us/op
WorkloadActual   5: 262144 op, 589018400.00 ns, 2.2469 us/op
WorkloadActual   6: 262144 op, 590076900.00 ns, 2.2510 us/op
WorkloadActual   7: 262144 op, 588125700.00 ns, 2.2435 us/op
WorkloadActual   8: 262144 op, 590427800.00 ns, 2.2523 us/op
WorkloadActual   9: 262144 op, 585212400.00 ns, 2.2324 us/op
WorkloadActual  10: 262144 op, 586121400.00 ns, 2.2359 us/op
WorkloadActual  11: 262144 op, 586072300.00 ns, 2.2357 us/op
WorkloadActual  12: 262144 op, 595991400.00 ns, 2.2735 us/op
WorkloadActual  13: 262144 op, 585863000.00 ns, 2.2349 us/op
WorkloadActual  14: 262144 op, 593744500.00 ns, 2.2650 us/op
WorkloadActual  15: 262144 op, 592633100.00 ns, 2.2607 us/op

// AfterActualRun
WorkloadResult   1: 262144 op, 594123200.00 ns, 2.2664 us/op
WorkloadResult   2: 262144 op, 592837500.00 ns, 2.2615 us/op
WorkloadResult   3: 262144 op, 590849400.00 ns, 2.2539 us/op
WorkloadResult   4: 262144 op, 591854100.00 ns, 2.2577 us/op
WorkloadResult   5: 262144 op, 588285500.00 ns, 2.2441 us/op
WorkloadResult   6: 262144 op, 589344000.00 ns, 2.2482 us/op
WorkloadResult   7: 262144 op, 587392800.00 ns, 2.2407 us/op
WorkloadResult   8: 262144 op, 589694900.00 ns, 2.2495 us/op
WorkloadResult   9: 262144 op, 584479500.00 ns, 2.2296 us/op
WorkloadResult  10: 262144 op, 585388500.00 ns, 2.2331 us/op
WorkloadResult  11: 262144 op, 585339400.00 ns, 2.2329 us/op
WorkloadResult  12: 262144 op, 595258500.00 ns, 2.2707 us/op
WorkloadResult  13: 262144 op, 585130100.00 ns, 2.2321 us/op
WorkloadResult  14: 262144 op, 593011600.00 ns, 2.2622 us/op
WorkloadResult  15: 262144 op, 591900200.00 ns, 2.2579 us/op
// GC:  127 2 0 2407566336 262144
// Threading:  0 0 262144

// AfterAll
// Benchmark Process 18840 has exited with code 0.

Mean = 2.249 μs, StdErr = 0.003 μs (0.15%), N = 15, StdDev = 0.013 μs
Min = 2.230 μs, Q1 = 2.237 μs, Median = 2.250 μs, Q3 = 2.260 μs, Max = 2.271 μs
IQR = 0.023 μs, LowerFence = 2.203 μs, UpperFence = 2.294 μs
ConfidenceInterval = [2.235 μs; 2.264 μs] (CI 99.9%), Margin = 0.014 μs (0.64% of Mean)
Skewness = -0.07, Kurtosis = 1.49, MValue = 2

// ** Remained 29 (51,8 %) benchmark(s) to run. Estimated finish 2026-02-08 15:30 (0h 9m from now) **
Setup power plan (GUID: 8c5e7fda-e8bf-4a96-9a85-a6e23a8c635c FriendlyName: Visoka učinkovitost delovanja)
// **************************
// Benchmark: Benchmarks.StringBuilderWithInterpolatedAppendsAndPresetCapacity: .NET 8.0(Runtime=.NET 8.0) [Model=LargeModel]
// *** Execute ***
// Launch: 1 / 1
// Execute: dotnet "ObjectSerialization-.NET 8.0-2.dll" --anonymousPipes 1352 1868 --benchmarkName "ObjectSerialization.Benchmarks.StringBuilderWithInterpolatedAppendsAndPresetCapacity(Model: \"LargeModel\")" --job ".NET 8.0" --benchmarkId 13 in C:\Users\Arnecic\Documents\documents\Programming\benchmark-cs\Benchmarks\ObjectSerialization\bin\Release\net10.0\ObjectSerialization-.NET 8.0-2\bin\Release\net8.0
// BeforeAnythingElse

// Benchmark Process Environment Information:
// BenchmarkDotNet v0.15.8
// Runtime=.NET 8.0.23 (8.0.23, 8.0.2325.60607), X64 RyuJIT x86-64-v3
// GC=Concurrent Workstation
// HardwareIntrinsics=AVX2+BMI1+BMI2+F16C+FMA+LZCNT+MOVBE,AVX,SSE3+SSSE3+SSE4.1+SSE4.2+POPCNT,X86Base+SSE+SSE2,AES+PCLMUL,AvxVnni,SERIALIZE VectorSize=256
// Job: .NET 8.0

OverheadJitting  1: 1 op, 79600.00 ns, 79.6000 us/op
WorkloadJitting  1: 1 op, 5635300.00 ns, 5.6353 ms/op

OverheadJitting  2: 16 op, 229900.00 ns, 14.3688 us/op
WorkloadJitting  2: 16 op, 382200.00 ns, 23.8875 us/op

WorkloadPilot    1: 16 op, 147300.00 ns, 9.2063 us/op
WorkloadPilot    2: 32 op, 265900.00 ns, 8.3094 us/op
WorkloadPilot    3: 64 op, 465100.00 ns, 7.2672 us/op
WorkloadPilot    4: 128 op, 1009700.00 ns, 7.8883 us/op
WorkloadPilot    5: 256 op, 2628100.00 ns, 10.2660 us/op
WorkloadPilot    6: 512 op, 4002900.00 ns, 7.8182 us/op
WorkloadPilot    7: 1024 op, 8165600.00 ns, 7.9742 us/op
WorkloadPilot    8: 2048 op, 15841600.00 ns, 7.7352 us/op
WorkloadPilot    9: 4096 op, 26198700.00 ns, 6.3962 us/op
WorkloadPilot   10: 8192 op, 50456600.00 ns, 6.1593 us/op
WorkloadPilot   11: 16384 op, 135281000.00 ns, 8.2569 us/op
WorkloadPilot   12: 32768 op, 276694300.00 ns, 8.4440 us/op
WorkloadPilot   13: 65536 op, 151567600.00 ns, 2.3127 us/op
WorkloadPilot   14: 131072 op, 304937400.00 ns, 2.3265 us/op
WorkloadPilot   15: 262144 op, 613332400.00 ns, 2.3397 us/op

OverheadWarmup   1: 262144 op, 760300.00 ns, 2.9003 ns/op
OverheadWarmup   2: 262144 op, 814400.00 ns, 3.1067 ns/op
OverheadWarmup   3: 262144 op, 738500.00 ns, 2.8172 ns/op
OverheadWarmup   4: 262144 op, 727700.00 ns, 2.7760 ns/op
OverheadWarmup   5: 262144 op, 751400.00 ns, 2.8664 ns/op
OverheadWarmup   6: 262144 op, 714200.00 ns, 2.7245 ns/op

OverheadActual   1: 262144 op, 788400.00 ns, 3.0075 ns/op
OverheadActual   2: 262144 op, 722000.00 ns, 2.7542 ns/op
OverheadActual   3: 262144 op, 724200.00 ns, 2.7626 ns/op
OverheadActual   4: 262144 op, 722000.00 ns, 2.7542 ns/op
OverheadActual   5: 262144 op, 721900.00 ns, 2.7538 ns/op
OverheadActual   6: 262144 op, 710500.00 ns, 2.7103 ns/op
OverheadActual   7: 262144 op, 707700.00 ns, 2.6997 ns/op
OverheadActual   8: 262144 op, 718600.00 ns, 2.7412 ns/op
OverheadActual   9: 262144 op, 760400.00 ns, 2.9007 ns/op
OverheadActual  10: 262144 op, 765500.00 ns, 2.9202 ns/op
OverheadActual  11: 262144 op, 733200.00 ns, 2.7969 ns/op
OverheadActual  12: 262144 op, 737500.00 ns, 2.8133 ns/op
OverheadActual  13: 262144 op, 740300.00 ns, 2.8240 ns/op
OverheadActual  14: 262144 op, 734600.00 ns, 2.8023 ns/op
OverheadActual  15: 262144 op, 727500.00 ns, 2.7752 ns/op

WorkloadWarmup   1: 262144 op, 610656600.00 ns, 2.3295 us/op
WorkloadWarmup   2: 262144 op, 614427800.00 ns, 2.3439 us/op
WorkloadWarmup   3: 262144 op, 609299500.00 ns, 2.3243 us/op
WorkloadWarmup   4: 262144 op, 604960600.00 ns, 2.3077 us/op
WorkloadWarmup   5: 262144 op, 609412800.00 ns, 2.3247 us/op
WorkloadWarmup   6: 262144 op, 608024800.00 ns, 2.3194 us/op

// BeforeActualRun
WorkloadActual   1: 262144 op, 612299300.00 ns, 2.3357 us/op
WorkloadActual   2: 262144 op, 607655200.00 ns, 2.3180 us/op
WorkloadActual   3: 262144 op, 605695600.00 ns, 2.3105 us/op
WorkloadActual   4: 262144 op, 606683800.00 ns, 2.3143 us/op
WorkloadActual   5: 262144 op, 604484000.00 ns, 2.3059 us/op
WorkloadActual   6: 262144 op, 615101700.00 ns, 2.3464 us/op
WorkloadActual   7: 262144 op, 608456300.00 ns, 2.3211 us/op
WorkloadActual   8: 262144 op, 611432600.00 ns, 2.3324 us/op
WorkloadActual   9: 262144 op, 609138700.00 ns, 2.3237 us/op
WorkloadActual  10: 262144 op, 606169900.00 ns, 2.3124 us/op
WorkloadActual  11: 262144 op, 612352700.00 ns, 2.3359 us/op
WorkloadActual  12: 262144 op, 610475700.00 ns, 2.3288 us/op
WorkloadActual  13: 262144 op, 616416300.00 ns, 2.3514 us/op
WorkloadActual  14: 262144 op, 613373000.00 ns, 2.3398 us/op
WorkloadActual  15: 262144 op, 607441700.00 ns, 2.3172 us/op

// AfterActualRun
WorkloadResult   1: 262144 op, 611571800.00 ns, 2.3330 us/op
WorkloadResult   2: 262144 op, 606927700.00 ns, 2.3152 us/op
WorkloadResult   3: 262144 op, 604968100.00 ns, 2.3078 us/op
WorkloadResult   4: 262144 op, 605956300.00 ns, 2.3115 us/op
WorkloadResult   5: 262144 op, 603756500.00 ns, 2.3031 us/op
WorkloadResult   6: 262144 op, 614374200.00 ns, 2.3437 us/op
WorkloadResult   7: 262144 op, 607728800.00 ns, 2.3183 us/op
WorkloadResult   8: 262144 op, 610705100.00 ns, 2.3297 us/op
WorkloadResult   9: 262144 op, 608411200.00 ns, 2.3209 us/op
WorkloadResult  10: 262144 op, 605442400.00 ns, 2.3096 us/op
WorkloadResult  11: 262144 op, 611625200.00 ns, 2.3332 us/op
WorkloadResult  12: 262144 op, 609748200.00 ns, 2.3260 us/op
WorkloadResult  13: 262144 op, 615688800.00 ns, 2.3487 us/op
WorkloadResult  14: 262144 op, 612645500.00 ns, 2.3371 us/op
WorkloadResult  15: 262144 op, 606714200.00 ns, 2.3144 us/op
// GC:  107 1 0 2019587616 262144
// Threading:  0 0 262144

// AfterAll
// Benchmark Process 26524 has exited with code 0.

Mean = 2.323 μs, StdErr = 0.004 μs (0.15%), N = 15, StdDev = 0.014 μs
Min = 2.303 μs, Q1 = 2.313 μs, Median = 2.321 μs, Q3 = 2.333 μs, Max = 2.349 μs
IQR = 0.020 μs, LowerFence = 2.283 μs, UpperFence = 2.363 μs
ConfidenceInterval = [2.309 μs; 2.338 μs] (CI 99.9%), Margin = 0.015 μs (0.63% of Mean)
Skewness = 0.27, Kurtosis = 1.74, MValue = 2

// ** Remained 28 (50,0 %) benchmark(s) to run. Estimated finish 2026-02-08 15:30 (0h 8m from now) **
Setup power plan (GUID: 8c5e7fda-e8bf-4a96-9a85-a6e23a8c635c FriendlyName: Visoka učinkovitost delovanja)
// **************************
// Benchmark: Benchmarks.Json: .NET 10.0(Runtime=.NET 10.0) [Model=MediumModel]
// *** Execute ***
// Launch: 1 / 1
// Execute: dotnet "ObjectSerialization-.NET 10.0-1.dll" --anonymousPipes 1240 2032 --benchmarkName "ObjectSerialization.Benchmarks.Json(Model: \"MediumModel\")" --job ".NET 10.0" --benchmarkId 14 in C:\Users\Arnecic\Documents\documents\Programming\benchmark-cs\Benchmarks\ObjectSerialization\bin\Release\net10.0\ObjectSerialization-.NET 10.0-1\bin\Release\net10.0
// BeforeAnythingElse

// Benchmark Process Environment Information:
// BenchmarkDotNet v0.15.8
// Runtime=.NET 10.0.2 (10.0.2, 10.0.225.61305), X64 RyuJIT x86-64-v3
// GC=Concurrent Workstation
// HardwareIntrinsics=AVX2+BMI1+BMI2+F16C+FMA+LZCNT+MOVBE,AVX,SSE3+SSSE3+SSE4.1+SSE4.2+POPCNT,X86Base+SSE+SSE2,AES+PCLMUL,AvxVnni,SERIALIZE VectorSize=256
// Job: .NET 10.0

OverheadJitting  1: 1 op, 100400.00 ns, 100.4000 us/op
WorkloadJitting  1: 1 op, 18096900.00 ns, 18.0969 ms/op

OverheadJitting  2: 16 op, 227500.00 ns, 14.2188 us/op
WorkloadJitting  2: 16 op, 312300.00 ns, 19.5188 us/op

WorkloadPilot    1: 16 op, 49700.00 ns, 3.1063 us/op
WorkloadPilot    2: 32 op, 76300.00 ns, 2.3844 us/op
WorkloadPilot    3: 64 op, 114300.00 ns, 1.7859 us/op
WorkloadPilot    4: 128 op, 239400.00 ns, 1.8703 us/op
WorkloadPilot    5: 256 op, 484200.00 ns, 1.8914 us/op
WorkloadPilot    6: 512 op, 983500.00 ns, 1.9209 us/op
WorkloadPilot    7: 1024 op, 2109200.00 ns, 2.0598 us/op
WorkloadPilot    8: 2048 op, 4435900.00 ns, 2.1660 us/op
WorkloadPilot    9: 4096 op, 7928500.00 ns, 1.9357 us/op
WorkloadPilot   10: 8192 op, 16180000.00 ns, 1.9751 us/op
WorkloadPilot   11: 16384 op, 29048300.00 ns, 1.7730 us/op
WorkloadPilot   12: 32768 op, 52764400.00 ns, 1.6102 us/op
WorkloadPilot   13: 65536 op, 121400300.00 ns, 1.8524 us/op
WorkloadPilot   14: 131072 op, 232191500.00 ns, 1.7715 us/op
WorkloadPilot   15: 262144 op, 170902000.00 ns, 651.9394 ns/op
WorkloadPilot   16: 524288 op, 205111400.00 ns, 391.2189 ns/op
WorkloadPilot   17: 1048576 op, 410396600.00 ns, 391.3847 ns/op
WorkloadPilot   18: 2097152 op, 898266500.00 ns, 428.3268 ns/op

OverheadWarmup   1: 2097152 op, 5831900.00 ns, 2.7809 ns/op
OverheadWarmup   2: 2097152 op, 5552400.00 ns, 2.6476 ns/op
OverheadWarmup   3: 2097152 op, 5611100.00 ns, 2.6756 ns/op
OverheadWarmup   4: 2097152 op, 5549900.00 ns, 2.6464 ns/op
OverheadWarmup   5: 2097152 op, 5925800.00 ns, 2.8256 ns/op
OverheadWarmup   6: 2097152 op, 5734800.00 ns, 2.7346 ns/op

OverheadActual   1: 2097152 op, 5479600.00 ns, 2.6129 ns/op
OverheadActual   2: 2097152 op, 5914900.00 ns, 2.8204 ns/op
OverheadActual   3: 2097152 op, 5561400.00 ns, 2.6519 ns/op
OverheadActual   4: 2097152 op, 5901000.00 ns, 2.8138 ns/op
OverheadActual   5: 2097152 op, 5517800.00 ns, 2.6311 ns/op
OverheadActual   6: 2097152 op, 5535800.00 ns, 2.6397 ns/op
OverheadActual   7: 2097152 op, 5903200.00 ns, 2.8149 ns/op
OverheadActual   8: 2097152 op, 5542300.00 ns, 2.6428 ns/op
OverheadActual   9: 2097152 op, 5489600.00 ns, 2.6176 ns/op
OverheadActual  10: 2097152 op, 5902900.00 ns, 2.8147 ns/op
OverheadActual  11: 2097152 op, 5541300.00 ns, 2.6423 ns/op
OverheadActual  12: 2097152 op, 5500500.00 ns, 2.6228 ns/op
OverheadActual  13: 2097152 op, 5997300.00 ns, 2.8597 ns/op
OverheadActual  14: 2097152 op, 5515000.00 ns, 2.6298 ns/op
OverheadActual  15: 2097152 op, 5574800.00 ns, 2.6583 ns/op

WorkloadWarmup   1: 2097152 op, 832856600.00 ns, 397.1370 ns/op
WorkloadWarmup   2: 2097152 op, 833884000.00 ns, 397.6269 ns/op
WorkloadWarmup   3: 2097152 op, 855962000.00 ns, 408.1545 ns/op
WorkloadWarmup   4: 2097152 op, 823022900.00 ns, 392.4479 ns/op
WorkloadWarmup   5: 2097152 op, 828764800.00 ns, 395.1859 ns/op
WorkloadWarmup   6: 2097152 op, 819907000.00 ns, 390.9621 ns/op

// BeforeActualRun
WorkloadActual   1: 2097152 op, 822319800.00 ns, 392.1126 ns/op
WorkloadActual   2: 2097152 op, 817117200.00 ns, 389.6318 ns/op
WorkloadActual   3: 2097152 op, 820648300.00 ns, 391.3156 ns/op
WorkloadActual   4: 2097152 op, 818686000.00 ns, 390.3799 ns/op
WorkloadActual   5: 2097152 op, 817256800.00 ns, 389.6984 ns/op
WorkloadActual   6: 2097152 op, 818605600.00 ns, 390.3416 ns/op
WorkloadActual   7: 2097152 op, 824147100.00 ns, 392.9840 ns/op
WorkloadActual   8: 2097152 op, 820071600.00 ns, 391.0406 ns/op
WorkloadActual   9: 2097152 op, 824144400.00 ns, 392.9827 ns/op
WorkloadActual  10: 2097152 op, 817971000.00 ns, 390.0390 ns/op
WorkloadActual  11: 2097152 op, 819566600.00 ns, 390.7998 ns/op
WorkloadActual  12: 2097152 op, 816774300.00 ns, 389.4683 ns/op
WorkloadActual  13: 2097152 op, 819079400.00 ns, 390.5675 ns/op
WorkloadActual  14: 2097152 op, 820232100.00 ns, 391.1171 ns/op
WorkloadActual  15: 2097152 op, 820660000.00 ns, 391.3212 ns/op

// AfterActualRun
WorkloadResult   1: 2097152 op, 816777500.00 ns, 389.4699 ns/op
WorkloadResult   2: 2097152 op, 811574900.00 ns, 386.9891 ns/op
WorkloadResult   3: 2097152 op, 815106000.00 ns, 388.6728 ns/op
WorkloadResult   4: 2097152 op, 813143700.00 ns, 387.7371 ns/op
WorkloadResult   5: 2097152 op, 811714500.00 ns, 387.0556 ns/op
WorkloadResult   6: 2097152 op, 813063300.00 ns, 387.6988 ns/op
WorkloadResult   7: 2097152 op, 818604800.00 ns, 390.3412 ns/op
WorkloadResult   8: 2097152 op, 814529300.00 ns, 388.3978 ns/op
WorkloadResult   9: 2097152 op, 818602100.00 ns, 390.3399 ns/op
WorkloadResult  10: 2097152 op, 812428700.00 ns, 387.3962 ns/op
WorkloadResult  11: 2097152 op, 814024300.00 ns, 388.1570 ns/op
WorkloadResult  12: 2097152 op, 811232000.00 ns, 386.8256 ns/op
WorkloadResult  13: 2097152 op, 813537100.00 ns, 387.9247 ns/op
WorkloadResult  14: 2097152 op, 814689800.00 ns, 388.4744 ns/op
WorkloadResult  15: 2097152 op, 815117700.00 ns, 388.6784 ns/op
// GC:  169 0 0 3187671040 2097152
// Threading:  0 0 2097152

// AfterAll
// Benchmark Process 28508 has exited with code 0.

Mean = 388.277 ns, StdErr = 0.285 ns (0.07%), N = 15, StdDev = 1.105 ns
Min = 386.826 ns, Q1 = 387.547 ns, Median = 388.157 ns, Q3 = 388.676 ns, Max = 390.341 ns
IQR = 1.128 ns, LowerFence = 385.855 ns, UpperFence = 390.368 ns
ConfidenceInterval = [387.095 ns; 389.459 ns] (CI 99.9%), Margin = 1.182 ns (0.30% of Mean)
Skewness = 0.56, Kurtosis = 2.17, MValue = 2

// ** Remained 27 (48,2 %) benchmark(s) to run. Estimated finish 2026-02-08 15:30 (0h 8m from now) **
Setup power plan (GUID: 8c5e7fda-e8bf-4a96-9a85-a6e23a8c635c FriendlyName: Visoka učinkovitost delovanja)
// **************************
// Benchmark: Benchmarks.SplitStringInterpolation: .NET 10.0(Runtime=.NET 10.0) [Model=MediumModel]
// *** Execute ***
// Launch: 1 / 1
// Execute: dotnet "ObjectSerialization-.NET 10.0-1.dll" --anonymousPipes 2040 1236 --benchmarkName "ObjectSerialization.Benchmarks.SplitStringInterpolation(Model: \"MediumModel\")" --job ".NET 10.0" --benchmarkId 15 in C:\Users\Arnecic\Documents\documents\Programming\benchmark-cs\Benchmarks\ObjectSerialization\bin\Release\net10.0\ObjectSerialization-.NET 10.0-1\bin\Release\net10.0
// BeforeAnythingElse

// Benchmark Process Environment Information:
// BenchmarkDotNet v0.15.8
// Runtime=.NET 10.0.2 (10.0.2, 10.0.225.61305), X64 RyuJIT x86-64-v3
// GC=Concurrent Workstation
// HardwareIntrinsics=AVX2+BMI1+BMI2+F16C+FMA+LZCNT+MOVBE,AVX,SSE3+SSSE3+SSE4.1+SSE4.2+POPCNT,X86Base+SSE+SSE2,AES+PCLMUL,AvxVnni,SERIALIZE VectorSize=256
// Job: .NET 10.0

OverheadJitting  1: 1 op, 95000.00 ns, 95.0000 us/op
WorkloadJitting  1: 1 op, 3514700.00 ns, 3.5147 ms/op

OverheadJitting  2: 16 op, 233000.00 ns, 14.5625 us/op
WorkloadJitting  2: 16 op, 256800.00 ns, 16.0500 us/op

WorkloadPilot    1: 16 op, 36100.00 ns, 2.2563 us/op
WorkloadPilot    2: 32 op, 58200.00 ns, 1.8188 us/op
WorkloadPilot    3: 64 op, 107500.00 ns, 1.6797 us/op
WorkloadPilot    4: 128 op, 176800.00 ns, 1.3813 us/op
WorkloadPilot    5: 256 op, 319400.00 ns, 1.2477 us/op
WorkloadPilot    6: 512 op, 649800.00 ns, 1.2691 us/op
WorkloadPilot    7: 1024 op, 1244100.00 ns, 1.2149 us/op
WorkloadPilot    8: 2048 op, 2458100.00 ns, 1.2002 us/op
WorkloadPilot    9: 4096 op, 5643600.00 ns, 1.3778 us/op
WorkloadPilot   10: 8192 op, 9783500.00 ns, 1.1943 us/op
WorkloadPilot   11: 16384 op, 20293600.00 ns, 1.2386 us/op
WorkloadPilot   12: 32768 op, 35565200.00 ns, 1.0854 us/op
WorkloadPilot   13: 65536 op, 68337700.00 ns, 1.0428 us/op
WorkloadPilot   14: 131072 op, 213934500.00 ns, 1.6322 us/op
WorkloadPilot   15: 262144 op, 388867300.00 ns, 1.4834 us/op
WorkloadPilot   16: 524288 op, 204881900.00 ns, 390.7812 ns/op
WorkloadPilot   17: 1048576 op, 411122600.00 ns, 392.0771 ns/op
WorkloadPilot   18: 2097152 op, 824964000.00 ns, 393.3735 ns/op

OverheadWarmup   1: 2097152 op, 6695300.00 ns, 3.1926 ns/op
OverheadWarmup   2: 2097152 op, 5968400.00 ns, 2.8460 ns/op
OverheadWarmup   3: 2097152 op, 6078700.00 ns, 2.8986 ns/op
OverheadWarmup   4: 2097152 op, 5541700.00 ns, 2.6425 ns/op
OverheadWarmup   5: 2097152 op, 5532100.00 ns, 2.6379 ns/op
OverheadWarmup   6: 2097152 op, 5823100.00 ns, 2.7767 ns/op
OverheadWarmup   7: 2097152 op, 5640000.00 ns, 2.6894 ns/op

OverheadActual   1: 2097152 op, 5564700.00 ns, 2.6535 ns/op
OverheadActual   2: 2097152 op, 5550700.00 ns, 2.6468 ns/op
OverheadActual   3: 2097152 op, 5509700.00 ns, 2.6272 ns/op
OverheadActual   4: 2097152 op, 5737700.00 ns, 2.7359 ns/op
OverheadActual   5: 2097152 op, 5556200.00 ns, 2.6494 ns/op
OverheadActual   6: 2097152 op, 6070200.00 ns, 2.8945 ns/op
OverheadActual   7: 2097152 op, 5553500.00 ns, 2.6481 ns/op
OverheadActual   8: 2097152 op, 5771800.00 ns, 2.7522 ns/op
OverheadActual   9: 2097152 op, 6045700.00 ns, 2.8828 ns/op
OverheadActual  10: 2097152 op, 5733100.00 ns, 2.7338 ns/op
OverheadActual  11: 2097152 op, 5635000.00 ns, 2.6870 ns/op
OverheadActual  12: 2097152 op, 5586000.00 ns, 2.6636 ns/op
OverheadActual  13: 2097152 op, 5552500.00 ns, 2.6476 ns/op
OverheadActual  14: 2097152 op, 5541400.00 ns, 2.6423 ns/op
OverheadActual  15: 2097152 op, 6189200.00 ns, 2.9512 ns/op

WorkloadWarmup   1: 2097152 op, 834786200.00 ns, 398.0571 ns/op
WorkloadWarmup   2: 2097152 op, 834240400.00 ns, 397.7968 ns/op
WorkloadWarmup   3: 2097152 op, 828855100.00 ns, 395.2289 ns/op
WorkloadWarmup   4: 2097152 op, 824243600.00 ns, 393.0300 ns/op
WorkloadWarmup   5: 2097152 op, 822348600.00 ns, 392.1264 ns/op
WorkloadWarmup   6: 2097152 op, 820761000.00 ns, 391.3693 ns/op
WorkloadWarmup   7: 2097152 op, 823616100.00 ns, 392.7308 ns/op
WorkloadWarmup   8: 2097152 op, 820675700.00 ns, 391.3287 ns/op
WorkloadWarmup   9: 2097152 op, 826946800.00 ns, 394.3190 ns/op
WorkloadWarmup  10: 2097152 op, 823116100.00 ns, 392.4923 ns/op

// BeforeActualRun
WorkloadActual   1: 2097152 op, 906817600.00 ns, 432.4043 ns/op
WorkloadActual   2: 2097152 op, 826520300.00 ns, 394.1156 ns/op
WorkloadActual   3: 2097152 op, 825396600.00 ns, 393.5798 ns/op
WorkloadActual   4: 2097152 op, 829397000.00 ns, 395.4873 ns/op
WorkloadActual   5: 2097152 op, 832627700.00 ns, 397.0278 ns/op
WorkloadActual   6: 2097152 op, 826055500.00 ns, 393.8940 ns/op
WorkloadActual   7: 2097152 op, 827547400.00 ns, 394.6054 ns/op
WorkloadActual   8: 2097152 op, 822277100.00 ns, 392.0923 ns/op
WorkloadActual   9: 2097152 op, 824861000.00 ns, 393.3244 ns/op
WorkloadActual  10: 2097152 op, 823425300.00 ns, 392.6398 ns/op
WorkloadActual  11: 2097152 op, 816707000.00 ns, 389.4362 ns/op
WorkloadActual  12: 2097152 op, 821794300.00 ns, 391.8621 ns/op
WorkloadActual  13: 2097152 op, 823932200.00 ns, 392.8815 ns/op
WorkloadActual  14: 2097152 op, 826329100.00 ns, 394.0244 ns/op
WorkloadActual  15: 2097152 op, 830648200.00 ns, 396.0839 ns/op

// AfterActualRun
WorkloadResult   1: 2097152 op, 820934300.00 ns, 391.4520 ns/op
WorkloadResult   2: 2097152 op, 819810600.00 ns, 390.9162 ns/op
WorkloadResult   3: 2097152 op, 823811000.00 ns, 392.8237 ns/op
WorkloadResult   4: 2097152 op, 827041700.00 ns, 394.3642 ns/op
WorkloadResult   5: 2097152 op, 820469500.00 ns, 391.2303 ns/op
WorkloadResult   6: 2097152 op, 821961400.00 ns, 391.9417 ns/op
WorkloadResult   7: 2097152 op, 816691100.00 ns, 389.4287 ns/op
WorkloadResult   8: 2097152 op, 819275000.00 ns, 390.6608 ns/op
WorkloadResult   9: 2097152 op, 817839300.00 ns, 389.9762 ns/op
WorkloadResult  10: 2097152 op, 811121000.00 ns, 386.7726 ns/op
WorkloadResult  11: 2097152 op, 816208300.00 ns, 389.1984 ns/op
WorkloadResult  12: 2097152 op, 818346200.00 ns, 390.2179 ns/op
WorkloadResult  13: 2097152 op, 820743100.00 ns, 391.3608 ns/op
WorkloadResult  14: 2097152 op, 825062200.00 ns, 393.4203 ns/op
// GC:  116 0 0 2197848992 2097152
// Threading:  0 0 2097152

// AfterAll
// Benchmark Process 25312 has exited with code 0.

Mean = 390.983 ns, StdErr = 0.509 ns (0.13%), N = 14, StdDev = 1.904 ns
Min = 386.773 ns, Q1 = 390.037 ns, Median = 391.073 ns, Q3 = 391.819 ns, Max = 394.364 ns
IQR = 1.783 ns, LowerFence = 387.363 ns, UpperFence = 394.493 ns
ConfidenceInterval = [388.835 ns; 393.131 ns] (CI 99.9%), Margin = 2.148 ns (0.55% of Mean)
Skewness = -0.26, Kurtosis = 2.77, MValue = 2

// ** Remained 26 (46,4 %) benchmark(s) to run. Estimated finish 2026-02-08 15:30 (0h 8m from now) **
Setup power plan (GUID: 8c5e7fda-e8bf-4a96-9a85-a6e23a8c635c FriendlyName: Visoka učinkovitost delovanja)
// **************************
// Benchmark: Benchmarks.StringJoinDynamic: .NET 10.0(Runtime=.NET 10.0) [Model=MediumModel]
// *** Execute ***
// Launch: 1 / 1
// Execute: dotnet "ObjectSerialization-.NET 10.0-1.dll" --anonymousPipes 2132 2128 --benchmarkName "ObjectSerialization.Benchmarks.StringJoinDynamic(Model: \"MediumModel\")" --job ".NET 10.0" --benchmarkId 16 in C:\Users\Arnecic\Documents\documents\Programming\benchmark-cs\Benchmarks\ObjectSerialization\bin\Release\net10.0\ObjectSerialization-.NET 10.0-1\bin\Release\net10.0
// BeforeAnythingElse

// Benchmark Process Environment Information:
// BenchmarkDotNet v0.15.8
// Runtime=.NET 10.0.2 (10.0.2, 10.0.225.61305), X64 RyuJIT x86-64-v3
// GC=Concurrent Workstation
// HardwareIntrinsics=AVX2+BMI1+BMI2+F16C+FMA+LZCNT+MOVBE,AVX,SSE3+SSSE3+SSE4.1+SSE4.2+POPCNT,X86Base+SSE+SSE2,AES+PCLMUL,AvxVnni,SERIALIZE VectorSize=256
// Job: .NET 10.0

OverheadJitting  1: 1 op, 100100.00 ns, 100.1000 us/op
WorkloadJitting  1: 1 op, 2727200.00 ns, 2.7272 ms/op

OverheadJitting  2: 16 op, 230200.00 ns, 14.3875 us/op
WorkloadJitting  2: 16 op, 298400.00 ns, 18.6500 us/op

WorkloadPilot    1: 16 op, 62100.00 ns, 3.8813 us/op
WorkloadPilot    2: 32 op, 105800.00 ns, 3.3063 us/op
WorkloadPilot    3: 64 op, 160800.00 ns, 2.5125 us/op
WorkloadPilot    4: 128 op, 317900.00 ns, 2.4836 us/op
WorkloadPilot    5: 256 op, 671400.00 ns, 2.6227 us/op
WorkloadPilot    6: 512 op, 1504500.00 ns, 2.9385 us/op
WorkloadPilot    7: 1024 op, 2866800.00 ns, 2.7996 us/op
WorkloadPilot    8: 2048 op, 5604000.00 ns, 2.7363 us/op
WorkloadPilot    9: 4096 op, 10613900.00 ns, 2.5913 us/op
WorkloadPilot   10: 8192 op, 14920900.00 ns, 1.8214 us/op
WorkloadPilot   11: 16384 op, 28597400.00 ns, 1.7454 us/op
WorkloadPilot   12: 32768 op, 58092300.00 ns, 1.7728 us/op
WorkloadPilot   13: 65536 op, 190917600.00 ns, 2.9132 us/op
WorkloadPilot   14: 131072 op, 246202500.00 ns, 1.8784 us/op
WorkloadPilot   15: 262144 op, 187075400.00 ns, 713.6360 ns/op
WorkloadPilot   16: 524288 op, 371237800.00 ns, 708.0799 ns/op
WorkloadPilot   17: 1048576 op, 734917400.00 ns, 700.8718 ns/op

OverheadWarmup   1: 1048576 op, 2996200.00 ns, 2.8574 ns/op
OverheadWarmup   2: 1048576 op, 2795400.00 ns, 2.6659 ns/op
OverheadWarmup   3: 1048576 op, 2827300.00 ns, 2.6963 ns/op
OverheadWarmup   4: 1048576 op, 2865000.00 ns, 2.7323 ns/op
OverheadWarmup   5: 1048576 op, 2926700.00 ns, 2.7911 ns/op
OverheadWarmup   6: 1048576 op, 2982600.00 ns, 2.8444 ns/op
OverheadWarmup   7: 1048576 op, 2968700.00 ns, 2.8312 ns/op
OverheadWarmup   8: 1048576 op, 2816900.00 ns, 2.6864 ns/op
OverheadWarmup   9: 1048576 op, 2984100.00 ns, 2.8459 ns/op
OverheadWarmup  10: 1048576 op, 2994900.00 ns, 2.8562 ns/op

OverheadActual   1: 1048576 op, 2972400.00 ns, 2.8347 ns/op
OverheadActual   2: 1048576 op, 2979200.00 ns, 2.8412 ns/op
OverheadActual   3: 1048576 op, 2980600.00 ns, 2.8425 ns/op
OverheadActual   4: 1048576 op, 2989600.00 ns, 2.8511 ns/op
OverheadActual   5: 1048576 op, 2938400.00 ns, 2.8023 ns/op
OverheadActual   6: 1048576 op, 2963100.00 ns, 2.8258 ns/op
OverheadActual   7: 1048576 op, 2964700.00 ns, 2.8274 ns/op
OverheadActual   8: 1048576 op, 2910500.00 ns, 2.7757 ns/op
OverheadActual   9: 1048576 op, 3077900.00 ns, 2.9353 ns/op
OverheadActual  10: 1048576 op, 2824300.00 ns, 2.6935 ns/op
OverheadActual  11: 1048576 op, 2786000.00 ns, 2.6569 ns/op
OverheadActual  12: 1048576 op, 2758900.00 ns, 2.6311 ns/op
OverheadActual  13: 1048576 op, 2801700.00 ns, 2.6719 ns/op
OverheadActual  14: 1048576 op, 3027800.00 ns, 2.8875 ns/op
OverheadActual  15: 1048576 op, 2962200.00 ns, 2.8250 ns/op

WorkloadWarmup   1: 1048576 op, 742579800.00 ns, 708.1793 ns/op
WorkloadWarmup   2: 1048576 op, 739514000.00 ns, 705.2555 ns/op
WorkloadWarmup   3: 1048576 op, 732871600.00 ns, 698.9208 ns/op
WorkloadWarmup   4: 1048576 op, 733955900.00 ns, 699.9549 ns/op
WorkloadWarmup   5: 1048576 op, 723998600.00 ns, 690.4589 ns/op
WorkloadWarmup   6: 1048576 op, 727695400.00 ns, 693.9844 ns/op
WorkloadWarmup   7: 1048576 op, 726571900.00 ns, 692.9130 ns/op

// BeforeActualRun
WorkloadActual   1: 1048576 op, 725515800.00 ns, 691.9058 ns/op
WorkloadActual   2: 1048576 op, 733566600.00 ns, 699.5836 ns/op
WorkloadActual   3: 1048576 op, 733486600.00 ns, 699.5073 ns/op
WorkloadActual   4: 1048576 op, 734461400.00 ns, 700.4370 ns/op
WorkloadActual   5: 1048576 op, 726184800.00 ns, 692.5438 ns/op
WorkloadActual   6: 1048576 op, 734806400.00 ns, 700.7660 ns/op
WorkloadActual   7: 1048576 op, 727887800.00 ns, 694.1679 ns/op
WorkloadActual   8: 1048576 op, 730092000.00 ns, 696.2700 ns/op
WorkloadActual   9: 1048576 op, 730744500.00 ns, 696.8923 ns/op
WorkloadActual  10: 1048576 op, 732703500.00 ns, 698.7605 ns/op
WorkloadActual  11: 1048576 op, 728241100.00 ns, 694.5048 ns/op
WorkloadActual  12: 1048576 op, 730262000.00 ns, 696.4321 ns/op
WorkloadActual  13: 1048576 op, 728573300.00 ns, 694.8216 ns/op
WorkloadActual  14: 1048576 op, 821188600.00 ns, 783.1465 ns/op
WorkloadActual  15: 1048576 op, 730804800.00 ns, 696.9498 ns/op

// AfterActualRun
WorkloadResult   1: 1048576 op, 722552700.00 ns, 689.0800 ns/op
WorkloadResult   2: 1048576 op, 730603500.00 ns, 696.7578 ns/op
WorkloadResult   3: 1048576 op, 730523500.00 ns, 696.6815 ns/op
WorkloadResult   4: 1048576 op, 731498300.00 ns, 697.6111 ns/op
WorkloadResult   5: 1048576 op, 723221700.00 ns, 689.7180 ns/op
WorkloadResult   6: 1048576 op, 731843300.00 ns, 697.9402 ns/op
WorkloadResult   7: 1048576 op, 724924700.00 ns, 691.3421 ns/op
WorkloadResult   8: 1048576 op, 727128900.00 ns, 693.4442 ns/op
WorkloadResult   9: 1048576 op, 727781400.00 ns, 694.0664 ns/op
WorkloadResult  10: 1048576 op, 729740400.00 ns, 695.9347 ns/op
WorkloadResult  11: 1048576 op, 725278000.00 ns, 691.6790 ns/op
WorkloadResult  12: 1048576 op, 727298900.00 ns, 693.6063 ns/op
WorkloadResult  13: 1048576 op, 725610200.00 ns, 691.9958 ns/op
WorkloadResult  14: 1048576 op, 727841700.00 ns, 694.1239 ns/op
// GC:  252 0 0 4756413600 1048576
// Threading:  0 0 1048576

// AfterAll
// Benchmark Process 660 has exited with code 0.

Mean = 693.856 ns, StdErr = 0.764 ns (0.11%), N = 14, StdDev = 2.860 ns
Min = 689.080 ns, Q1 = 691.758 ns, Median = 693.836 ns, Q3 = 696.495 ns, Max = 697.940 ns
IQR = 4.737 ns, LowerFence = 684.653 ns, UpperFence = 703.600 ns
ConfidenceInterval = [690.630 ns; 697.082 ns] (CI 99.9%), Margin = 3.226 ns (0.46% of Mean)
Skewness = -0.11, Kurtosis = 1.62, MValue = 2

// ** Remained 25 (44,6 %) benchmark(s) to run. Estimated finish 2026-02-08 15:30 (0h 8m from now) **
Setup power plan (GUID: 8c5e7fda-e8bf-4a96-9a85-a6e23a8c635c FriendlyName: Visoka učinkovitost delovanja)
// **************************
// Benchmark: Benchmarks.StringBuilderWithAppends: .NET 10.0(Runtime=.NET 10.0) [Model=MediumModel]
// *** Execute ***
// Launch: 1 / 1
// Execute: dotnet "ObjectSerialization-.NET 10.0-1.dll" --anonymousPipes 680 1988 --benchmarkName "ObjectSerialization.Benchmarks.StringBuilderWithAppends(Model: \"MediumModel\")" --job ".NET 10.0" --benchmarkId 17 in C:\Users\Arnecic\Documents\documents\Programming\benchmark-cs\Benchmarks\ObjectSerialization\bin\Release\net10.0\ObjectSerialization-.NET 10.0-1\bin\Release\net10.0
// BeforeAnythingElse

// Benchmark Process Environment Information:
// BenchmarkDotNet v0.15.8
// Runtime=.NET 10.0.2 (10.0.2, 10.0.225.61305), X64 RyuJIT x86-64-v3
// GC=Concurrent Workstation
// HardwareIntrinsics=AVX2+BMI1+BMI2+F16C+FMA+LZCNT+MOVBE,AVX,SSE3+SSSE3+SSE4.1+SSE4.2+POPCNT,X86Base+SSE+SSE2,AES+PCLMUL,AvxVnni,SERIALIZE VectorSize=256
// Job: .NET 10.0

OverheadJitting  1: 1 op, 101800.00 ns, 101.8000 us/op
WorkloadJitting  1: 1 op, 3859600.00 ns, 3.8596 ms/op

OverheadJitting  2: 16 op, 239100.00 ns, 14.9438 us/op
WorkloadJitting  2: 16 op, 308800.00 ns, 19.3000 us/op

WorkloadPilot    1: 16 op, 74700.00 ns, 4.6688 us/op
WorkloadPilot    2: 32 op, 122500.00 ns, 3.8281 us/op
WorkloadPilot    3: 64 op, 195400.00 ns, 3.0531 us/op
WorkloadPilot    4: 128 op, 389400.00 ns, 3.0422 us/op
WorkloadPilot    5: 256 op, 807200.00 ns, 3.1531 us/op
WorkloadPilot    6: 512 op, 1864500.00 ns, 3.6416 us/op
WorkloadPilot    7: 1024 op, 3566000.00 ns, 3.4824 us/op
WorkloadPilot    8: 2048 op, 7082100.00 ns, 3.4581 us/op
WorkloadPilot    9: 4096 op, 13611700.00 ns, 3.3232 us/op
WorkloadPilot   10: 8192 op, 19300200.00 ns, 2.3560 us/op
WorkloadPilot   11: 16384 op, 37877800.00 ns, 2.3119 us/op
WorkloadPilot   12: 32768 op, 81308000.00 ns, 2.4813 us/op
WorkloadPilot   13: 65536 op, 225492200.00 ns, 3.4407 us/op
WorkloadPilot   14: 131072 op, 131790400.00 ns, 1.0055 us/op
WorkloadPilot   15: 262144 op, 187765400.00 ns, 716.2682 ns/op
WorkloadPilot   16: 524288 op, 382813700.00 ns, 730.1592 ns/op
WorkloadPilot   17: 1048576 op, 758226000.00 ns, 723.1007 ns/op

OverheadWarmup   1: 1048576 op, 3131100.00 ns, 2.9860 ns/op
OverheadWarmup   2: 1048576 op, 3103900.00 ns, 2.9601 ns/op
OverheadWarmup   3: 1048576 op, 2809300.00 ns, 2.6792 ns/op
OverheadWarmup   4: 1048576 op, 2783200.00 ns, 2.6543 ns/op
OverheadWarmup   5: 1048576 op, 2783300.00 ns, 2.6544 ns/op
OverheadWarmup   6: 1048576 op, 2929200.00 ns, 2.7935 ns/op
OverheadWarmup   7: 1048576 op, 2950500.00 ns, 2.8138 ns/op
OverheadWarmup   8: 1048576 op, 2904200.00 ns, 2.7697 ns/op
OverheadWarmup   9: 1048576 op, 2959700.00 ns, 2.8226 ns/op
OverheadWarmup  10: 1048576 op, 2904600.00 ns, 2.7700 ns/op

OverheadActual   1: 1048576 op, 2923300.00 ns, 2.7879 ns/op
OverheadActual   2: 1048576 op, 2932500.00 ns, 2.7966 ns/op
OverheadActual   3: 1048576 op, 2982900.00 ns, 2.8447 ns/op
OverheadActual   4: 1048576 op, 2969500.00 ns, 2.8319 ns/op
OverheadActual   5: 1048576 op, 2892300.00 ns, 2.7583 ns/op
OverheadActual   6: 1048576 op, 3358600.00 ns, 3.2030 ns/op
OverheadActual   7: 1048576 op, 2929900.00 ns, 2.7942 ns/op
OverheadActual   8: 1048576 op, 2907900.00 ns, 2.7732 ns/op
OverheadActual   9: 1048576 op, 2916900.00 ns, 2.7818 ns/op
OverheadActual  10: 1048576 op, 2904200.00 ns, 2.7697 ns/op
OverheadActual  11: 1048576 op, 2895900.00 ns, 2.7617 ns/op
OverheadActual  12: 1048576 op, 2902600.00 ns, 2.7681 ns/op
OverheadActual  13: 1048576 op, 2898600.00 ns, 2.7643 ns/op
OverheadActual  14: 1048576 op, 2950900.00 ns, 2.8142 ns/op
OverheadActual  15: 1048576 op, 2905000.00 ns, 2.7704 ns/op

WorkloadWarmup   1: 1048576 op, 784702300.00 ns, 748.3504 ns/op
WorkloadWarmup   2: 1048576 op, 772196400.00 ns, 736.4239 ns/op
WorkloadWarmup   3: 1048576 op, 779630900.00 ns, 743.5140 ns/op
WorkloadWarmup   4: 1048576 op, 763573000.00 ns, 728.2000 ns/op
WorkloadWarmup   5: 1048576 op, 774579600.00 ns, 738.6967 ns/op
WorkloadWarmup   6: 1048576 op, 769153600.00 ns, 733.5220 ns/op

// BeforeActualRun
WorkloadActual   1: 1048576 op, 778922400.00 ns, 742.8383 ns/op
WorkloadActual   2: 1048576 op, 769322200.00 ns, 733.6828 ns/op
WorkloadActual   3: 1048576 op, 786931300.00 ns, 750.4762 ns/op
WorkloadActual   4: 1048576 op, 775614900.00 ns, 739.6840 ns/op
WorkloadActual   5: 1048576 op, 771201600.00 ns, 735.4752 ns/op
WorkloadActual   6: 1048576 op, 767095300.00 ns, 731.5591 ns/op
WorkloadActual   7: 1048576 op, 782840400.00 ns, 746.5748 ns/op
WorkloadActual   8: 1048576 op, 772089700.00 ns, 736.3221 ns/op
WorkloadActual   9: 1048576 op, 775896800.00 ns, 739.9529 ns/op
WorkloadActual  10: 1048576 op, 773565600.00 ns, 737.7296 ns/op
WorkloadActual  11: 1048576 op, 790045200.00 ns, 753.4458 ns/op
WorkloadActual  12: 1048576 op, 775719800.00 ns, 739.7840 ns/op
WorkloadActual  13: 1048576 op, 773076200.00 ns, 737.2629 ns/op
WorkloadActual  14: 1048576 op, 767546100.00 ns, 731.9890 ns/op
WorkloadActual  15: 1048576 op, 783438400.00 ns, 747.1451 ns/op

// AfterActualRun
WorkloadResult   1: 1048576 op, 776005500.00 ns, 740.0565 ns/op
WorkloadResult   2: 1048576 op, 766405300.00 ns, 730.9011 ns/op
WorkloadResult   3: 1048576 op, 784014400.00 ns, 747.6944 ns/op
WorkloadResult   4: 1048576 op, 772698000.00 ns, 736.9022 ns/op
WorkloadResult   5: 1048576 op, 768284700.00 ns, 732.6934 ns/op
WorkloadResult   6: 1048576 op, 764178400.00 ns, 728.7773 ns/op
WorkloadResult   7: 1048576 op, 779923500.00 ns, 743.7930 ns/op
WorkloadResult   8: 1048576 op, 769172800.00 ns, 733.5403 ns/op
WorkloadResult   9: 1048576 op, 772979900.00 ns, 737.1711 ns/op
WorkloadResult  10: 1048576 op, 770648700.00 ns, 734.9479 ns/op
WorkloadResult  11: 1048576 op, 787128300.00 ns, 750.6640 ns/op
WorkloadResult  12: 1048576 op, 772802900.00 ns, 737.0023 ns/op
WorkloadResult  13: 1048576 op, 770159300.00 ns, 734.4811 ns/op
WorkloadResult  14: 1048576 op, 764629200.00 ns, 729.2072 ns/op
WorkloadResult  15: 1048576 op, 780521500.00 ns, 744.3633 ns/op
// GC:  242 2 0 4563472736 1048576
// Threading:  0 0 1048576

// AfterAll
// Benchmark Process 5056 has exited with code 0.

Mean = 737.480 ns, StdErr = 1.710 ns (0.23%), N = 15, StdDev = 6.622 ns
Min = 728.777 ns, Q1 = 733.117 ns, Median = 736.902 ns, Q3 = 741.925 ns, Max = 750.664 ns
IQR = 8.808 ns, LowerFence = 719.905 ns, UpperFence = 755.137 ns
ConfidenceInterval = [730.400 ns; 744.559 ns] (CI 99.9%), Margin = 7.080 ns (0.96% of Mean)
Skewness = 0.51, Kurtosis = 2.02, MValue = 2

// ** Remained 24 (42,9 %) benchmark(s) to run. Estimated finish 2026-02-08 15:30 (0h 7m from now) **
Setup power plan (GUID: 8c5e7fda-e8bf-4a96-9a85-a6e23a8c635c FriendlyName: Visoka učinkovitost delovanja)
// **************************
// Benchmark: Benchmarks.StringBuilderWithInterpolatedAppends: .NET 10.0(Runtime=.NET 10.0) [Model=MediumModel]
// *** Execute ***
// Launch: 1 / 1
// Execute: dotnet "ObjectSerialization-.NET 10.0-1.dll" --anonymousPipes 2100 1768 --benchmarkName "ObjectSerialization.Benchmarks.StringBuilderWithInterpolatedAppends(Model: \"MediumModel\")" --job ".NET 10.0" --benchmarkId 18 in C:\Users\Arnecic\Documents\documents\Programming\benchmark-cs\Benchmarks\ObjectSerialization\bin\Release\net10.0\ObjectSerialization-.NET 10.0-1\bin\Release\net10.0
// BeforeAnythingElse

// Benchmark Process Environment Information:
// BenchmarkDotNet v0.15.8
// Runtime=.NET 10.0.2 (10.0.2, 10.0.225.61305), X64 RyuJIT x86-64-v3
// GC=Concurrent Workstation
// HardwareIntrinsics=AVX2+BMI1+BMI2+F16C+FMA+LZCNT+MOVBE,AVX,SSE3+SSSE3+SSE4.1+SSE4.2+POPCNT,X86Base+SSE+SSE2,AES+PCLMUL,AvxVnni,SERIALIZE VectorSize=256
// Job: .NET 10.0

OverheadJitting  1: 1 op, 109400.00 ns, 109.4000 us/op
WorkloadJitting  1: 1 op, 3974600.00 ns, 3.9746 ms/op

OverheadJitting  2: 16 op, 228700.00 ns, 14.2938 us/op
WorkloadJitting  2: 16 op, 313200.00 ns, 19.5750 us/op

WorkloadPilot    1: 16 op, 62100.00 ns, 3.8813 us/op
WorkloadPilot    2: 32 op, 110300.00 ns, 3.4469 us/op
WorkloadPilot    3: 64 op, 207900.00 ns, 3.2484 us/op
WorkloadPilot    4: 128 op, 358000.00 ns, 2.7969 us/op
WorkloadPilot    5: 256 op, 732100.00 ns, 2.8598 us/op
WorkloadPilot    6: 512 op, 2081200.00 ns, 4.0648 us/op
WorkloadPilot    7: 1024 op, 3129500.00 ns, 3.0562 us/op
WorkloadPilot    8: 2048 op, 6157600.00 ns, 3.0066 us/op
WorkloadPilot    9: 4096 op, 12474800.00 ns, 3.0456 us/op
WorkloadPilot   10: 8192 op, 22114100.00 ns, 2.6995 us/op
WorkloadPilot   11: 16384 op, 38946400.00 ns, 2.3771 us/op
WorkloadPilot   12: 32768 op, 84519600.00 ns, 2.5793 us/op
WorkloadPilot   13: 65536 op, 251896200.00 ns, 3.8436 us/op
WorkloadPilot   14: 131072 op, 163021900.00 ns, 1.2438 us/op
WorkloadPilot   15: 262144 op, 192348400.00 ns, 733.7509 ns/op
WorkloadPilot   16: 524288 op, 385097800.00 ns, 734.5158 ns/op
WorkloadPilot   17: 1048576 op, 770004800.00 ns, 734.3338 ns/op

OverheadWarmup   1: 1048576 op, 2928000.00 ns, 2.7924 ns/op
OverheadWarmup   2: 1048576 op, 2802900.00 ns, 2.6731 ns/op
OverheadWarmup   3: 1048576 op, 2826200.00 ns, 2.6953 ns/op
OverheadWarmup   4: 1048576 op, 3234700.00 ns, 3.0849 ns/op
OverheadWarmup   5: 1048576 op, 2845900.00 ns, 2.7141 ns/op
OverheadWarmup   6: 1048576 op, 3132700.00 ns, 2.9876 ns/op
OverheadWarmup   7: 1048576 op, 2901500.00 ns, 2.7671 ns/op

OverheadActual   1: 1048576 op, 2765300.00 ns, 2.6372 ns/op
OverheadActual   2: 1048576 op, 3399700.00 ns, 3.2422 ns/op
OverheadActual   3: 1048576 op, 2916000.00 ns, 2.7809 ns/op
OverheadActual   4: 1048576 op, 2989500.00 ns, 2.8510 ns/op
OverheadActual   5: 1048576 op, 2955100.00 ns, 2.8182 ns/op
OverheadActual   6: 1048576 op, 3365000.00 ns, 3.2091 ns/op
OverheadActual   7: 1048576 op, 2979500.00 ns, 2.8415 ns/op
OverheadActual   8: 1048576 op, 2983300.00 ns, 2.8451 ns/op
OverheadActual   9: 1048576 op, 2965600.00 ns, 2.8282 ns/op
OverheadActual  10: 1048576 op, 2986600.00 ns, 2.8482 ns/op
OverheadActual  11: 1048576 op, 3354700.00 ns, 3.1993 ns/op
OverheadActual  12: 1048576 op, 2921200.00 ns, 2.7859 ns/op
OverheadActual  13: 1048576 op, 2911800.00 ns, 2.7769 ns/op
OverheadActual  14: 1048576 op, 2801100.00 ns, 2.6713 ns/op
OverheadActual  15: 1048576 op, 2980100.00 ns, 2.8420 ns/op

WorkloadWarmup   1: 1048576 op, 761482100.00 ns, 726.2059 ns/op
WorkloadWarmup   2: 1048576 op, 779051500.00 ns, 742.9614 ns/op
WorkloadWarmup   3: 1048576 op, 769302500.00 ns, 733.6640 ns/op
WorkloadWarmup   4: 1048576 op, 763460300.00 ns, 728.0925 ns/op
WorkloadWarmup   5: 1048576 op, 772266500.00 ns, 736.4907 ns/op
WorkloadWarmup   6: 1048576 op, 764508600.00 ns, 729.0922 ns/op

// BeforeActualRun
WorkloadActual   1: 1048576 op, 760350800.00 ns, 725.1270 ns/op
WorkloadActual   2: 1048576 op, 766080800.00 ns, 730.5916 ns/op
WorkloadActual   3: 1048576 op, 856773800.00 ns, 817.0832 ns/op
WorkloadActual   4: 1048576 op, 775132100.00 ns, 739.2236 ns/op
WorkloadActual   5: 1048576 op, 768165900.00 ns, 732.5801 ns/op
WorkloadActual   6: 1048576 op, 767850900.00 ns, 732.2797 ns/op
WorkloadActual   7: 1048576 op, 772887800.00 ns, 737.0832 ns/op
WorkloadActual   8: 1048576 op, 773441300.00 ns, 737.6111 ns/op
WorkloadActual   9: 1048576 op, 771740600.00 ns, 735.9892 ns/op
WorkloadActual  10: 1048576 op, 775663000.00 ns, 739.7299 ns/op
WorkloadActual  11: 1048576 op, 773109300.00 ns, 737.2945 ns/op
WorkloadActual  12: 1048576 op, 773582300.00 ns, 737.7456 ns/op
WorkloadActual  13: 1048576 op, 765272600.00 ns, 729.8208 ns/op
WorkloadActual  14: 1048576 op, 782007600.00 ns, 745.7806 ns/op
WorkloadActual  15: 1048576 op, 775108800.00 ns, 739.2014 ns/op

// AfterActualRun
WorkloadResult   1: 1048576 op, 757371300.00 ns, 722.2856 ns/op
WorkloadResult   2: 1048576 op, 763101300.00 ns, 727.7501 ns/op
WorkloadResult   3: 1048576 op, 772152600.00 ns, 736.3821 ns/op
WorkloadResult   4: 1048576 op, 765186400.00 ns, 729.7386 ns/op
WorkloadResult   5: 1048576 op, 764871400.00 ns, 729.4382 ns/op
WorkloadResult   6: 1048576 op, 769908300.00 ns, 734.2418 ns/op
WorkloadResult   7: 1048576 op, 770461800.00 ns, 734.7696 ns/op
WorkloadResult   8: 1048576 op, 768761100.00 ns, 733.1477 ns/op
WorkloadResult   9: 1048576 op, 772683500.00 ns, 736.8884 ns/op
WorkloadResult  10: 1048576 op, 770129800.00 ns, 734.4530 ns/op
WorkloadResult  11: 1048576 op, 770602800.00 ns, 734.9041 ns/op
WorkloadResult  12: 1048576 op, 762293100.00 ns, 726.9794 ns/op
WorkloadResult  13: 1048576 op, 779028100.00 ns, 742.9391 ns/op
WorkloadResult  14: 1048576 op, 772129300.00 ns, 736.3599 ns/op
// GC:  147 0 0 2785060480 1048576
// Threading:  0 0 1048576

// AfterAll
// Benchmark Process 28180 has exited with code 0.

Mean = 732.877 ns, StdErr = 1.384 ns (0.19%), N = 14, StdDev = 5.180 ns
Min = 722.286 ns, Q1 = 729.513 ns, Median = 734.347 ns, Q3 = 735.996 ns, Max = 742.939 ns
IQR = 6.483 ns, LowerFence = 719.789 ns, UpperFence = 745.720 ns
ConfidenceInterval = [727.034 ns; 738.720 ns] (CI 99.9%), Margin = 5.843 ns (0.80% of Mean)
Skewness = -0.21, Kurtosis = 2.54, MValue = 2

// ** Remained 23 (41,1 %) benchmark(s) to run. Estimated finish 2026-02-08 15:30 (0h 7m from now) **
Setup power plan (GUID: 8c5e7fda-e8bf-4a96-9a85-a6e23a8c635c FriendlyName: Visoka učinkovitost delovanja)
// **************************
// Benchmark: Benchmarks.StringBuilderWithAppendsAndPresetCapacity: .NET 10.0(Runtime=.NET 10.0) [Model=MediumModel]
// *** Execute ***
// Launch: 1 / 1
// Execute: dotnet "ObjectSerialization-.NET 10.0-1.dll" --anonymousPipes 2000 1344 --benchmarkName "ObjectSerialization.Benchmarks.StringBuilderWithAppendsAndPresetCapacity(Model: \"MediumModel\")" --job ".NET 10.0" --benchmarkId 19 in C:\Users\Arnecic\Documents\documents\Programming\benchmark-cs\Benchmarks\ObjectSerialization\bin\Release\net10.0\ObjectSerialization-.NET 10.0-1\bin\Release\net10.0
// BeforeAnythingElse

// Benchmark Process Environment Information:
// BenchmarkDotNet v0.15.8
// Runtime=.NET 10.0.2 (10.0.2, 10.0.225.61305), X64 RyuJIT x86-64-v3
// GC=Concurrent Workstation
// HardwareIntrinsics=AVX2+BMI1+BMI2+F16C+FMA+LZCNT+MOVBE,AVX,SSE3+SSSE3+SSE4.1+SSE4.2+POPCNT,X86Base+SSE+SSE2,AES+PCLMUL,AvxVnni,SERIALIZE VectorSize=256
// Job: .NET 10.0

OverheadJitting  1: 1 op, 100300.00 ns, 100.3000 us/op
WorkloadJitting  1: 1 op, 4023800.00 ns, 4.0238 ms/op

OverheadJitting  2: 16 op, 233400.00 ns, 14.5875 us/op
WorkloadJitting  2: 16 op, 317200.00 ns, 19.8250 us/op

WorkloadPilot    1: 16 op, 61400.00 ns, 3.8375 us/op
WorkloadPilot    2: 32 op, 108300.00 ns, 3.3844 us/op
WorkloadPilot    3: 64 op, 208400.00 ns, 3.2563 us/op
WorkloadPilot    4: 128 op, 353100.00 ns, 2.7586 us/op
WorkloadPilot    5: 256 op, 743300.00 ns, 2.9035 us/op
WorkloadPilot    6: 512 op, 1889400.00 ns, 3.6902 us/op
WorkloadPilot    7: 1024 op, 3206900.00 ns, 3.1317 us/op
WorkloadPilot    8: 2048 op, 6156600.00 ns, 3.0062 us/op
WorkloadPilot    9: 4096 op, 12168700.00 ns, 2.9709 us/op
WorkloadPilot   10: 8192 op, 20188500.00 ns, 2.4644 us/op
WorkloadPilot   11: 16384 op, 35793400.00 ns, 2.1847 us/op
WorkloadPilot   12: 32768 op, 77007600.00 ns, 2.3501 us/op
WorkloadPilot   13: 65536 op, 229320000.00 ns, 3.4991 us/op
WorkloadPilot   14: 131072 op, 129254200.00 ns, 986.1313 ns/op
WorkloadPilot   15: 262144 op, 177504000.00 ns, 677.1240 ns/op
WorkloadPilot   16: 524288 op, 357273000.00 ns, 681.4442 ns/op
WorkloadPilot   17: 1048576 op, 727865400.00 ns, 694.1465 ns/op

OverheadWarmup   1: 1048576 op, 2977900.00 ns, 2.8399 ns/op
OverheadWarmup   2: 1048576 op, 2852800.00 ns, 2.7206 ns/op
OverheadWarmup   3: 1048576 op, 2822000.00 ns, 2.6913 ns/op
OverheadWarmup   4: 1048576 op, 2815100.00 ns, 2.6847 ns/op
OverheadWarmup   5: 1048576 op, 3061000.00 ns, 2.9192 ns/op
OverheadWarmup   6: 1048576 op, 2882600.00 ns, 2.7491 ns/op
OverheadWarmup   7: 1048576 op, 2786400.00 ns, 2.6573 ns/op
OverheadWarmup   8: 1048576 op, 2819800.00 ns, 2.6892 ns/op
OverheadWarmup   9: 1048576 op, 2875300.00 ns, 2.7421 ns/op
OverheadWarmup  10: 1048576 op, 3301100.00 ns, 3.1482 ns/op

OverheadActual   1: 1048576 op, 2792400.00 ns, 2.6630 ns/op
OverheadActual   2: 1048576 op, 2971700.00 ns, 2.8340 ns/op
OverheadActual   3: 1048576 op, 2778600.00 ns, 2.6499 ns/op
OverheadActual   4: 1048576 op, 3098300.00 ns, 2.9548 ns/op
OverheadActual   5: 1048576 op, 2930800.00 ns, 2.7950 ns/op
OverheadActual   6: 1048576 op, 3150700.00 ns, 3.0047 ns/op
OverheadActual   7: 1048576 op, 2811200.00 ns, 2.6810 ns/op
OverheadActual   8: 1048576 op, 2968600.00 ns, 2.8311 ns/op
OverheadActual   9: 1048576 op, 3438900.00 ns, 3.2796 ns/op
OverheadActual  10: 1048576 op, 2928500.00 ns, 2.7928 ns/op
OverheadActual  11: 1048576 op, 2930000.00 ns, 2.7943 ns/op
OverheadActual  12: 1048576 op, 2907800.00 ns, 2.7731 ns/op
OverheadActual  13: 1048576 op, 2897400.00 ns, 2.7632 ns/op
OverheadActual  14: 1048576 op, 3292500.00 ns, 3.1400 ns/op
OverheadActual  15: 1048576 op, 2938400.00 ns, 2.8023 ns/op

WorkloadWarmup   1: 1048576 op, 723910900.00 ns, 690.3752 ns/op
WorkloadWarmup   2: 1048576 op, 701426700.00 ns, 668.9326 ns/op
WorkloadWarmup   3: 1048576 op, 693547100.00 ns, 661.4181 ns/op
WorkloadWarmup   4: 1048576 op, 698853900.00 ns, 666.4790 ns/op
WorkloadWarmup   5: 1048576 op, 692522100.00 ns, 660.4405 ns/op
WorkloadWarmup   6: 1048576 op, 689399900.00 ns, 657.4630 ns/op
WorkloadWarmup   7: 1048576 op, 684233900.00 ns, 652.5363 ns/op
WorkloadWarmup   8: 1048576 op, 689611100.00 ns, 657.6644 ns/op
WorkloadWarmup   9: 1048576 op, 699928400.00 ns, 667.5037 ns/op
WorkloadWarmup  10: 1048576 op, 690676200.00 ns, 658.6802 ns/op

// BeforeActualRun
WorkloadActual   1: 1048576 op, 693148600.00 ns, 661.0380 ns/op
WorkloadActual   2: 1048576 op, 697006100.00 ns, 664.7168 ns/op
WorkloadActual   3: 1048576 op, 697618100.00 ns, 665.3005 ns/op
WorkloadActual   4: 1048576 op, 694585400.00 ns, 662.4083 ns/op
WorkloadActual   5: 1048576 op, 705005600.00 ns, 672.3457 ns/op
WorkloadActual   6: 1048576 op, 710462600.00 ns, 677.5499 ns/op
WorkloadActual   7: 1048576 op, 705504300.00 ns, 672.8213 ns/op
WorkloadActual   8: 1048576 op, 698574200.00 ns, 666.2123 ns/op
WorkloadActual   9: 1048576 op, 693879800.00 ns, 661.7353 ns/op
WorkloadActual  10: 1048576 op, 707275200.00 ns, 674.5102 ns/op
WorkloadActual  11: 1048576 op, 698579500.00 ns, 666.2173 ns/op
WorkloadActual  12: 1048576 op, 697922400.00 ns, 665.5907 ns/op
WorkloadActual  13: 1048576 op, 696470200.00 ns, 664.2057 ns/op
WorkloadActual  14: 1048576 op, 691521000.00 ns, 659.4858 ns/op
WorkloadActual  15: 1048576 op, 716645200.00 ns, 683.4461 ns/op

// AfterActualRun
WorkloadResult   1: 1048576 op, 690217800.00 ns, 658.2430 ns/op
WorkloadResult   2: 1048576 op, 694075300.00 ns, 661.9218 ns/op
WorkloadResult   3: 1048576 op, 694687300.00 ns, 662.5054 ns/op
WorkloadResult   4: 1048576 op, 691654600.00 ns, 659.6132 ns/op
WorkloadResult   5: 1048576 op, 702074800.00 ns, 669.5507 ns/op
WorkloadResult   6: 1048576 op, 707531800.00 ns, 674.7549 ns/op
WorkloadResult   7: 1048576 op, 702573500.00 ns, 670.0263 ns/op
WorkloadResult   8: 1048576 op, 695643400.00 ns, 663.4172 ns/op
WorkloadResult   9: 1048576 op, 690949000.00 ns, 658.9403 ns/op
WorkloadResult  10: 1048576 op, 704344400.00 ns, 671.7152 ns/op
WorkloadResult  11: 1048576 op, 695648700.00 ns, 663.4223 ns/op
WorkloadResult  12: 1048576 op, 694991600.00 ns, 662.7956 ns/op
WorkloadResult  13: 1048576 op, 693539400.00 ns, 661.4107 ns/op
WorkloadResult  14: 1048576 op, 688590200.00 ns, 656.6908 ns/op
WorkloadResult  15: 1048576 op, 713714400.00 ns, 680.6511 ns/op
// GC:  203 1 0 3825264000 1048576
// Threading:  0 0 1048576

// AfterAll
// Benchmark Process 25964 has exited with code 0.

Mean = 665.044 ns, StdErr = 1.759 ns (0.26%), N = 15, StdDev = 6.814 ns
Min = 656.691 ns, Q1 = 660.512 ns, Median = 662.796 ns, Q3 = 669.789 ns, Max = 680.651 ns
IQR = 9.277 ns, LowerFence = 646.597 ns, UpperFence = 683.703 ns
ConfidenceInterval = [657.759 ns; 672.328 ns] (CI 99.9%), Margin = 7.285 ns (1.10% of Mean)
Skewness = 0.81, Kurtosis = 2.5, MValue = 2

// ** Remained 22 (39,3 %) benchmark(s) to run. Estimated finish 2026-02-08 15:30 (0h 7m from now) **
Setup power plan (GUID: 8c5e7fda-e8bf-4a96-9a85-a6e23a8c635c FriendlyName: Visoka učinkovitost delovanja)
// **************************
// Benchmark: Benchmarks.StringBuilderWithInterpolatedAppendsAndPresetCapacity: .NET 10.0(Runtime=.NET 10.0) [Model=MediumModel]
// *** Execute ***
// Launch: 1 / 1
// Execute: dotnet "ObjectSerialization-.NET 10.0-1.dll" --anonymousPipes 2044 1240 --benchmarkName "ObjectSerialization.Benchmarks.StringBuilderWithInterpolatedAppendsAndPresetCapacity(Model: \"MediumModel\")" --job ".NET 10.0" --benchmarkId 20 in C:\Users\Arnecic\Documents\documents\Programming\benchmark-cs\Benchmarks\ObjectSerialization\bin\Release\net10.0\ObjectSerialization-.NET 10.0-1\bin\Release\net10.0
// BeforeAnythingElse

// Benchmark Process Environment Information:
// BenchmarkDotNet v0.15.8
// Runtime=.NET 10.0.2 (10.0.2, 10.0.225.61305), X64 RyuJIT x86-64-v3
// GC=Concurrent Workstation
// HardwareIntrinsics=AVX2+BMI1+BMI2+F16C+FMA+LZCNT+MOVBE,AVX,SSE3+SSSE3+SSE4.1+SSE4.2+POPCNT,X86Base+SSE+SSE2,AES+PCLMUL,AvxVnni,SERIALIZE VectorSize=256
// Job: .NET 10.0

OverheadJitting  1: 1 op, 101900.00 ns, 101.9000 us/op
WorkloadJitting  1: 1 op, 4054600.00 ns, 4.0546 ms/op

OverheadJitting  2: 16 op, 237600.00 ns, 14.8500 us/op
WorkloadJitting  2: 16 op, 296900.00 ns, 18.5563 us/op

WorkloadPilot    1: 16 op, 63700.00 ns, 3.9813 us/op
WorkloadPilot    2: 32 op, 112500.00 ns, 3.5156 us/op
WorkloadPilot    3: 64 op, 219200.00 ns, 3.4250 us/op
WorkloadPilot    4: 128 op, 361100.00 ns, 2.8211 us/op
WorkloadPilot    5: 256 op, 752600.00 ns, 2.9398 us/op
WorkloadPilot    6: 512 op, 1622100.00 ns, 3.1682 us/op
WorkloadPilot    7: 1024 op, 3195500.00 ns, 3.1206 us/op
WorkloadPilot    8: 2048 op, 6452000.00 ns, 3.1504 us/op
WorkloadPilot    9: 4096 op, 12266800.00 ns, 2.9948 us/op
WorkloadPilot   10: 8192 op, 21836700.00 ns, 2.6656 us/op
WorkloadPilot   11: 16384 op, 38555800.00 ns, 2.3533 us/op
WorkloadPilot   12: 32768 op, 79877700.00 ns, 2.4377 us/op
WorkloadPilot   13: 65536 op, 236472800.00 ns, 3.6083 us/op
WorkloadPilot   14: 131072 op, 160353300.00 ns, 1.2234 us/op
WorkloadPilot   15: 262144 op, 162421300.00 ns, 619.5881 ns/op
WorkloadPilot   16: 524288 op, 328896100.00 ns, 627.3195 ns/op
WorkloadPilot   17: 1048576 op, 650872500.00 ns, 620.7204 ns/op

OverheadWarmup   1: 1048576 op, 2877300.00 ns, 2.7440 ns/op
OverheadWarmup   2: 1048576 op, 2812800.00 ns, 2.6825 ns/op
OverheadWarmup   3: 1048576 op, 2816200.00 ns, 2.6857 ns/op
OverheadWarmup   4: 1048576 op, 3088800.00 ns, 2.9457 ns/op
OverheadWarmup   5: 1048576 op, 3012300.00 ns, 2.8728 ns/op
OverheadWarmup   6: 1048576 op, 3091700.00 ns, 2.9485 ns/op
OverheadWarmup   7: 1048576 op, 3088000.00 ns, 2.9449 ns/op

OverheadActual   1: 1048576 op, 2885800.00 ns, 2.7521 ns/op
OverheadActual   2: 1048576 op, 2807300.00 ns, 2.6772 ns/op
OverheadActual   3: 1048576 op, 2833500.00 ns, 2.7022 ns/op
OverheadActual   4: 1048576 op, 2859600.00 ns, 2.7271 ns/op
OverheadActual   5: 1048576 op, 2937200.00 ns, 2.8011 ns/op
OverheadActual   6: 1048576 op, 2943300.00 ns, 2.8069 ns/op
OverheadActual   7: 1048576 op, 2918300.00 ns, 2.7831 ns/op
OverheadActual   8: 1048576 op, 2912400.00 ns, 2.7775 ns/op
OverheadActual   9: 1048576 op, 3017600.00 ns, 2.8778 ns/op
OverheadActual  10: 1048576 op, 3007100.00 ns, 2.8678 ns/op
OverheadActual  11: 1048576 op, 3007700.00 ns, 2.8684 ns/op
OverheadActual  12: 1048576 op, 2909600.00 ns, 2.7748 ns/op
OverheadActual  13: 1048576 op, 2926900.00 ns, 2.7913 ns/op
OverheadActual  14: 1048576 op, 2972000.00 ns, 2.8343 ns/op
OverheadActual  15: 1048576 op, 2955900.00 ns, 2.8190 ns/op

WorkloadWarmup   1: 1048576 op, 656070300.00 ns, 625.6774 ns/op
WorkloadWarmup   2: 1048576 op, 646003400.00 ns, 616.0769 ns/op
WorkloadWarmup   3: 1048576 op, 654221700.00 ns, 623.9144 ns/op
WorkloadWarmup   4: 1048576 op, 649904100.00 ns, 619.7968 ns/op
WorkloadWarmup   5: 1048576 op, 642661700.00 ns, 612.8900 ns/op
WorkloadWarmup   6: 1048576 op, 645714900.00 ns, 615.8017 ns/op
WorkloadWarmup   7: 1048576 op, 643513300.00 ns, 613.7021 ns/op

// BeforeActualRun
WorkloadActual   1: 1048576 op, 646510800.00 ns, 616.5607 ns/op
WorkloadActual   2: 1048576 op, 641383900.00 ns, 611.6714 ns/op
WorkloadActual   3: 1048576 op, 645907900.00 ns, 615.9858 ns/op
WorkloadActual   4: 1048576 op, 642099700.00 ns, 612.3540 ns/op
WorkloadActual   5: 1048576 op, 644572000.00 ns, 614.7118 ns/op
WorkloadActual   6: 1048576 op, 641284800.00 ns, 611.5768 ns/op
WorkloadActual   7: 1048576 op, 643931400.00 ns, 614.1008 ns/op
WorkloadActual   8: 1048576 op, 644930100.00 ns, 615.0533 ns/op
WorkloadActual   9: 1048576 op, 646967000.00 ns, 616.9958 ns/op
WorkloadActual  10: 1048576 op, 647762500.00 ns, 617.7545 ns/op
WorkloadActual  11: 1048576 op, 645716600.00 ns, 615.8033 ns/op
WorkloadActual  12: 1048576 op, 638453400.00 ns, 608.8766 ns/op
WorkloadActual  13: 1048576 op, 647183800.00 ns, 617.2026 ns/op
WorkloadActual  14: 1048576 op, 643183500.00 ns, 613.3876 ns/op
WorkloadActual  15: 1048576 op, 644753300.00 ns, 614.8847 ns/op

// AfterActualRun
WorkloadResult   1: 1048576 op, 643583900.00 ns, 613.7694 ns/op
WorkloadResult   2: 1048576 op, 638457000.00 ns, 608.8800 ns/op
WorkloadResult   3: 1048576 op, 642981000.00 ns, 613.1945 ns/op
WorkloadResult   4: 1048576 op, 639172800.00 ns, 609.5627 ns/op
WorkloadResult   5: 1048576 op, 641645100.00 ns, 611.9205 ns/op
WorkloadResult   6: 1048576 op, 638357900.00 ns, 608.7855 ns/op
WorkloadResult   7: 1048576 op, 641004500.00 ns, 611.3095 ns/op
WorkloadResult   8: 1048576 op, 642003200.00 ns, 612.2620 ns/op
WorkloadResult   9: 1048576 op, 644040100.00 ns, 614.2045 ns/op
WorkloadResult  10: 1048576 op, 644835600.00 ns, 614.9632 ns/op
WorkloadResult  11: 1048576 op, 642789700.00 ns, 613.0120 ns/op
WorkloadResult  12: 1048576 op, 635526500.00 ns, 606.0853 ns/op
WorkloadResult  13: 1048576 op, 644256900.00 ns, 614.4113 ns/op
WorkloadResult  14: 1048576 op, 640256600.00 ns, 610.5963 ns/op
WorkloadResult  15: 1048576 op, 641826400.00 ns, 612.0934 ns/op
// GC:  169 1 0 3196108608 1048576
// Threading:  0 0 1048576

// AfterAll
// Benchmark Process 23976 has exited with code 0.

Mean = 611.670 ns, StdErr = 0.643 ns (0.11%), N = 15, StdDev = 2.492 ns
Min = 606.085 ns, Q1 = 610.079 ns, Median = 612.093 ns, Q3 = 613.482 ns, Max = 614.963 ns
IQR = 3.402 ns, LowerFence = 604.976 ns, UpperFence = 618.586 ns
ConfidenceInterval = [609.006 ns; 614.334 ns] (CI 99.9%), Margin = 2.664 ns (0.44% of Mean)
Skewness = -0.61, Kurtosis = 2.36, MValue = 2

// ** Remained 21 (37,5 %) benchmark(s) to run. Estimated finish 2026-02-08 15:30 (0h 6m from now) **
Setup power plan (GUID: 8c5e7fda-e8bf-4a96-9a85-a6e23a8c635c FriendlyName: Visoka učinkovitost delovanja)
// **************************
// Benchmark: Benchmarks.Json: .NET 8.0(Runtime=.NET 8.0) [Model=MediumModel]
// *** Execute ***
// Launch: 1 / 1
// Execute: dotnet "ObjectSerialization-.NET 8.0-2.dll" --anonymousPipes 2044 1240 --benchmarkName "ObjectSerialization.Benchmarks.Json(Model: \"MediumModel\")" --job ".NET 8.0" --benchmarkId 14 in C:\Users\Arnecic\Documents\documents\Programming\benchmark-cs\Benchmarks\ObjectSerialization\bin\Release\net10.0\ObjectSerialization-.NET 8.0-2\bin\Release\net8.0
// BeforeAnythingElse

// Benchmark Process Environment Information:
// BenchmarkDotNet v0.15.8
// Runtime=.NET 8.0.23 (8.0.23, 8.0.2325.60607), X64 RyuJIT x86-64-v3
// GC=Concurrent Workstation
// HardwareIntrinsics=AVX2+BMI1+BMI2+F16C+FMA+LZCNT+MOVBE,AVX,SSE3+SSSE3+SSE4.1+SSE4.2+POPCNT,X86Base+SSE+SSE2,AES+PCLMUL,AvxVnni,SERIALIZE VectorSize=256
// Job: .NET 8.0

OverheadJitting  1: 1 op, 80300.00 ns, 80.3000 us/op
WorkloadJitting  1: 1 op, 19755000.00 ns, 19.7550 ms/op

OverheadJitting  2: 16 op, 229900.00 ns, 14.3688 us/op
WorkloadJitting  2: 16 op, 350200.00 ns, 21.8875 us/op

WorkloadPilot    1: 16 op, 49400.00 ns, 3.0875 us/op
WorkloadPilot    2: 32 op, 78300.00 ns, 2.4469 us/op
WorkloadPilot    3: 64 op, 138300.00 ns, 2.1609 us/op
WorkloadPilot    4: 128 op, 220800.00 ns, 1.7250 us/op
WorkloadPilot    5: 256 op, 481600.00 ns, 1.8813 us/op
WorkloadPilot    6: 512 op, 1041000.00 ns, 2.0332 us/op
WorkloadPilot    7: 1024 op, 2113400.00 ns, 2.0639 us/op
WorkloadPilot    8: 2048 op, 4339600.00 ns, 2.1189 us/op
WorkloadPilot    9: 4096 op, 8100700.00 ns, 1.9777 us/op
WorkloadPilot   10: 8192 op, 16567300.00 ns, 2.0224 us/op
WorkloadPilot   11: 16384 op, 29606600.00 ns, 1.8070 us/op
WorkloadPilot   12: 32768 op, 52343400.00 ns, 1.5974 us/op
WorkloadPilot   13: 65536 op, 129223600.00 ns, 1.9718 us/op
WorkloadPilot   14: 131072 op, 198453100.00 ns, 1.5141 us/op
WorkloadPilot   15: 262144 op, 127401200.00 ns, 485.9970 ns/op
WorkloadPilot   16: 524288 op, 247603200.00 ns, 472.2656 ns/op
WorkloadPilot   17: 1048576 op, 495458600.00 ns, 472.5061 ns/op
WorkloadPilot   18: 2097152 op, 988879800.00 ns, 471.5346 ns/op

OverheadWarmup   1: 2097152 op, 5724600.00 ns, 2.7297 ns/op
OverheadWarmup   2: 2097152 op, 5610100.00 ns, 2.6751 ns/op
OverheadWarmup   3: 2097152 op, 6029700.00 ns, 2.8752 ns/op
OverheadWarmup   4: 2097152 op, 5539100.00 ns, 2.6412 ns/op
OverheadWarmup   5: 2097152 op, 5532400.00 ns, 2.6381 ns/op
OverheadWarmup   6: 2097152 op, 5697900.00 ns, 2.7170 ns/op
OverheadWarmup   7: 2097152 op, 5730900.00 ns, 2.7327 ns/op
OverheadWarmup   8: 2097152 op, 6050900.00 ns, 2.8853 ns/op
OverheadWarmup   9: 2097152 op, 5543600.00 ns, 2.6434 ns/op

OverheadActual   1: 2097152 op, 5780500.00 ns, 2.7564 ns/op
OverheadActual   2: 2097152 op, 5528600.00 ns, 2.6362 ns/op
OverheadActual   3: 2097152 op, 5581500.00 ns, 2.6615 ns/op
OverheadActual   4: 2097152 op, 6031600.00 ns, 2.8761 ns/op
OverheadActual   5: 2097152 op, 5867900.00 ns, 2.7980 ns/op
OverheadActual   6: 2097152 op, 5719700.00 ns, 2.7274 ns/op
OverheadActual   7: 2097152 op, 5596600.00 ns, 2.6687 ns/op
OverheadActual   8: 2097152 op, 5866800.00 ns, 2.7975 ns/op
OverheadActual   9: 2097152 op, 6232900.00 ns, 2.9721 ns/op
OverheadActual  10: 2097152 op, 5558800.00 ns, 2.6506 ns/op
OverheadActual  11: 2097152 op, 5533700.00 ns, 2.6387 ns/op
OverheadActual  12: 2097152 op, 5639300.00 ns, 2.6890 ns/op
OverheadActual  13: 2097152 op, 5600200.00 ns, 2.6704 ns/op
OverheadActual  14: 2097152 op, 5581900.00 ns, 2.6617 ns/op
OverheadActual  15: 2097152 op, 5669600.00 ns, 2.7035 ns/op

WorkloadWarmup   1: 2097152 op, 996596400.00 ns, 475.2142 ns/op
WorkloadWarmup   2: 2097152 op, 996225100.00 ns, 475.0371 ns/op
WorkloadWarmup   3: 2097152 op, 990355500.00 ns, 472.2383 ns/op
WorkloadWarmup   4: 2097152 op, 987190200.00 ns, 470.7290 ns/op
WorkloadWarmup   5: 2097152 op, 989614400.00 ns, 471.8849 ns/op
WorkloadWarmup   6: 2097152 op, 988734100.00 ns, 471.4652 ns/op
WorkloadWarmup   7: 2097152 op, 989173700.00 ns, 471.6748 ns/op
WorkloadWarmup   8: 2097152 op, 993764300.00 ns, 473.8637 ns/op
WorkloadWarmup   9: 2097152 op, 991251800.00 ns, 472.6657 ns/op

// BeforeActualRun
WorkloadActual   1: 2097152 op, 1064166200.00 ns, 507.4340 ns/op
WorkloadActual   2: 2097152 op, 1003606100.00 ns, 478.5567 ns/op
WorkloadActual   3: 2097152 op, 992409900.00 ns, 473.2179 ns/op
WorkloadActual   4: 2097152 op, 991901900.00 ns, 472.9757 ns/op
WorkloadActual   5: 2097152 op, 990145400.00 ns, 472.1381 ns/op
WorkloadActual   6: 2097152 op, 990810500.00 ns, 472.4553 ns/op
WorkloadActual   7: 2097152 op, 993712900.00 ns, 473.8392 ns/op
WorkloadActual   8: 2097152 op, 991569300.00 ns, 472.8171 ns/op
WorkloadActual   9: 2097152 op, 989117900.00 ns, 471.6482 ns/op
WorkloadActual  10: 2097152 op, 988409400.00 ns, 471.3103 ns/op
WorkloadActual  11: 2097152 op, 982992300.00 ns, 468.7273 ns/op
WorkloadActual  12: 2097152 op, 987672800.00 ns, 470.9591 ns/op
WorkloadActual  13: 2097152 op, 993019400.00 ns, 473.5085 ns/op
WorkloadActual  14: 2097152 op, 995962700.00 ns, 474.9120 ns/op
WorkloadActual  15: 2097152 op, 985886900.00 ns, 470.1075 ns/op

// AfterActualRun
WorkloadResult   1: 2097152 op, 986770600.00 ns, 470.5289 ns/op
WorkloadResult   2: 2097152 op, 986262600.00 ns, 470.2867 ns/op
WorkloadResult   3: 2097152 op, 984506100.00 ns, 469.4491 ns/op
WorkloadResult   4: 2097152 op, 985171200.00 ns, 469.7662 ns/op
WorkloadResult   5: 2097152 op, 988073600.00 ns, 471.1502 ns/op
WorkloadResult   6: 2097152 op, 985930000.00 ns, 470.1281 ns/op
WorkloadResult   7: 2097152 op, 983478600.00 ns, 468.9591 ns/op
WorkloadResult   8: 2097152 op, 982770100.00 ns, 468.6213 ns/op
WorkloadResult   9: 2097152 op, 977353000.00 ns, 466.0382 ns/op
WorkloadResult  10: 2097152 op, 982033500.00 ns, 468.2701 ns/op
WorkloadResult  11: 2097152 op, 987380100.00 ns, 470.8195 ns/op
WorkloadResult  12: 2097152 op, 990323400.00 ns, 472.2230 ns/op
WorkloadResult  13: 2097152 op, 980247600.00 ns, 467.4185 ns/op
// GC:  169 0 0 3187671712 2097152
// Threading:  0 0 2097152

// AfterAll
// Benchmark Process 2728 has exited with code 0.

Mean = 469.512 ns, StdErr = 0.459 ns (0.10%), N = 13, StdDev = 1.656 ns
Min = 466.038 ns, Q1 = 468.621 ns, Median = 469.766 ns, Q3 = 470.529 ns, Max = 472.223 ns
IQR = 1.908 ns, LowerFence = 465.760 ns, UpperFence = 473.390 ns
ConfidenceInterval = [467.529 ns; 471.496 ns] (CI 99.9%), Margin = 1.983 ns (0.42% of Mean)
Skewness = -0.43, Kurtosis = 2.39, MValue = 2

// ** Remained 20 (35,7 %) benchmark(s) to run. Estimated finish 2026-02-08 15:30 (0h 6m from now) **
Setup power plan (GUID: 8c5e7fda-e8bf-4a96-9a85-a6e23a8c635c FriendlyName: Visoka učinkovitost delovanja)
// **************************
// Benchmark: Benchmarks.SplitStringInterpolation: .NET 8.0(Runtime=.NET 8.0) [Model=MediumModel]
// *** Execute ***
// Launch: 1 / 1
// Execute: dotnet "ObjectSerialization-.NET 8.0-2.dll" --anonymousPipes 1344 2000 --benchmarkName "ObjectSerialization.Benchmarks.SplitStringInterpolation(Model: \"MediumModel\")" --job ".NET 8.0" --benchmarkId 15 in C:\Users\Arnecic\Documents\documents\Programming\benchmark-cs\Benchmarks\ObjectSerialization\bin\Release\net10.0\ObjectSerialization-.NET 8.0-2\bin\Release\net8.0
// BeforeAnythingElse

// Benchmark Process Environment Information:
// BenchmarkDotNet v0.15.8
// Runtime=.NET 8.0.23 (8.0.23, 8.0.2325.60607), X64 RyuJIT x86-64-v3
// GC=Concurrent Workstation
// HardwareIntrinsics=AVX2+BMI1+BMI2+F16C+FMA+LZCNT+MOVBE,AVX,SSE3+SSSE3+SSE4.1+SSE4.2+POPCNT,X86Base+SSE+SSE2,AES+PCLMUL,AvxVnni,SERIALIZE VectorSize=256
// Job: .NET 8.0

OverheadJitting  1: 1 op, 81400.00 ns, 81.4000 us/op
WorkloadJitting  1: 1 op, 6217300.00 ns, 6.2173 ms/op

OverheadJitting  2: 16 op, 306700.00 ns, 19.1688 us/op
WorkloadJitting  2: 16 op, 279100.00 ns, 17.4438 us/op

WorkloadPilot    1: 16 op, 44700.00 ns, 2.7938 us/op
WorkloadPilot    2: 32 op, 64000.00 ns, 2.0000 us/op
WorkloadPilot    3: 64 op, 111000.00 ns, 1.7344 us/op
WorkloadPilot    4: 128 op, 224100.00 ns, 1.7508 us/op
WorkloadPilot    5: 256 op, 367900.00 ns, 1.4371 us/op
WorkloadPilot    6: 512 op, 801700.00 ns, 1.5658 us/op
WorkloadPilot    7: 1024 op, 1763300.00 ns, 1.7220 us/op
WorkloadPilot    8: 2048 op, 3315100.00 ns, 1.6187 us/op
WorkloadPilot    9: 4096 op, 6325600.00 ns, 1.5443 us/op
WorkloadPilot   10: 8192 op, 12286300.00 ns, 1.4998 us/op
WorkloadPilot   11: 16384 op, 24188200.00 ns, 1.4763 us/op
WorkloadPilot   12: 32768 op, 41689100.00 ns, 1.2723 us/op
WorkloadPilot   13: 65536 op, 115523200.00 ns, 1.7627 us/op
WorkloadPilot   14: 131072 op, 305782000.00 ns, 2.3329 us/op
WorkloadPilot   15: 262144 op, 296276000.00 ns, 1.1302 us/op
WorkloadPilot   16: 524288 op, 241876100.00 ns, 461.3420 ns/op
WorkloadPilot   17: 1048576 op, 479921900.00 ns, 457.6892 ns/op
WorkloadPilot   18: 2097152 op, 951583400.00 ns, 453.7503 ns/op

OverheadWarmup   1: 2097152 op, 5559900.00 ns, 2.6512 ns/op
OverheadWarmup   2: 2097152 op, 5970000.00 ns, 2.8467 ns/op
OverheadWarmup   3: 2097152 op, 5742800.00 ns, 2.7384 ns/op
OverheadWarmup   4: 2097152 op, 5629400.00 ns, 2.6843 ns/op
OverheadWarmup   5: 2097152 op, 5746000.00 ns, 2.7399 ns/op
OverheadWarmup   6: 2097152 op, 5634200.00 ns, 2.6866 ns/op

OverheadActual   1: 2097152 op, 5545900.00 ns, 2.6445 ns/op
OverheadActual   2: 2097152 op, 5896300.00 ns, 2.8116 ns/op
OverheadActual   3: 2097152 op, 5667300.00 ns, 2.7024 ns/op
OverheadActual   4: 2097152 op, 5685200.00 ns, 2.7109 ns/op
OverheadActual   5: 2097152 op, 5680300.00 ns, 2.7086 ns/op
OverheadActual   6: 2097152 op, 5612100.00 ns, 2.6761 ns/op
OverheadActual   7: 2097152 op, 6049000.00 ns, 2.8844 ns/op
OverheadActual   8: 2097152 op, 5932400.00 ns, 2.8288 ns/op
OverheadActual   9: 2097152 op, 6084400.00 ns, 2.9013 ns/op
OverheadActual  10: 2097152 op, 5866900.00 ns, 2.7976 ns/op
OverheadActual  11: 2097152 op, 6062500.00 ns, 2.8908 ns/op
OverheadActual  12: 2097152 op, 5802600.00 ns, 2.7669 ns/op
OverheadActual  13: 2097152 op, 5602300.00 ns, 2.6714 ns/op
OverheadActual  14: 2097152 op, 5544600.00 ns, 2.6439 ns/op
OverheadActual  15: 2097152 op, 6077400.00 ns, 2.8979 ns/op

WorkloadWarmup   1: 2097152 op, 956414000.00 ns, 456.0537 ns/op
WorkloadWarmup   2: 2097152 op, 950706800.00 ns, 453.3323 ns/op
WorkloadWarmup   3: 2097152 op, 952812400.00 ns, 454.3364 ns/op
WorkloadWarmup   4: 2097152 op, 955695200.00 ns, 455.7110 ns/op
WorkloadWarmup   5: 2097152 op, 954864200.00 ns, 455.3147 ns/op
WorkloadWarmup   6: 2097152 op, 957859200.00 ns, 456.7429 ns/op
WorkloadWarmup   7: 2097152 op, 955543500.00 ns, 455.6386 ns/op

// BeforeActualRun
WorkloadActual   1: 2097152 op, 950964400.00 ns, 453.4552 ns/op
WorkloadActual   2: 2097152 op, 953440600.00 ns, 454.6359 ns/op
WorkloadActual   3: 2097152 op, 948995700.00 ns, 452.5164 ns/op
WorkloadActual   4: 2097152 op, 948247000.00 ns, 452.1594 ns/op
WorkloadActual   5: 2097152 op, 949392800.00 ns, 452.7058 ns/op
WorkloadActual   6: 2097152 op, 1028832600.00 ns, 490.5856 ns/op
WorkloadActual   7: 2097152 op, 951651800.00 ns, 453.7829 ns/op
WorkloadActual   8: 2097152 op, 953747400.00 ns, 454.7822 ns/op
WorkloadActual   9: 2097152 op, 954016300.00 ns, 454.9104 ns/op
WorkloadActual  10: 2097152 op, 953370400.00 ns, 454.6024 ns/op
WorkloadActual  11: 2097152 op, 951344500.00 ns, 453.6364 ns/op
WorkloadActual  12: 2097152 op, 949714500.00 ns, 452.8592 ns/op
WorkloadActual  13: 2097152 op, 952049000.00 ns, 453.9723 ns/op
WorkloadActual  14: 2097152 op, 950105200.00 ns, 453.0455 ns/op
WorkloadActual  15: 2097152 op, 949358200.00 ns, 452.6893 ns/op

// AfterActualRun
WorkloadResult   1: 2097152 op, 945161800.00 ns, 450.6883 ns/op
WorkloadResult   2: 2097152 op, 947638000.00 ns, 451.8690 ns/op
WorkloadResult   3: 2097152 op, 943193100.00 ns, 449.7495 ns/op
WorkloadResult   4: 2097152 op, 942444400.00 ns, 449.3925 ns/op
WorkloadResult   5: 2097152 op, 943590200.00 ns, 449.9389 ns/op
WorkloadResult   6: 2097152 op, 945849200.00 ns, 451.0160 ns/op
WorkloadResult   7: 2097152 op, 947944800.00 ns, 452.0153 ns/op
WorkloadResult   8: 2097152 op, 948213700.00 ns, 452.1435 ns/op
WorkloadResult   9: 2097152 op, 947567800.00 ns, 451.8355 ns/op
WorkloadResult  10: 2097152 op, 945541900.00 ns, 450.8695 ns/op
WorkloadResult  11: 2097152 op, 943911900.00 ns, 450.0923 ns/op
WorkloadResult  12: 2097152 op, 946246400.00 ns, 451.2054 ns/op
WorkloadResult  13: 2097152 op, 944302600.00 ns, 450.2786 ns/op
WorkloadResult  14: 2097152 op, 943555600.00 ns, 449.9224 ns/op
// GC:  116 0 0 2197848056 2097152
// Threading:  0 0 2097152

// AfterAll
// Benchmark Process 10592 has exited with code 0.

Mean = 450.787 ns, StdErr = 0.247 ns (0.05%), N = 14, StdDev = 0.924 ns
Min = 449.393 ns, Q1 = 449.977 ns, Median = 450.779 ns, Q3 = 451.678 ns, Max = 452.144 ns
IQR = 1.701 ns, LowerFence = 447.426 ns, UpperFence = 454.229 ns
ConfidenceInterval = [449.745 ns; 451.829 ns] (CI 99.9%), Margin = 1.042 ns (0.23% of Mean)
Skewness = 0.12, Kurtosis = 1.43, MValue = 2

// ** Remained 19 (33,9 %) benchmark(s) to run. Estimated finish 2026-02-08 15:31 (0h 6m from now) **
Setup power plan (GUID: 8c5e7fda-e8bf-4a96-9a85-a6e23a8c635c FriendlyName: Visoka učinkovitost delovanja)
// **************************
// Benchmark: Benchmarks.StringJoinDynamic: .NET 8.0(Runtime=.NET 8.0) [Model=MediumModel]
// *** Execute ***
// Launch: 1 / 1
// Execute: dotnet "ObjectSerialization-.NET 8.0-2.dll" --anonymousPipes 2100 2192 --benchmarkName "ObjectSerialization.Benchmarks.StringJoinDynamic(Model: \"MediumModel\")" --job ".NET 8.0" --benchmarkId 16 in C:\Users\Arnecic\Documents\documents\Programming\benchmark-cs\Benchmarks\ObjectSerialization\bin\Release\net10.0\ObjectSerialization-.NET 8.0-2\bin\Release\net8.0
// BeforeAnythingElse

// Benchmark Process Environment Information:
// BenchmarkDotNet v0.15.8
// Runtime=.NET 8.0.23 (8.0.23, 8.0.2325.60607), X64 RyuJIT x86-64-v3
// GC=Concurrent Workstation
// HardwareIntrinsics=AVX2+BMI1+BMI2+F16C+FMA+LZCNT+MOVBE,AVX,SSE3+SSSE3+SSE4.1+SSE4.2+POPCNT,X86Base+SSE+SSE2,AES+PCLMUL,AvxVnni,SERIALIZE VectorSize=256
// Job: .NET 8.0

OverheadJitting  1: 1 op, 86400.00 ns, 86.4000 us/op
WorkloadJitting  1: 1 op, 4175400.00 ns, 4.1754 ms/op

OverheadJitting  2: 16 op, 214400.00 ns, 13.4000 us/op
WorkloadJitting  2: 16 op, 283700.00 ns, 17.7313 us/op

WorkloadPilot    1: 16 op, 66500.00 ns, 4.1563 us/op
WorkloadPilot    2: 32 op, 110200.00 ns, 3.4438 us/op
WorkloadPilot    3: 64 op, 194700.00 ns, 3.0422 us/op
WorkloadPilot    4: 128 op, 365000.00 ns, 2.8516 us/op
WorkloadPilot    5: 256 op, 742400.00 ns, 2.9000 us/op
WorkloadPilot    6: 512 op, 1611900.00 ns, 3.1482 us/op
WorkloadPilot    7: 1024 op, 2991100.00 ns, 2.9210 us/op
WorkloadPilot    8: 2048 op, 5600700.00 ns, 2.7347 us/op
WorkloadPilot    9: 4096 op, 12173800.00 ns, 2.9721 us/op
WorkloadPilot   10: 8192 op, 15954900.00 ns, 1.9476 us/op
WorkloadPilot   11: 16384 op, 30720900.00 ns, 1.8751 us/op
WorkloadPilot   12: 32768 op, 62873600.00 ns, 1.9188 us/op
WorkloadPilot   13: 65536 op, 223812000.00 ns, 3.4151 us/op
WorkloadPilot   14: 131072 op, 244904800.00 ns, 1.8685 us/op
WorkloadPilot   15: 262144 op, 245604300.00 ns, 936.9061 ns/op
WorkloadPilot   16: 524288 op, 481994500.00 ns, 919.3316 ns/op
WorkloadPilot   17: 1048576 op, 968126000.00 ns, 923.2769 ns/op

OverheadWarmup   1: 1048576 op, 3113500.00 ns, 2.9693 ns/op
OverheadWarmup   2: 1048576 op, 2792900.00 ns, 2.6635 ns/op
OverheadWarmup   3: 1048576 op, 2850700.00 ns, 2.7186 ns/op
OverheadWarmup   4: 1048576 op, 2841000.00 ns, 2.7094 ns/op
OverheadWarmup   5: 1048576 op, 2980400.00 ns, 2.8423 ns/op
OverheadWarmup   6: 1048576 op, 2860000.00 ns, 2.7275 ns/op

OverheadActual   1: 1048576 op, 2816400.00 ns, 2.6859 ns/op
OverheadActual   2: 1048576 op, 2858400.00 ns, 2.7260 ns/op
OverheadActual   3: 1048576 op, 3035600.00 ns, 2.8950 ns/op
OverheadActual   4: 1048576 op, 2774900.00 ns, 2.6464 ns/op
OverheadActual   5: 1048576 op, 2749700.00 ns, 2.6223 ns/op
OverheadActual   6: 1048576 op, 2831700.00 ns, 2.7005 ns/op
OverheadActual   7: 1048576 op, 2850600.00 ns, 2.7185 ns/op
OverheadActual   8: 1048576 op, 2919900.00 ns, 2.7846 ns/op
OverheadActual   9: 1048576 op, 2906500.00 ns, 2.7719 ns/op
OverheadActual  10: 1048576 op, 2769400.00 ns, 2.6411 ns/op
OverheadActual  11: 1048576 op, 2866900.00 ns, 2.7341 ns/op
OverheadActual  12: 1048576 op, 2851100.00 ns, 2.7190 ns/op
OverheadActual  13: 1048576 op, 2963000.00 ns, 2.8257 ns/op
OverheadActual  14: 1048576 op, 2989300.00 ns, 2.8508 ns/op
OverheadActual  15: 1048576 op, 2844800.00 ns, 2.7130 ns/op

WorkloadWarmup   1: 1048576 op, 973501600.00 ns, 928.4035 ns/op
WorkloadWarmup   2: 1048576 op, 963477200.00 ns, 918.8435 ns/op
WorkloadWarmup   3: 1048576 op, 963624800.00 ns, 918.9842 ns/op
WorkloadWarmup   4: 1048576 op, 959229200.00 ns, 914.7923 ns/op
WorkloadWarmup   5: 1048576 op, 966428000.00 ns, 921.6576 ns/op
WorkloadWarmup   6: 1048576 op, 968236600.00 ns, 923.3824 ns/op
WorkloadWarmup   7: 1048576 op, 965412900.00 ns, 920.6895 ns/op

// BeforeActualRun
WorkloadActual   1: 1048576 op, 964867700.00 ns, 920.1695 ns/op
WorkloadActual   2: 1048576 op, 964521300.00 ns, 919.8392 ns/op
WorkloadActual   3: 1048576 op, 962906800.00 ns, 918.2995 ns/op
WorkloadActual   4: 1048576 op, 971514100.00 ns, 926.5080 ns/op
WorkloadActual   5: 1048576 op, 964724400.00 ns, 920.0329 ns/op
WorkloadActual   6: 1048576 op, 967673400.00 ns, 922.8453 ns/op
WorkloadActual   7: 1048576 op, 964149600.00 ns, 919.4847 ns/op
WorkloadActual   8: 1048576 op, 966770500.00 ns, 921.9842 ns/op
WorkloadActual   9: 1048576 op, 961083500.00 ns, 916.5606 ns/op
WorkloadActual  10: 1048576 op, 961081300.00 ns, 916.5586 ns/op
WorkloadActual  11: 1048576 op, 968152600.00 ns, 923.3023 ns/op
WorkloadActual  12: 1048576 op, 1042744800.00 ns, 994.4389 ns/op
WorkloadActual  13: 1048576 op, 961338700.00 ns, 916.8040 ns/op
WorkloadActual  14: 1048576 op, 970875200.00 ns, 925.8987 ns/op
WorkloadActual  15: 1048576 op, 968615100.00 ns, 923.7433 ns/op

// AfterActualRun
WorkloadResult   1: 1048576 op, 962016600.00 ns, 917.4505 ns/op
WorkloadResult   2: 1048576 op, 961670200.00 ns, 917.1202 ns/op
WorkloadResult   3: 1048576 op, 960055700.00 ns, 915.5805 ns/op
WorkloadResult   4: 1048576 op, 968663000.00 ns, 923.7890 ns/op
WorkloadResult   5: 1048576 op, 961873300.00 ns, 917.3139 ns/op
WorkloadResult   6: 1048576 op, 964822300.00 ns, 920.1262 ns/op
WorkloadResult   7: 1048576 op, 961298500.00 ns, 916.7657 ns/op
WorkloadResult   8: 1048576 op, 963919400.00 ns, 919.2652 ns/op
WorkloadResult   9: 1048576 op, 958232400.00 ns, 913.8416 ns/op
WorkloadResult  10: 1048576 op, 958230200.00 ns, 913.8395 ns/op
WorkloadResult  11: 1048576 op, 965301500.00 ns, 920.5832 ns/op
WorkloadResult  12: 1048576 op, 958487600.00 ns, 914.0850 ns/op
WorkloadResult  13: 1048576 op, 968024100.00 ns, 923.1797 ns/op
WorkloadResult  14: 1048576 op, 965764000.00 ns, 921.0243 ns/op
// GC:  252 0 0 4756411576 1048576
// Threading:  0 0 1048576

// AfterAll
// Benchmark Process 25952 has exited with code 0.

Mean = 918.140 ns, StdErr = 0.880 ns (0.10%), N = 14, StdDev = 3.292 ns
Min = 913.840 ns, Q1 = 915.877 ns, Median = 917.382 ns, Q3 = 920.469 ns, Max = 923.789 ns
IQR = 4.592 ns, LowerFence = 908.988 ns, UpperFence = 927.357 ns
ConfidenceInterval = [914.427 ns; 921.854 ns] (CI 99.9%), Margin = 3.713 ns (0.40% of Mean)
Skewness = 0.22, Kurtosis = 1.7, MValue = 2

// ** Remained 18 (32,1 %) benchmark(s) to run. Estimated finish 2026-02-08 15:31 (0h 5m from now) **
Setup power plan (GUID: 8c5e7fda-e8bf-4a96-9a85-a6e23a8c635c FriendlyName: Visoka učinkovitost delovanja)
// **************************
// Benchmark: Benchmarks.StringBuilderWithAppends: .NET 8.0(Runtime=.NET 8.0) [Model=MediumModel]
// *** Execute ***
// Launch: 1 / 1
// Execute: dotnet "ObjectSerialization-.NET 8.0-2.dll" --anonymousPipes 1928 1656 --benchmarkName "ObjectSerialization.Benchmarks.StringBuilderWithAppends(Model: \"MediumModel\")" --job ".NET 8.0" --benchmarkId 17 in C:\Users\Arnecic\Documents\documents\Programming\benchmark-cs\Benchmarks\ObjectSerialization\bin\Release\net10.0\ObjectSerialization-.NET 8.0-2\bin\Release\net8.0
// BeforeAnythingElse

// Benchmark Process Environment Information:
// BenchmarkDotNet v0.15.8
// Runtime=.NET 8.0.23 (8.0.23, 8.0.2325.60607), X64 RyuJIT x86-64-v3
// GC=Concurrent Workstation
// HardwareIntrinsics=AVX2+BMI1+BMI2+F16C+FMA+LZCNT+MOVBE,AVX,SSE3+SSSE3+SSE4.1+SSE4.2+POPCNT,X86Base+SSE+SSE2,AES+PCLMUL,AvxVnni,SERIALIZE VectorSize=256
// Job: .NET 8.0

OverheadJitting  1: 1 op, 88400.00 ns, 88.4000 us/op
WorkloadJitting  1: 1 op, 5710800.00 ns, 5.7108 ms/op

OverheadJitting  2: 16 op, 227400.00 ns, 14.2125 us/op
WorkloadJitting  2: 16 op, 328000.00 ns, 20.5000 us/op

WorkloadPilot    1: 16 op, 69500.00 ns, 4.3438 us/op
WorkloadPilot    2: 32 op, 121100.00 ns, 3.7844 us/op
WorkloadPilot    3: 64 op, 188700.00 ns, 2.9484 us/op
WorkloadPilot    4: 128 op, 376500.00 ns, 2.9414 us/op
WorkloadPilot    5: 256 op, 766800.00 ns, 2.9953 us/op
WorkloadPilot    6: 512 op, 1644500.00 ns, 3.2119 us/op
WorkloadPilot    7: 1024 op, 3759300.00 ns, 3.6712 us/op
WorkloadPilot    8: 2048 op, 6497700.00 ns, 3.1727 us/op
WorkloadPilot    9: 4096 op, 13004800.00 ns, 3.1750 us/op
WorkloadPilot   10: 8192 op, 20063000.00 ns, 2.4491 us/op
WorkloadPilot   11: 16384 op, 38134800.00 ns, 2.3276 us/op
WorkloadPilot   12: 32768 op, 82273300.00 ns, 2.5108 us/op
WorkloadPilot   13: 65536 op, 223794000.00 ns, 3.4148 us/op
WorkloadPilot   14: 131072 op, 206362000.00 ns, 1.5744 us/op
WorkloadPilot   15: 262144 op, 238972700.00 ns, 911.6085 ns/op
WorkloadPilot   16: 524288 op, 482243900.00 ns, 919.8072 ns/op
WorkloadPilot   17: 1048576 op, 955984300.00 ns, 911.6977 ns/op

OverheadWarmup   1: 1048576 op, 3062800.00 ns, 2.9209 ns/op
OverheadWarmup   2: 1048576 op, 2814500.00 ns, 2.6841 ns/op
OverheadWarmup   3: 1048576 op, 2779600.00 ns, 2.6508 ns/op
OverheadWarmup   4: 1048576 op, 2995100.00 ns, 2.8563 ns/op
OverheadWarmup   5: 1048576 op, 2778000.00 ns, 2.6493 ns/op
OverheadWarmup   6: 1048576 op, 2767300.00 ns, 2.6391 ns/op
OverheadWarmup   7: 1048576 op, 2791700.00 ns, 2.6624 ns/op
OverheadWarmup   8: 1048576 op, 2894400.00 ns, 2.7603 ns/op
OverheadWarmup   9: 1048576 op, 2984400.00 ns, 2.8461 ns/op
OverheadWarmup  10: 1048576 op, 2758100.00 ns, 2.6303 ns/op

OverheadActual   1: 1048576 op, 3032800.00 ns, 2.8923 ns/op
OverheadActual   2: 1048576 op, 2892000.00 ns, 2.7580 ns/op
OverheadActual   3: 1048576 op, 2993400.00 ns, 2.8547 ns/op
OverheadActual   4: 1048576 op, 2991700.00 ns, 2.8531 ns/op
OverheadActual   5: 1048576 op, 3015500.00 ns, 2.8758 ns/op
OverheadActual   6: 1048576 op, 2944100.00 ns, 2.8077 ns/op
OverheadActual   7: 1048576 op, 2885300.00 ns, 2.7516 ns/op
OverheadActual   8: 1048576 op, 2965300.00 ns, 2.8279 ns/op
OverheadActual   9: 1048576 op, 2878400.00 ns, 2.7451 ns/op
OverheadActual  10: 1048576 op, 2758700.00 ns, 2.6309 ns/op
OverheadActual  11: 1048576 op, 2761900.00 ns, 2.6340 ns/op
OverheadActual  12: 1048576 op, 2890400.00 ns, 2.7565 ns/op
OverheadActual  13: 1048576 op, 3296400.00 ns, 3.1437 ns/op
OverheadActual  14: 1048576 op, 2881500.00 ns, 2.7480 ns/op
OverheadActual  15: 1048576 op, 2954700.00 ns, 2.8178 ns/op

WorkloadWarmup   1: 1048576 op, 945163000.00 ns, 901.3777 ns/op
WorkloadWarmup   2: 1048576 op, 941591500.00 ns, 897.9716 ns/op
WorkloadWarmup   3: 1048576 op, 933866800.00 ns, 890.6048 ns/op
WorkloadWarmup   4: 1048576 op, 936900000.00 ns, 893.4975 ns/op
WorkloadWarmup   5: 1048576 op, 949782200.00 ns, 905.7829 ns/op
WorkloadWarmup   6: 1048576 op, 945011200.00 ns, 901.2329 ns/op
WorkloadWarmup   7: 1048576 op, 939304300.00 ns, 895.7904 ns/op
WorkloadWarmup   8: 1048576 op, 939793500.00 ns, 896.2569 ns/op
WorkloadWarmup   9: 1048576 op, 941747500.00 ns, 898.1204 ns/op
WorkloadWarmup  10: 1048576 op, 946713300.00 ns, 902.8562 ns/op
WorkloadWarmup  11: 1048576 op, 942820600.00 ns, 899.1438 ns/op

// BeforeActualRun
WorkloadActual   1: 1048576 op, 952767400.00 ns, 908.6298 ns/op
WorkloadActual   2: 1048576 op, 938802200.00 ns, 895.3115 ns/op
WorkloadActual   3: 1048576 op, 936111400.00 ns, 892.7454 ns/op
WorkloadActual   4: 1048576 op, 944810200.00 ns, 901.0412 ns/op
WorkloadActual   5: 1048576 op, 947499600.00 ns, 903.6060 ns/op
WorkloadActual   6: 1048576 op, 944318200.00 ns, 900.5720 ns/op
WorkloadActual   7: 1048576 op, 948853900.00 ns, 904.8976 ns/op
WorkloadActual   8: 1048576 op, 950445200.00 ns, 906.4152 ns/op
WorkloadActual   9: 1048576 op, 938118600.00 ns, 894.6596 ns/op
WorkloadActual  10: 1048576 op, 941249900.00 ns, 897.6459 ns/op
WorkloadActual  11: 1048576 op, 955061300.00 ns, 910.8174 ns/op
WorkloadActual  12: 1048576 op, 952243900.00 ns, 908.1306 ns/op
WorkloadActual  13: 1048576 op, 979453000.00 ns, 934.0792 ns/op
WorkloadActual  14: 1048576 op, 971519600.00 ns, 926.5133 ns/op
WorkloadActual  15: 1048576 op, 949054000.00 ns, 905.0884 ns/op

// AfterActualRun
WorkloadResult   1: 1048576 op, 949823300.00 ns, 905.8221 ns/op
WorkloadResult   2: 1048576 op, 935858100.00 ns, 892.5038 ns/op
WorkloadResult   3: 1048576 op, 933167300.00 ns, 889.9377 ns/op
WorkloadResult   4: 1048576 op, 941866100.00 ns, 898.2335 ns/op
WorkloadResult   5: 1048576 op, 944555500.00 ns, 900.7983 ns/op
WorkloadResult   6: 1048576 op, 941374100.00 ns, 897.7643 ns/op
WorkloadResult   7: 1048576 op, 945909800.00 ns, 902.0899 ns/op
WorkloadResult   8: 1048576 op, 947501100.00 ns, 903.6075 ns/op
WorkloadResult   9: 1048576 op, 935174500.00 ns, 891.8519 ns/op
WorkloadResult  10: 1048576 op, 938305800.00 ns, 894.8381 ns/op
WorkloadResult  11: 1048576 op, 952117200.00 ns, 908.0097 ns/op
WorkloadResult  12: 1048576 op, 949299800.00 ns, 905.3228 ns/op
WorkloadResult  13: 1048576 op, 946109900.00 ns, 902.2807 ns/op
// GC:  242 2 0 4563470792 1048576
// Threading:  0 0 1048576

// AfterAll
// Benchmark Process 29468 has exited with code 0.

Mean = 899.466 ns, StdErr = 1.610 ns (0.18%), N = 13, StdDev = 5.806 ns
Min = 889.938 ns, Q1 = 894.838 ns, Median = 900.798 ns, Q3 = 903.607 ns, Max = 908.010 ns
IQR = 8.769 ns, LowerFence = 881.684 ns, UpperFence = 916.761 ns
ConfidenceInterval = [892.513 ns; 906.419 ns] (CI 99.9%), Margin = 6.953 ns (0.77% of Mean)
Skewness = -0.22, Kurtosis = 1.55, MValue = 2

// ** Remained 17 (30,4 %) benchmark(s) to run. Estimated finish 2026-02-08 15:31 (0h 5m from now) **
Setup power plan (GUID: 8c5e7fda-e8bf-4a96-9a85-a6e23a8c635c FriendlyName: Visoka učinkovitost delovanja)
// **************************
// Benchmark: Benchmarks.StringBuilderWithInterpolatedAppends: .NET 8.0(Runtime=.NET 8.0) [Model=MediumModel]
// *** Execute ***
// Launch: 1 / 1
// Execute: dotnet "ObjectSerialization-.NET 8.0-2.dll" --anonymousPipes 1604 1908 --benchmarkName "ObjectSerialization.Benchmarks.StringBuilderWithInterpolatedAppends(Model: \"MediumModel\")" --job ".NET 8.0" --benchmarkId 18 in C:\Users\Arnecic\Documents\documents\Programming\benchmark-cs\Benchmarks\ObjectSerialization\bin\Release\net10.0\ObjectSerialization-.NET 8.0-2\bin\Release\net8.0
// BeforeAnythingElse

// Benchmark Process Environment Information:
// BenchmarkDotNet v0.15.8
// Runtime=.NET 8.0.23 (8.0.23, 8.0.2325.60607), X64 RyuJIT x86-64-v3
// GC=Concurrent Workstation
// HardwareIntrinsics=AVX2+BMI1+BMI2+F16C+FMA+LZCNT+MOVBE,AVX,SSE3+SSSE3+SSE4.1+SSE4.2+POPCNT,X86Base+SSE+SSE2,AES+PCLMUL,AvxVnni,SERIALIZE VectorSize=256
// Job: .NET 8.0

OverheadJitting  1: 1 op, 87300.00 ns, 87.3000 us/op
WorkloadJitting  1: 1 op, 5563300.00 ns, 5.5633 ms/op

OverheadJitting  2: 16 op, 242000.00 ns, 15.1250 us/op
WorkloadJitting  2: 16 op, 294100.00 ns, 18.3813 us/op

WorkloadPilot    1: 16 op, 63900.00 ns, 3.9938 us/op
WorkloadPilot    2: 32 op, 106500.00 ns, 3.3281 us/op
WorkloadPilot    3: 64 op, 208000.00 ns, 3.2500 us/op
WorkloadPilot    4: 128 op, 351100.00 ns, 2.7430 us/op
WorkloadPilot    5: 256 op, 747500.00 ns, 2.9199 us/op
WorkloadPilot    6: 512 op, 1573100.00 ns, 3.0725 us/op
WorkloadPilot    7: 1024 op, 3172800.00 ns, 3.0984 us/op
WorkloadPilot    8: 2048 op, 6119900.00 ns, 2.9882 us/op
WorkloadPilot    9: 4096 op, 12312500.00 ns, 3.0060 us/op
WorkloadPilot   10: 8192 op, 22734000.00 ns, 2.7751 us/op
WorkloadPilot   11: 16384 op, 38892600.00 ns, 2.3738 us/op
WorkloadPilot   12: 32768 op, 90141100.00 ns, 2.7509 us/op
WorkloadPilot   13: 65536 op, 234685700.00 ns, 3.5810 us/op
WorkloadPilot   14: 131072 op, 191469300.00 ns, 1.4608 us/op
WorkloadPilot   15: 262144 op, 235079300.00 ns, 896.7564 ns/op
WorkloadPilot   16: 524288 op, 474957200.00 ns, 905.9090 ns/op
WorkloadPilot   17: 1048576 op, 945018900.00 ns, 901.2403 ns/op

OverheadWarmup   1: 1048576 op, 2896600.00 ns, 2.7624 ns/op
OverheadWarmup   2: 1048576 op, 2827900.00 ns, 2.6969 ns/op
OverheadWarmup   3: 1048576 op, 2954600.00 ns, 2.8177 ns/op
OverheadWarmup   4: 1048576 op, 2850400.00 ns, 2.7184 ns/op
OverheadWarmup   5: 1048576 op, 2811100.00 ns, 2.6809 ns/op
OverheadWarmup   6: 1048576 op, 2851300.00 ns, 2.7192 ns/op
OverheadWarmup   7: 1048576 op, 2890000.00 ns, 2.7561 ns/op
OverheadWarmup   8: 1048576 op, 3301300.00 ns, 3.1484 ns/op
OverheadWarmup   9: 1048576 op, 2939900.00 ns, 2.8037 ns/op

OverheadActual   1: 1048576 op, 2946900.00 ns, 2.8104 ns/op
OverheadActual   2: 1048576 op, 2998900.00 ns, 2.8600 ns/op
OverheadActual   3: 1048576 op, 3395700.00 ns, 3.2384 ns/op
OverheadActual   4: 1048576 op, 2939400.00 ns, 2.8032 ns/op
OverheadActual   5: 1048576 op, 3013100.00 ns, 2.8735 ns/op
OverheadActual   6: 1048576 op, 2902400.00 ns, 2.7679 ns/op
OverheadActual   7: 1048576 op, 2969300.00 ns, 2.8317 ns/op
OverheadActual   8: 1048576 op, 2991800.00 ns, 2.8532 ns/op
OverheadActual   9: 1048576 op, 3047500.00 ns, 2.9063 ns/op
OverheadActual  10: 1048576 op, 2998600.00 ns, 2.8597 ns/op
OverheadActual  11: 1048576 op, 2900100.00 ns, 2.7658 ns/op
OverheadActual  12: 1048576 op, 2960200.00 ns, 2.8231 ns/op
OverheadActual  13: 1048576 op, 2923300.00 ns, 2.7879 ns/op
OverheadActual  14: 1048576 op, 3026200.00 ns, 2.8860 ns/op
OverheadActual  15: 1048576 op, 3046800.00 ns, 2.9057 ns/op

WorkloadWarmup   1: 1048576 op, 938450600.00 ns, 894.9762 ns/op
WorkloadWarmup   2: 1048576 op, 929010100.00 ns, 885.9731 ns/op
WorkloadWarmup   3: 1048576 op, 924943100.00 ns, 882.0945 ns/op
WorkloadWarmup   4: 1048576 op, 927808800.00 ns, 884.8274 ns/op
WorkloadWarmup   5: 1048576 op, 924145200.00 ns, 881.3335 ns/op
WorkloadWarmup   6: 1048576 op, 923921900.00 ns, 881.1206 ns/op
WorkloadWarmup   7: 1048576 op, 922869700.00 ns, 880.1171 ns/op
WorkloadWarmup   8: 1048576 op, 928007700.00 ns, 885.0171 ns/op
WorkloadWarmup   9: 1048576 op, 919228900.00 ns, 876.6450 ns/op

// BeforeActualRun
WorkloadActual   1: 1048576 op, 930785800.00 ns, 887.6665 ns/op
WorkloadActual   2: 1048576 op, 927375400.00 ns, 884.4141 ns/op
WorkloadActual   3: 1048576 op, 924486700.00 ns, 881.6592 ns/op
WorkloadActual   4: 1048576 op, 927510000.00 ns, 884.5425 ns/op
WorkloadActual   5: 1048576 op, 922209400.00 ns, 879.4874 ns/op
WorkloadActual   6: 1048576 op, 922900800.00 ns, 880.1468 ns/op
WorkloadActual   7: 1048576 op, 926811800.00 ns, 883.8766 ns/op
WorkloadActual   8: 1048576 op, 925521100.00 ns, 882.6457 ns/op
WorkloadActual   9: 1048576 op, 926980500.00 ns, 884.0375 ns/op
WorkloadActual  10: 1048576 op, 926734400.00 ns, 883.8028 ns/op
WorkloadActual  11: 1048576 op, 924368100.00 ns, 881.5461 ns/op
WorkloadActual  12: 1048576 op, 920118200.00 ns, 877.4931 ns/op
WorkloadActual  13: 1048576 op, 924311000.00 ns, 881.4917 ns/op
WorkloadActual  14: 1048576 op, 925036800.00 ns, 882.1838 ns/op
WorkloadActual  15: 1048576 op, 920213200.00 ns, 877.5837 ns/op

// AfterActualRun
WorkloadResult   1: 1048576 op, 927794000.00 ns, 884.8133 ns/op
WorkloadResult   2: 1048576 op, 924383600.00 ns, 881.5609 ns/op
WorkloadResult   3: 1048576 op, 921494900.00 ns, 878.8060 ns/op
WorkloadResult   4: 1048576 op, 924518200.00 ns, 881.6893 ns/op
WorkloadResult   5: 1048576 op, 919217600.00 ns, 876.6342 ns/op
WorkloadResult   6: 1048576 op, 919909000.00 ns, 877.2936 ns/op
WorkloadResult   7: 1048576 op, 923820000.00 ns, 881.0234 ns/op
WorkloadResult   8: 1048576 op, 922529300.00 ns, 879.7925 ns/op
WorkloadResult   9: 1048576 op, 923988700.00 ns, 881.1843 ns/op
WorkloadResult  10: 1048576 op, 923742600.00 ns, 880.9496 ns/op
WorkloadResult  11: 1048576 op, 921376300.00 ns, 878.6929 ns/op
WorkloadResult  12: 1048576 op, 917126400.00 ns, 874.6399 ns/op
WorkloadResult  13: 1048576 op, 921319200.00 ns, 878.6385 ns/op
WorkloadResult  14: 1048576 op, 922045000.00 ns, 879.3306 ns/op
WorkloadResult  15: 1048576 op, 917221400.00 ns, 874.7305 ns/op
// GC:  147 0 0 2785059296 1048576
// Threading:  0 0 1048576

// AfterAll
// Benchmark Process 10212 has exited with code 0.

Mean = 879.319 ns, StdErr = 0.709 ns (0.08%), N = 15, StdDev = 2.745 ns
Min = 874.640 ns, Q1 = 877.966 ns, Median = 879.331 ns, Q3 = 881.104 ns, Max = 884.813 ns
IQR = 3.138 ns, LowerFence = 873.259 ns, UpperFence = 885.811 ns
ConfidenceInterval = [876.384 ns; 882.253 ns] (CI 99.9%), Margin = 2.934 ns (0.33% of Mean)
Skewness = -0.07, Kurtosis = 2.33, MValue = 2

// ** Remained 16 (28,6 %) benchmark(s) to run. Estimated finish 2026-02-08 15:31 (0h 5m from now) **
Setup power plan (GUID: 8c5e7fda-e8bf-4a96-9a85-a6e23a8c635c FriendlyName: Visoka učinkovitost delovanja)
// **************************
// Benchmark: Benchmarks.StringBuilderWithAppendsAndPresetCapacity: .NET 8.0(Runtime=.NET 8.0) [Model=MediumModel]
// *** Execute ***
// Launch: 1 / 1
// Execute: dotnet "ObjectSerialization-.NET 8.0-2.dll" --anonymousPipes 1816 1844 --benchmarkName "ObjectSerialization.Benchmarks.StringBuilderWithAppendsAndPresetCapacity(Model: \"MediumModel\")" --job ".NET 8.0" --benchmarkId 19 in C:\Users\Arnecic\Documents\documents\Programming\benchmark-cs\Benchmarks\ObjectSerialization\bin\Release\net10.0\ObjectSerialization-.NET 8.0-2\bin\Release\net8.0
// BeforeAnythingElse

// Benchmark Process Environment Information:
// BenchmarkDotNet v0.15.8
// Runtime=.NET 8.0.23 (8.0.23, 8.0.2325.60607), X64 RyuJIT x86-64-v3
// GC=Concurrent Workstation
// HardwareIntrinsics=AVX2+BMI1+BMI2+F16C+FMA+LZCNT+MOVBE,AVX,SSE3+SSSE3+SSE4.1+SSE4.2+POPCNT,X86Base+SSE+SSE2,AES+PCLMUL,AvxVnni,SERIALIZE VectorSize=256
// Job: .NET 8.0

OverheadJitting  1: 1 op, 88400.00 ns, 88.4000 us/op
WorkloadJitting  1: 1 op, 5149100.00 ns, 5.1491 ms/op

OverheadJitting  2: 16 op, 211900.00 ns, 13.2438 us/op
WorkloadJitting  2: 16 op, 302900.00 ns, 18.9313 us/op

WorkloadPilot    1: 16 op, 64500.00 ns, 4.0313 us/op
WorkloadPilot    2: 32 op, 117000.00 ns, 3.6563 us/op
WorkloadPilot    3: 64 op, 224900.00 ns, 3.5141 us/op
WorkloadPilot    4: 128 op, 359300.00 ns, 2.8070 us/op
WorkloadPilot    5: 256 op, 788500.00 ns, 3.0801 us/op
WorkloadPilot    6: 512 op, 1780200.00 ns, 3.4770 us/op
WorkloadPilot    7: 1024 op, 3992900.00 ns, 3.8993 us/op
WorkloadPilot    8: 2048 op, 6228300.00 ns, 3.0412 us/op
WorkloadPilot    9: 4096 op, 13079700.00 ns, 3.1933 us/op
WorkloadPilot   10: 8192 op, 20026100.00 ns, 2.4446 us/op
WorkloadPilot   11: 16384 op, 36383900.00 ns, 2.2207 us/op
WorkloadPilot   12: 32768 op, 73353000.00 ns, 2.2386 us/op
WorkloadPilot   13: 65536 op, 222952900.00 ns, 3.4020 us/op
WorkloadPilot   14: 131072 op, 226183300.00 ns, 1.7256 us/op
WorkloadPilot   15: 262144 op, 221504500.00 ns, 844.9726 ns/op
WorkloadPilot   16: 524288 op, 492999900.00 ns, 940.3227 ns/op
WorkloadPilot   17: 1048576 op, 902393700.00 ns, 860.5897 ns/op

OverheadWarmup   1: 1048576 op, 2851500.00 ns, 2.7194 ns/op
OverheadWarmup   2: 1048576 op, 2937900.00 ns, 2.8018 ns/op
OverheadWarmup   3: 1048576 op, 2851500.00 ns, 2.7194 ns/op
OverheadWarmup   4: 1048576 op, 3194200.00 ns, 3.0462 ns/op
OverheadWarmup   5: 1048576 op, 2900700.00 ns, 2.7663 ns/op

OverheadActual   1: 1048576 op, 2982300.00 ns, 2.8441 ns/op
OverheadActual   2: 1048576 op, 2998200.00 ns, 2.8593 ns/op
OverheadActual   3: 1048576 op, 3007900.00 ns, 2.8686 ns/op
OverheadActual   4: 1048576 op, 2939000.00 ns, 2.8028 ns/op
OverheadActual   5: 1048576 op, 2945700.00 ns, 2.8092 ns/op
OverheadActual   6: 1048576 op, 2896700.00 ns, 2.7625 ns/op
OverheadActual   7: 1048576 op, 2954300.00 ns, 2.8174 ns/op
OverheadActual   8: 1048576 op, 3007100.00 ns, 2.8678 ns/op
OverheadActual   9: 1048576 op, 2995800.00 ns, 2.8570 ns/op
OverheadActual  10: 1048576 op, 2947300.00 ns, 2.8108 ns/op
OverheadActual  11: 1048576 op, 2916400.00 ns, 2.7813 ns/op
OverheadActual  12: 1048576 op, 2907200.00 ns, 2.7725 ns/op
OverheadActual  13: 1048576 op, 3248100.00 ns, 3.0976 ns/op
OverheadActual  14: 1048576 op, 2916700.00 ns, 2.7816 ns/op
OverheadActual  15: 1048576 op, 2784000.00 ns, 2.6550 ns/op

WorkloadWarmup   1: 1048576 op, 883120100.00 ns, 842.2090 ns/op
WorkloadWarmup   2: 1048576 op, 881500100.00 ns, 840.6640 ns/op
WorkloadWarmup   3: 1048576 op, 884300700.00 ns, 843.3349 ns/op
WorkloadWarmup   4: 1048576 op, 877416800.00 ns, 836.7699 ns/op
WorkloadWarmup   5: 1048576 op, 875722400.00 ns, 835.1540 ns/op
WorkloadWarmup   6: 1048576 op, 876804800.00 ns, 836.1862 ns/op
WorkloadWarmup   7: 1048576 op, 883613800.00 ns, 842.6798 ns/op
WorkloadWarmup   8: 1048576 op, 877956200.00 ns, 837.2843 ns/op

// BeforeActualRun
WorkloadActual   1: 1048576 op, 880023400.00 ns, 839.2557 ns/op
WorkloadActual   2: 1048576 op, 875532600.00 ns, 834.9730 ns/op
WorkloadActual   3: 1048576 op, 878820400.00 ns, 838.1084 ns/op
WorkloadActual   4: 1048576 op, 877961200.00 ns, 837.2890 ns/op
WorkloadActual   5: 1048576 op, 878400200.00 ns, 837.7077 ns/op
WorkloadActual   6: 1048576 op, 876892400.00 ns, 836.2698 ns/op
WorkloadActual   7: 1048576 op, 875492600.00 ns, 834.9348 ns/op
WorkloadActual   8: 1048576 op, 877245800.00 ns, 836.6068 ns/op
WorkloadActual   9: 1048576 op, 874269600.00 ns, 833.7685 ns/op
WorkloadActual  10: 1048576 op, 876691100.00 ns, 836.0778 ns/op
WorkloadActual  11: 1048576 op, 872211400.00 ns, 831.8056 ns/op
WorkloadActual  12: 1048576 op, 878967200.00 ns, 838.2484 ns/op
WorkloadActual  13: 1048576 op, 875337800.00 ns, 834.7872 ns/op
WorkloadActual  14: 1048576 op, 875372600.00 ns, 834.8204 ns/op
WorkloadActual  15: 1048576 op, 873549200.00 ns, 833.0814 ns/op

// AfterActualRun
WorkloadResult   1: 1048576 op, 877076100.00 ns, 836.4450 ns/op
WorkloadResult   2: 1048576 op, 872585300.00 ns, 832.1622 ns/op
WorkloadResult   3: 1048576 op, 875873100.00 ns, 835.2977 ns/op
WorkloadResult   4: 1048576 op, 875013900.00 ns, 834.4783 ns/op
WorkloadResult   5: 1048576 op, 875452900.00 ns, 834.8969 ns/op
WorkloadResult   6: 1048576 op, 873945100.00 ns, 833.4590 ns/op
WorkloadResult   7: 1048576 op, 872545300.00 ns, 832.1240 ns/op
WorkloadResult   8: 1048576 op, 874298500.00 ns, 833.7960 ns/op
WorkloadResult   9: 1048576 op, 871322300.00 ns, 830.9577 ns/op
WorkloadResult  10: 1048576 op, 873743800.00 ns, 833.2670 ns/op
WorkloadResult  11: 1048576 op, 869264100.00 ns, 828.9948 ns/op
WorkloadResult  12: 1048576 op, 876019900.00 ns, 835.4377 ns/op
WorkloadResult  13: 1048576 op, 872390500.00 ns, 831.9764 ns/op
WorkloadResult  14: 1048576 op, 872425300.00 ns, 832.0096 ns/op
WorkloadResult  15: 1048576 op, 870601900.00 ns, 830.2707 ns/op
// GC:  203 1 0 3825262368 1048576
// Threading:  0 0 1048576

// AfterAll
// Benchmark Process 25120 has exited with code 0.

Mean = 833.038 ns, StdErr = 0.539 ns (0.06%), N = 15, StdDev = 2.086 ns
Min = 828.995 ns, Q1 = 831.993 ns, Median = 833.267 ns, Q3 = 834.688 ns, Max = 836.445 ns
IQR = 2.695 ns, LowerFence = 827.951 ns, UpperFence = 838.730 ns
ConfidenceInterval = [830.808 ns; 835.268 ns] (CI 99.9%), Margin = 2.230 ns (0.27% of Mean)
Skewness = -0.19, Kurtosis = 1.97, MValue = 2

// ** Remained 15 (26,8 %) benchmark(s) to run. Estimated finish 2026-02-08 15:31 (0h 5m from now) **
Setup power plan (GUID: 8c5e7fda-e8bf-4a96-9a85-a6e23a8c635c FriendlyName: Visoka učinkovitost delovanja)
// **************************
// Benchmark: Benchmarks.StringBuilderWithInterpolatedAppendsAndPresetCapacity: .NET 8.0(Runtime=.NET 8.0) [Model=MediumModel]
// *** Execute ***
// Launch: 1 / 1
// Execute: dotnet "ObjectSerialization-.NET 8.0-2.dll" --anonymousPipes 1604 1908 --benchmarkName "ObjectSerialization.Benchmarks.StringBuilderWithInterpolatedAppendsAndPresetCapacity(Model: \"MediumModel\")" --job ".NET 8.0" --benchmarkId 20 in C:\Users\Arnecic\Documents\documents\Programming\benchmark-cs\Benchmarks\ObjectSerialization\bin\Release\net10.0\ObjectSerialization-.NET 8.0-2\bin\Release\net8.0
// BeforeAnythingElse

// Benchmark Process Environment Information:
// BenchmarkDotNet v0.15.8
// Runtime=.NET 8.0.23 (8.0.23, 8.0.2325.60607), X64 RyuJIT x86-64-v3
// GC=Concurrent Workstation
// HardwareIntrinsics=AVX2+BMI1+BMI2+F16C+FMA+LZCNT+MOVBE,AVX,SSE3+SSSE3+SSE4.1+SSE4.2+POPCNT,X86Base+SSE+SSE2,AES+PCLMUL,AvxVnni,SERIALIZE VectorSize=256
// Job: .NET 8.0

OverheadJitting  1: 1 op, 86900.00 ns, 86.9000 us/op
WorkloadJitting  1: 1 op, 5554400.00 ns, 5.5544 ms/op

OverheadJitting  2: 16 op, 252600.00 ns, 15.7875 us/op
WorkloadJitting  2: 16 op, 315400.00 ns, 19.7125 us/op

WorkloadPilot    1: 16 op, 70700.00 ns, 4.4188 us/op
WorkloadPilot    2: 32 op, 113500.00 ns, 3.5469 us/op
WorkloadPilot    3: 64 op, 213700.00 ns, 3.3391 us/op
WorkloadPilot    4: 128 op, 350900.00 ns, 2.7414 us/op
WorkloadPilot    5: 256 op, 754600.00 ns, 2.9477 us/op
WorkloadPilot    6: 512 op, 1644800.00 ns, 3.2125 us/op
WorkloadPilot    7: 1024 op, 3227200.00 ns, 3.1516 us/op
WorkloadPilot    8: 2048 op, 6557800.00 ns, 3.2021 us/op
WorkloadPilot    9: 4096 op, 12118800.00 ns, 2.9587 us/op
WorkloadPilot   10: 8192 op, 22105000.00 ns, 2.6984 us/op
WorkloadPilot   11: 16384 op, 37729900.00 ns, 2.3029 us/op
WorkloadPilot   12: 32768 op, 81286400.00 ns, 2.4807 us/op
WorkloadPilot   13: 65536 op, 226457100.00 ns, 3.4555 us/op
WorkloadPilot   14: 131072 op, 211844000.00 ns, 1.6162 us/op
WorkloadPilot   15: 262144 op, 214067100.00 ns, 816.6012 ns/op
WorkloadPilot   16: 524288 op, 435149900.00 ns, 829.9826 ns/op
WorkloadPilot   17: 1048576 op, 904960400.00 ns, 863.0375 ns/op

OverheadWarmup   1: 1048576 op, 2899100.00 ns, 2.7648 ns/op
OverheadWarmup   2: 1048576 op, 2807500.00 ns, 2.6774 ns/op
OverheadWarmup   3: 1048576 op, 2744200.00 ns, 2.6171 ns/op
OverheadWarmup   4: 1048576 op, 2770600.00 ns, 2.6423 ns/op
OverheadWarmup   5: 1048576 op, 2778200.00 ns, 2.6495 ns/op
OverheadWarmup   6: 1048576 op, 2777000.00 ns, 2.6484 ns/op
OverheadWarmup   7: 1048576 op, 3179500.00 ns, 3.0322 ns/op
OverheadWarmup   8: 1048576 op, 2758000.00 ns, 2.6302 ns/op

OverheadActual   1: 1048576 op, 2793700.00 ns, 2.6643 ns/op
OverheadActual   2: 1048576 op, 2798500.00 ns, 2.6689 ns/op
OverheadActual   3: 1048576 op, 3274600.00 ns, 3.1229 ns/op
OverheadActual   4: 1048576 op, 2781700.00 ns, 2.6528 ns/op
OverheadActual   5: 1048576 op, 2781300.00 ns, 2.6525 ns/op
OverheadActual   6: 1048576 op, 2901600.00 ns, 2.7672 ns/op
OverheadActual   7: 1048576 op, 3026000.00 ns, 2.8858 ns/op
OverheadActual   8: 1048576 op, 3048600.00 ns, 2.9074 ns/op
OverheadActual   9: 1048576 op, 2747100.00 ns, 2.6198 ns/op
OverheadActual  10: 1048576 op, 2797900.00 ns, 2.6683 ns/op
OverheadActual  11: 1048576 op, 2810000.00 ns, 2.6798 ns/op
OverheadActual  12: 1048576 op, 2852800.00 ns, 2.7206 ns/op
OverheadActual  13: 1048576 op, 3161200.00 ns, 3.0148 ns/op
OverheadActual  14: 1048576 op, 2735400.00 ns, 2.6087 ns/op
OverheadActual  15: 1048576 op, 2765200.00 ns, 2.6371 ns/op
OverheadActual  16: 1048576 op, 2772600.00 ns, 2.6442 ns/op

WorkloadWarmup   1: 1048576 op, 879791500.00 ns, 839.0346 ns/op
WorkloadWarmup   2: 1048576 op, 866766700.00 ns, 826.6131 ns/op
WorkloadWarmup   3: 1048576 op, 858996600.00 ns, 819.2030 ns/op
WorkloadWarmup   4: 1048576 op, 858933800.00 ns, 819.1431 ns/op
WorkloadWarmup   5: 1048576 op, 861431500.00 ns, 821.5251 ns/op
WorkloadWarmup   6: 1048576 op, 861754900.00 ns, 821.8335 ns/op
WorkloadWarmup   7: 1048576 op, 922983800.00 ns, 880.2259 ns/op
WorkloadWarmup   8: 1048576 op, 859722100.00 ns, 819.8949 ns/op
WorkloadWarmup   9: 1048576 op, 861496900.00 ns, 821.5875 ns/op
WorkloadWarmup  10: 1048576 op, 861038000.00 ns, 821.1498 ns/op

// BeforeActualRun
WorkloadActual   1: 1048576 op, 856787700.00 ns, 817.0964 ns/op
WorkloadActual   2: 1048576 op, 856125200.00 ns, 816.4646 ns/op
WorkloadActual   3: 1048576 op, 860294400.00 ns, 820.4407 ns/op
WorkloadActual   4: 1048576 op, 860759900.00 ns, 820.8846 ns/op
WorkloadActual   5: 1048576 op, 874483800.00 ns, 833.9727 ns/op
WorkloadActual   6: 1048576 op, 859239700.00 ns, 819.4348 ns/op
WorkloadActual   7: 1048576 op, 857429000.00 ns, 817.7080 ns/op
WorkloadActual   8: 1048576 op, 857377300.00 ns, 817.6587 ns/op
WorkloadActual   9: 1048576 op, 852898600.00 ns, 813.3875 ns/op
WorkloadActual  10: 1048576 op, 851591300.00 ns, 812.1408 ns/op
WorkloadActual  11: 1048576 op, 854675900.00 ns, 815.0825 ns/op
WorkloadActual  12: 1048576 op, 858725200.00 ns, 818.9442 ns/op
WorkloadActual  13: 1048576 op, 858979000.00 ns, 819.1862 ns/op
WorkloadActual  14: 1048576 op, 860060800.00 ns, 820.2179 ns/op
WorkloadActual  15: 1048576 op, 857499300.00 ns, 817.7751 ns/op

// AfterActualRun
WorkloadResult   1: 1048576 op, 853989500.00 ns, 814.4279 ns/op
WorkloadResult   2: 1048576 op, 853327000.00 ns, 813.7960 ns/op
WorkloadResult   3: 1048576 op, 857496200.00 ns, 817.7721 ns/op
WorkloadResult   4: 1048576 op, 857961700.00 ns, 818.2160 ns/op
WorkloadResult   5: 1048576 op, 856441500.00 ns, 816.7663 ns/op
WorkloadResult   6: 1048576 op, 854630800.00 ns, 815.0394 ns/op
WorkloadResult   7: 1048576 op, 854579100.00 ns, 814.9901 ns/op
WorkloadResult   8: 1048576 op, 850100400.00 ns, 810.7189 ns/op
WorkloadResult   9: 1048576 op, 848793100.00 ns, 809.4722 ns/op
WorkloadResult  10: 1048576 op, 851877700.00 ns, 812.4139 ns/op
WorkloadResult  11: 1048576 op, 855927000.00 ns, 816.2756 ns/op
WorkloadResult  12: 1048576 op, 856180800.00 ns, 816.5176 ns/op
WorkloadResult  13: 1048576 op, 857262600.00 ns, 817.5493 ns/op
WorkloadResult  14: 1048576 op, 854701100.00 ns, 815.1065 ns/op
// GC:  169 1 0 3196107248 1048576
// Threading:  0 0 1048576

// AfterAll
// Benchmark Process 19656 has exited with code 0.

Mean = 814.933 ns, StdErr = 0.699 ns (0.09%), N = 14, StdDev = 2.615 ns
Min = 809.472 ns, Q1 = 813.954 ns, Median = 815.073 ns, Q3 = 816.704 ns, Max = 818.216 ns
IQR = 2.750 ns, LowerFence = 809.829 ns, UpperFence = 820.829 ns
ConfidenceInterval = [811.983 ns; 817.883 ns] (CI 99.9%), Margin = 2.950 ns (0.36% of Mean)
Skewness = -0.67, Kurtosis = 2.29, MValue = 2

// ** Remained 14 (25,0 %) benchmark(s) to run. Estimated finish 2026-02-08 15:31 (0h 4m from now) **
Setup power plan (GUID: 8c5e7fda-e8bf-4a96-9a85-a6e23a8c635c FriendlyName: Visoka učinkovitost delovanja)
// **************************
// Benchmark: Benchmarks.Json: .NET 10.0(Runtime=.NET 10.0) [Model=SmallModel]
// *** Execute ***
// Launch: 1 / 1
// Execute: dotnet "ObjectSerialization-.NET 10.0-1.dll" --anonymousPipes 1332 1208 --benchmarkName "ObjectSerialization.Benchmarks.Json(Model: \"SmallModel\")" --job ".NET 10.0" --benchmarkId 21 in C:\Users\Arnecic\Documents\documents\Programming\benchmark-cs\Benchmarks\ObjectSerialization\bin\Release\net10.0\ObjectSerialization-.NET 10.0-1\bin\Release\net10.0
// BeforeAnythingElse

// Benchmark Process Environment Information:
// BenchmarkDotNet v0.15.8
// Runtime=.NET 10.0.2 (10.0.2, 10.0.225.61305), X64 RyuJIT x86-64-v3
// GC=Concurrent Workstation
// HardwareIntrinsics=AVX2+BMI1+BMI2+F16C+FMA+LZCNT+MOVBE,AVX,SSE3+SSSE3+SSE4.1+SSE4.2+POPCNT,X86Base+SSE+SSE2,AES+PCLMUL,AvxVnni,SERIALIZE VectorSize=256
// Job: .NET 10.0

OverheadJitting  1: 1 op, 101600.00 ns, 101.6000 us/op
WorkloadJitting  1: 1 op, 14942500.00 ns, 14.9425 ms/op

OverheadJitting  2: 16 op, 219500.00 ns, 13.7188 us/op
WorkloadJitting  2: 16 op, 291200.00 ns, 18.2000 us/op

WorkloadPilot    1: 16 op, 30900.00 ns, 1.9313 us/op
WorkloadPilot    2: 32 op, 48500.00 ns, 1.5156 us/op
WorkloadPilot    3: 64 op, 78100.00 ns, 1.2203 us/op
WorkloadPilot    4: 128 op, 127400.00 ns, 995.3125 ns/op
WorkloadPilot    5: 256 op, 244400.00 ns, 954.6875 ns/op
WorkloadPilot    6: 512 op, 494800.00 ns, 966.4063 ns/op
WorkloadPilot    7: 1024 op, 896100.00 ns, 875.0977 ns/op
WorkloadPilot    8: 2048 op, 1833700.00 ns, 895.3613 ns/op
WorkloadPilot    9: 4096 op, 3701000.00 ns, 903.5645 ns/op
WorkloadPilot   10: 8192 op, 7138800.00 ns, 871.4355 ns/op
WorkloadPilot   11: 16384 op, 14215500.00 ns, 867.6453 ns/op
WorkloadPilot   12: 32768 op, 28474600.00 ns, 868.9758 ns/op
WorkloadPilot   13: 65536 op, 48105300.00 ns, 734.0286 ns/op
WorkloadPilot   14: 131072 op, 94550500.00 ns, 721.3631 ns/op
WorkloadPilot   15: 262144 op, 220192700.00 ns, 839.9685 ns/op
WorkloadPilot   16: 524288 op, 216330800.00 ns, 412.6183 ns/op
WorkloadPilot   17: 1048576 op, 153521200.00 ns, 146.4092 ns/op
WorkloadPilot   18: 2097152 op, 307991400.00 ns, 146.8617 ns/op
WorkloadPilot   19: 4194304 op, 611259800.00 ns, 145.7357 ns/op

OverheadWarmup   1: 4194304 op, 10268200.00 ns, 2.4481 ns/op
OverheadWarmup   2: 4194304 op, 10527600.00 ns, 2.5100 ns/op
OverheadWarmup   3: 4194304 op, 10949500.00 ns, 2.6106 ns/op
OverheadWarmup   4: 4194304 op, 10468800.00 ns, 2.4960 ns/op
OverheadWarmup   5: 4194304 op, 10062500.00 ns, 2.3991 ns/op
OverheadWarmup   6: 4194304 op, 10359200.00 ns, 2.4698 ns/op
OverheadWarmup   7: 4194304 op, 10860300.00 ns, 2.5893 ns/op
OverheadWarmup   8: 4194304 op, 9974500.00 ns, 2.3781 ns/op

OverheadActual   1: 4194304 op, 10434700.00 ns, 2.4878 ns/op
OverheadActual   2: 4194304 op, 9913000.00 ns, 2.3634 ns/op
OverheadActual   3: 4194304 op, 10860400.00 ns, 2.5893 ns/op
OverheadActual   4: 4194304 op, 11233800.00 ns, 2.6783 ns/op
OverheadActual   5: 4194304 op, 10067100.00 ns, 2.4002 ns/op
OverheadActual   6: 4194304 op, 10816000.00 ns, 2.5787 ns/op
OverheadActual   7: 4194304 op, 11180600.00 ns, 2.6657 ns/op
OverheadActual   8: 4194304 op, 10354100.00 ns, 2.4686 ns/op
OverheadActual   9: 4194304 op, 10223100.00 ns, 2.4374 ns/op
OverheadActual  10: 4194304 op, 10024100.00 ns, 2.3899 ns/op
OverheadActual  11: 4194304 op, 11199400.00 ns, 2.6701 ns/op
OverheadActual  12: 4194304 op, 10712300.00 ns, 2.5540 ns/op
OverheadActual  13: 4194304 op, 10096900.00 ns, 2.4073 ns/op
OverheadActual  14: 4194304 op, 10483000.00 ns, 2.4993 ns/op
OverheadActual  15: 4194304 op, 9857500.00 ns, 2.3502 ns/op

WorkloadWarmup   1: 4194304 op, 619395100.00 ns, 147.6753 ns/op
WorkloadWarmup   2: 4194304 op, 624085000.00 ns, 148.7935 ns/op
WorkloadWarmup   3: 4194304 op, 618388800.00 ns, 147.4354 ns/op
WorkloadWarmup   4: 4194304 op, 617803000.00 ns, 147.2957 ns/op
WorkloadWarmup   5: 4194304 op, 614603800.00 ns, 146.5330 ns/op
WorkloadWarmup   6: 4194304 op, 617931300.00 ns, 147.3263 ns/op
WorkloadWarmup   7: 4194304 op, 616353000.00 ns, 146.9500 ns/op

// BeforeActualRun
WorkloadActual   1: 4194304 op, 612037500.00 ns, 145.9211 ns/op
WorkloadActual   2: 4194304 op, 615241600.00 ns, 146.6850 ns/op
WorkloadActual   3: 4194304 op, 611798600.00 ns, 145.8642 ns/op
WorkloadActual   4: 4194304 op, 615064900.00 ns, 146.6429 ns/op
WorkloadActual   5: 4194304 op, 612334700.00 ns, 145.9920 ns/op
WorkloadActual   6: 4194304 op, 614823700.00 ns, 146.5854 ns/op
WorkloadActual   7: 4194304 op, 608761500.00 ns, 145.1401 ns/op
WorkloadActual   8: 4194304 op, 617170800.00 ns, 147.1450 ns/op
WorkloadActual   9: 4194304 op, 618750600.00 ns, 147.5216 ns/op
WorkloadActual  10: 4194304 op, 614663300.00 ns, 146.5472 ns/op
WorkloadActual  11: 4194304 op, 702011900.00 ns, 167.3727 ns/op
WorkloadActual  12: 4194304 op, 612002300.00 ns, 145.9127 ns/op
WorkloadActual  13: 4194304 op, 615673500.00 ns, 146.7880 ns/op
WorkloadActual  14: 4194304 op, 613517500.00 ns, 146.2740 ns/op
WorkloadActual  15: 4194304 op, 611787800.00 ns, 145.8616 ns/op

// AfterActualRun
WorkloadResult   1: 4194304 op, 601602800.00 ns, 143.4333 ns/op
WorkloadResult   2: 4194304 op, 604806900.00 ns, 144.1972 ns/op
WorkloadResult   3: 4194304 op, 601363900.00 ns, 143.3763 ns/op
WorkloadResult   4: 4194304 op, 604630200.00 ns, 144.1551 ns/op
WorkloadResult   5: 4194304 op, 601900000.00 ns, 143.5041 ns/op
WorkloadResult   6: 4194304 op, 604389000.00 ns, 144.0976 ns/op
WorkloadResult   7: 4194304 op, 598326800.00 ns, 142.6522 ns/op
WorkloadResult   8: 4194304 op, 606736100.00 ns, 144.6572 ns/op
WorkloadResult   9: 4194304 op, 608315900.00 ns, 145.0338 ns/op
WorkloadResult  10: 4194304 op, 604228600.00 ns, 144.0593 ns/op
WorkloadResult  11: 4194304 op, 601567600.00 ns, 143.4249 ns/op
WorkloadResult  12: 4194304 op, 605238800.00 ns, 144.3002 ns/op
WorkloadResult  13: 4194304 op, 603082800.00 ns, 143.7861 ns/op
WorkloadResult  14: 4194304 op, 601353100.00 ns, 143.3738 ns/op
// GC:  117 0 0 2214592512 4194304
// Threading:  0 0 4194304

// AfterAll
// Benchmark Process 27600 has exited with code 0.

Mean = 143.861 ns, StdErr = 0.165 ns (0.11%), N = 14, StdDev = 0.616 ns
Min = 142.652 ns, Q1 = 143.427 ns, Median = 143.923 ns, Q3 = 144.187 ns, Max = 145.034 ns
IQR = 0.760 ns, LowerFence = 142.287 ns, UpperFence = 145.326 ns
ConfidenceInterval = [143.166 ns; 144.556 ns] (CI 99.9%), Margin = 0.695 ns (0.48% of Mean)
Skewness = 0.03, Kurtosis = 2.32, MValue = 2

// ** Remained 13 (23,2 %) benchmark(s) to run. Estimated finish 2026-02-08 15:31 (0h 4m from now) **
Setup power plan (GUID: 8c5e7fda-e8bf-4a96-9a85-a6e23a8c635c FriendlyName: Visoka učinkovitost delovanja)
// **************************
// Benchmark: Benchmarks.SplitStringInterpolation: .NET 10.0(Runtime=.NET 10.0) [Model=SmallModel]
// *** Execute ***
// Launch: 1 / 1
// Execute: dotnet "ObjectSerialization-.NET 10.0-1.dll" --anonymousPipes 1332 1208 --benchmarkName "ObjectSerialization.Benchmarks.SplitStringInterpolation(Model: \"SmallModel\")" --job ".NET 10.0" --benchmarkId 22 in C:\Users\Arnecic\Documents\documents\Programming\benchmark-cs\Benchmarks\ObjectSerialization\bin\Release\net10.0\ObjectSerialization-.NET 10.0-1\bin\Release\net10.0
// BeforeAnythingElse

// Benchmark Process Environment Information:
// BenchmarkDotNet v0.15.8
// Runtime=.NET 10.0.2 (10.0.2, 10.0.225.61305), X64 RyuJIT x86-64-v3
// GC=Concurrent Workstation
// HardwareIntrinsics=AVX2+BMI1+BMI2+F16C+FMA+LZCNT+MOVBE,AVX,SSE3+SSSE3+SSE4.1+SSE4.2+POPCNT,X86Base+SSE+SSE2,AES+PCLMUL,AvxVnni,SERIALIZE VectorSize=256
// Job: .NET 10.0

OverheadJitting  1: 1 op, 138600.00 ns, 138.6000 us/op
WorkloadJitting  1: 1 op, 3862000.00 ns, 3.8620 ms/op

OverheadJitting  2: 16 op, 290200.00 ns, 18.1375 us/op
WorkloadJitting  2: 16 op, 279300.00 ns, 17.4563 us/op

WorkloadPilot    1: 16 op, 18600.00 ns, 1.1625 us/op
WorkloadPilot    2: 32 op, 27100.00 ns, 846.8750 ns/op
WorkloadPilot    3: 64 op, 47000.00 ns, 734.3750 ns/op
WorkloadPilot    4: 128 op, 90500.00 ns, 707.0313 ns/op
WorkloadPilot    5: 256 op, 185700.00 ns, 725.3906 ns/op
WorkloadPilot    6: 512 op, 347600.00 ns, 678.9063 ns/op
WorkloadPilot    7: 1024 op, 635200.00 ns, 620.3125 ns/op
WorkloadPilot    8: 2048 op, 1418300.00 ns, 692.5293 ns/op
WorkloadPilot    9: 4096 op, 2803900.00 ns, 684.5459 ns/op
WorkloadPilot   10: 8192 op, 5480700.00 ns, 669.0308 ns/op
WorkloadPilot   11: 16384 op, 10990800.00 ns, 670.8252 ns/op
WorkloadPilot   12: 32768 op, 21382800.00 ns, 652.5513 ns/op
WorkloadPilot   13: 65536 op, 35887500.00 ns, 547.5998 ns/op
WorkloadPilot   14: 131072 op, 69588500.00 ns, 530.9181 ns/op
WorkloadPilot   15: 262144 op, 207707000.00 ns, 792.3393 ns/op
WorkloadPilot   16: 524288 op, 195091700.00 ns, 372.1079 ns/op
WorkloadPilot   17: 1048576 op, 170198900.00 ns, 162.3143 ns/op
WorkloadPilot   18: 2097152 op, 336510800.00 ns, 160.4609 ns/op
WorkloadPilot   19: 4194304 op, 677511700.00 ns, 161.5314 ns/op

OverheadWarmup   1: 4194304 op, 10408100.00 ns, 2.4815 ns/op
OverheadWarmup   2: 4194304 op, 10120400.00 ns, 2.4129 ns/op
OverheadWarmup   3: 4194304 op, 10810000.00 ns, 2.5773 ns/op
OverheadWarmup   4: 4194304 op, 10832600.00 ns, 2.5827 ns/op
OverheadWarmup   5: 4194304 op, 10678600.00 ns, 2.5460 ns/op
OverheadWarmup   6: 4194304 op, 10514400.00 ns, 2.5068 ns/op
OverheadWarmup   7: 4194304 op, 9676700.00 ns, 2.3071 ns/op
OverheadWarmup   8: 4194304 op, 10729300.00 ns, 2.5581 ns/op
OverheadWarmup   9: 4194304 op, 10900300.00 ns, 2.5988 ns/op
OverheadWarmup  10: 4194304 op, 10633900.00 ns, 2.5353 ns/op

OverheadActual   1: 4194304 op, 10175800.00 ns, 2.4261 ns/op
OverheadActual   2: 4194304 op, 10868300.00 ns, 2.5912 ns/op
OverheadActual   3: 4194304 op, 10078500.00 ns, 2.4029 ns/op
OverheadActual   4: 4194304 op, 9747400.00 ns, 2.3240 ns/op
OverheadActual   5: 4194304 op, 10682800.00 ns, 2.5470 ns/op
OverheadActual   6: 4194304 op, 9790200.00 ns, 2.3342 ns/op
OverheadActual   7: 4194304 op, 10890300.00 ns, 2.5964 ns/op
OverheadActual   8: 4194304 op, 10837500.00 ns, 2.5839 ns/op
OverheadActual   9: 4194304 op, 11051100.00 ns, 2.6348 ns/op
OverheadActual  10: 4194304 op, 11117800.00 ns, 2.6507 ns/op
OverheadActual  11: 4194304 op, 10306200.00 ns, 2.4572 ns/op
OverheadActual  12: 4194304 op, 9693400.00 ns, 2.3111 ns/op
OverheadActual  13: 4194304 op, 9919900.00 ns, 2.3651 ns/op
OverheadActual  14: 4194304 op, 10224900.00 ns, 2.4378 ns/op
OverheadActual  15: 4194304 op, 9777000.00 ns, 2.3310 ns/op
OverheadActual  16: 4194304 op, 10579200.00 ns, 2.5223 ns/op

WorkloadWarmup   1: 4194304 op, 676574600.00 ns, 161.3080 ns/op
WorkloadWarmup   2: 4194304 op, 676084500.00 ns, 161.1911 ns/op
WorkloadWarmup   3: 4194304 op, 675640000.00 ns, 161.0851 ns/op
WorkloadWarmup   4: 4194304 op, 679318600.00 ns, 161.9622 ns/op
WorkloadWarmup   5: 4194304 op, 667973700.00 ns, 159.2573 ns/op
WorkloadWarmup   6: 4194304 op, 668497200.00 ns, 159.3822 ns/op
WorkloadWarmup   7: 4194304 op, 675635500.00 ns, 161.0841 ns/op
WorkloadWarmup   8: 4194304 op, 668659800.00 ns, 159.4209 ns/op

// BeforeActualRun
WorkloadActual   1: 4194304 op, 671458000.00 ns, 160.0881 ns/op
WorkloadActual   2: 4194304 op, 671654100.00 ns, 160.1348 ns/op
WorkloadActual   3: 4194304 op, 672704100.00 ns, 160.3852 ns/op
WorkloadActual   4: 4194304 op, 667340100.00 ns, 159.1063 ns/op
WorkloadActual   5: 4194304 op, 666858500.00 ns, 158.9915 ns/op
WorkloadActual   6: 4194304 op, 672797100.00 ns, 160.4073 ns/op
WorkloadActual   7: 4194304 op, 673865500.00 ns, 160.6621 ns/op
WorkloadActual   8: 4194304 op, 674971700.00 ns, 160.9258 ns/op
WorkloadActual   9: 4194304 op, 671082800.00 ns, 159.9986 ns/op
WorkloadActual  10: 4194304 op, 674740500.00 ns, 160.8707 ns/op
WorkloadActual  11: 4194304 op, 671066700.00 ns, 159.9948 ns/op
WorkloadActual  12: 4194304 op, 666488800.00 ns, 158.9033 ns/op
WorkloadActual  13: 4194304 op, 674275500.00 ns, 160.7598 ns/op
WorkloadActual  14: 4194304 op, 671947500.00 ns, 160.2048 ns/op
WorkloadActual  15: 4194304 op, 666220000.00 ns, 158.8392 ns/op

// AfterActualRun
WorkloadResult   1: 4194304 op, 661192450.00 ns, 157.6406 ns/op
WorkloadResult   2: 4194304 op, 661388550.00 ns, 157.6873 ns/op
WorkloadResult   3: 4194304 op, 662438550.00 ns, 157.9377 ns/op
WorkloadResult   4: 4194304 op, 657074550.00 ns, 156.6588 ns/op
WorkloadResult   5: 4194304 op, 656592950.00 ns, 156.5440 ns/op
WorkloadResult   6: 4194304 op, 662531550.00 ns, 157.9598 ns/op
WorkloadResult   7: 4194304 op, 663599950.00 ns, 158.2146 ns/op
WorkloadResult   8: 4194304 op, 664706150.00 ns, 158.4783 ns/op
WorkloadResult   9: 4194304 op, 660817250.00 ns, 157.5511 ns/op
WorkloadResult  10: 4194304 op, 664474950.00 ns, 158.4232 ns/op
WorkloadResult  11: 4194304 op, 660801150.00 ns, 157.5473 ns/op
WorkloadResult  12: 4194304 op, 656223250.00 ns, 156.4558 ns/op
WorkloadResult  13: 4194304 op, 664009950.00 ns, 158.3123 ns/op
WorkloadResult  14: 4194304 op, 661681950.00 ns, 157.7573 ns/op
WorkloadResult  15: 4194304 op, 655954450.00 ns, 156.3917 ns/op
// GC:  103 0 0 1946157056 4194304
// Threading:  0 0 4194304

// AfterAll
// Benchmark Process 24848 has exited with code 0.

Mean = 157.571 ns, StdErr = 0.187 ns (0.12%), N = 15, StdDev = 0.726 ns
Min = 156.392 ns, Q1 = 157.103 ns, Median = 157.687 ns, Q3 = 158.087 ns, Max = 158.478 ns
IQR = 0.984 ns, LowerFence = 155.627 ns, UpperFence = 159.563 ns
ConfidenceInterval = [156.795 ns; 158.347 ns] (CI 99.9%), Margin = 0.776 ns (0.49% of Mean)
Skewness = -0.47, Kurtosis = 1.68, MValue = 2

// ** Remained 12 (21,4 %) benchmark(s) to run. Estimated finish 2026-02-08 15:31 (0h 4m from now) **
Setup power plan (GUID: 8c5e7fda-e8bf-4a96-9a85-a6e23a8c635c FriendlyName: Visoka učinkovitost delovanja)
// **************************
// Benchmark: Benchmarks.StringJoinDynamic: .NET 10.0(Runtime=.NET 10.0) [Model=SmallModel]
// *** Execute ***
// Launch: 1 / 1
// Execute: dotnet "ObjectSerialization-.NET 10.0-1.dll" --anonymousPipes 1648 1588 --benchmarkName "ObjectSerialization.Benchmarks.StringJoinDynamic(Model: \"SmallModel\")" --job ".NET 10.0" --benchmarkId 23 in C:\Users\Arnecic\Documents\documents\Programming\benchmark-cs\Benchmarks\ObjectSerialization\bin\Release\net10.0\ObjectSerialization-.NET 10.0-1\bin\Release\net10.0
// BeforeAnythingElse

// Benchmark Process Environment Information:
// BenchmarkDotNet v0.15.8
// Runtime=.NET 10.0.2 (10.0.2, 10.0.225.61305), X64 RyuJIT x86-64-v3
// GC=Concurrent Workstation
// HardwareIntrinsics=AVX2+BMI1+BMI2+F16C+FMA+LZCNT+MOVBE,AVX,SSE3+SSSE3+SSE4.1+SSE4.2+POPCNT,X86Base+SSE+SSE2,AES+PCLMUL,AvxVnni,SERIALIZE VectorSize=256
// Job: .NET 10.0

OverheadJitting  1: 1 op, 102900.00 ns, 102.9000 us/op
WorkloadJitting  1: 1 op, 2720000.00 ns, 2.7200 ms/op

OverheadJitting  2: 16 op, 224600.00 ns, 14.0375 us/op
WorkloadJitting  2: 16 op, 276900.00 ns, 17.3063 us/op

WorkloadPilot    1: 16 op, 29400.00 ns, 1.8375 us/op
WorkloadPilot    2: 32 op, 52400.00 ns, 1.6375 us/op
WorkloadPilot    3: 64 op, 93000.00 ns, 1.4531 us/op
WorkloadPilot    4: 128 op, 178100.00 ns, 1.3914 us/op
WorkloadPilot    5: 256 op, 288100.00 ns, 1.1254 us/op
WorkloadPilot    6: 512 op, 613400.00 ns, 1.1980 us/op
WorkloadPilot    7: 1024 op, 1239700.00 ns, 1.2106 us/op
WorkloadPilot    8: 2048 op, 2451700.00 ns, 1.1971 us/op
WorkloadPilot    9: 4096 op, 4932200.00 ns, 1.2042 us/op
WorkloadPilot   10: 8192 op, 9840700.00 ns, 1.2013 us/op
WorkloadPilot   11: 16384 op, 15266200.00 ns, 931.7749 ns/op
WorkloadPilot   12: 32768 op, 29338100.00 ns, 895.3278 ns/op
WorkloadPilot   13: 65536 op, 58479400.00 ns, 892.3248 ns/op
WorkloadPilot   14: 131072 op, 175638900.00 ns, 1.3400 us/op
WorkloadPilot   15: 262144 op, 163772600.00 ns, 624.7429 ns/op
WorkloadPilot   16: 524288 op, 165358400.00 ns, 315.3961 ns/op
WorkloadPilot   17: 1048576 op, 343685200.00 ns, 327.7637 ns/op
WorkloadPilot   18: 2097152 op, 660489600.00 ns, 314.9460 ns/op

OverheadWarmup   1: 2097152 op, 5557000.00 ns, 2.6498 ns/op
OverheadWarmup   2: 2097152 op, 4869300.00 ns, 2.3219 ns/op
OverheadWarmup   3: 2097152 op, 5010500.00 ns, 2.3892 ns/op
OverheadWarmup   4: 2097152 op, 5434300.00 ns, 2.5913 ns/op
OverheadWarmup   5: 2097152 op, 4800500.00 ns, 2.2891 ns/op
OverheadWarmup   6: 2097152 op, 4787300.00 ns, 2.2828 ns/op
OverheadWarmup   7: 2097152 op, 5392700.00 ns, 2.5714 ns/op
OverheadWarmup   8: 2097152 op, 4828000.00 ns, 2.3022 ns/op

OverheadActual   1: 2097152 op, 4852600.00 ns, 2.3139 ns/op
OverheadActual   2: 2097152 op, 5342000.00 ns, 2.5473 ns/op
OverheadActual   3: 2097152 op, 5328500.00 ns, 2.5408 ns/op
OverheadActual   4: 2097152 op, 5537300.00 ns, 2.6404 ns/op
OverheadActual   5: 2097152 op, 5302700.00 ns, 2.5285 ns/op
OverheadActual   6: 2097152 op, 5051400.00 ns, 2.4087 ns/op
OverheadActual   7: 2097152 op, 5155200.00 ns, 2.4582 ns/op
OverheadActual   8: 2097152 op, 5388200.00 ns, 2.5693 ns/op
OverheadActual   9: 2097152 op, 5017200.00 ns, 2.3924 ns/op
OverheadActual  10: 2097152 op, 5040000.00 ns, 2.4033 ns/op
OverheadActual  11: 2097152 op, 5761700.00 ns, 2.7474 ns/op
OverheadActual  12: 2097152 op, 5047400.00 ns, 2.4068 ns/op
OverheadActual  13: 2097152 op, 5480200.00 ns, 2.6132 ns/op
OverheadActual  14: 2097152 op, 5599700.00 ns, 2.6701 ns/op
OverheadActual  15: 2097152 op, 5893600.00 ns, 2.8103 ns/op
OverheadActual  16: 2097152 op, 5797900.00 ns, 2.7647 ns/op
OverheadActual  17: 2097152 op, 5264700.00 ns, 2.5104 ns/op
OverheadActual  18: 2097152 op, 5500900.00 ns, 2.6230 ns/op
OverheadActual  19: 2097152 op, 5915000.00 ns, 2.8205 ns/op
OverheadActual  20: 2097152 op, 4797800.00 ns, 2.2878 ns/op

WorkloadWarmup   1: 2097152 op, 646531300.00 ns, 308.2901 ns/op
WorkloadWarmup   2: 2097152 op, 644675500.00 ns, 307.4052 ns/op
WorkloadWarmup   3: 2097152 op, 642436700.00 ns, 306.3377 ns/op
WorkloadWarmup   4: 2097152 op, 634857100.00 ns, 302.7235 ns/op
WorkloadWarmup   5: 2097152 op, 641953500.00 ns, 306.1073 ns/op
WorkloadWarmup   6: 2097152 op, 636013200.00 ns, 303.2747 ns/op
WorkloadWarmup   7: 2097152 op, 630708400.00 ns, 300.7452 ns/op
WorkloadWarmup   8: 2097152 op, 630018100.00 ns, 300.4160 ns/op
WorkloadWarmup   9: 2097152 op, 631350600.00 ns, 301.0514 ns/op
WorkloadWarmup  10: 2097152 op, 720605100.00 ns, 343.6113 ns/op
WorkloadWarmup  11: 2097152 op, 640323700.00 ns, 305.3301 ns/op

// BeforeActualRun
WorkloadActual   1: 2097152 op, 637157500.00 ns, 303.8204 ns/op
WorkloadActual   2: 2097152 op, 643367000.00 ns, 306.7813 ns/op
WorkloadActual   3: 2097152 op, 642911000.00 ns, 306.5639 ns/op
WorkloadActual   4: 2097152 op, 636457900.00 ns, 303.4868 ns/op
WorkloadActual   5: 2097152 op, 638174100.00 ns, 304.3051 ns/op
WorkloadActual   6: 2097152 op, 635813800.00 ns, 303.1796 ns/op
WorkloadActual   7: 2097152 op, 633846000.00 ns, 302.2413 ns/op
WorkloadActual   8: 2097152 op, 635784700.00 ns, 303.1658 ns/op
WorkloadActual   9: 2097152 op, 636455400.00 ns, 303.4856 ns/op
WorkloadActual  10: 2097152 op, 640141200.00 ns, 305.2431 ns/op
WorkloadActual  11: 2097152 op, 646827000.00 ns, 308.4311 ns/op
WorkloadActual  12: 2097152 op, 648776800.00 ns, 309.3609 ns/op
WorkloadActual  13: 2097152 op, 636242900.00 ns, 303.3843 ns/op
WorkloadActual  14: 2097152 op, 636822500.00 ns, 303.6606 ns/op
WorkloadActual  15: 2097152 op, 635386300.00 ns, 302.9758 ns/op

// AfterActualRun
WorkloadResult   1: 2097152 op, 631822250.00 ns, 301.2763 ns/op
WorkloadResult   2: 2097152 op, 638031750.00 ns, 304.2372 ns/op
WorkloadResult   3: 2097152 op, 637575750.00 ns, 304.0198 ns/op
WorkloadResult   4: 2097152 op, 631122650.00 ns, 300.9427 ns/op
WorkloadResult   5: 2097152 op, 632838850.00 ns, 301.7611 ns/op
WorkloadResult   6: 2097152 op, 630478550.00 ns, 300.6356 ns/op
WorkloadResult   7: 2097152 op, 628510750.00 ns, 299.6973 ns/op
WorkloadResult   8: 2097152 op, 630449450.00 ns, 300.6217 ns/op
WorkloadResult   9: 2097152 op, 631120150.00 ns, 300.9415 ns/op
WorkloadResult  10: 2097152 op, 634805950.00 ns, 302.6991 ns/op
WorkloadResult  11: 2097152 op, 641491750.00 ns, 305.8871 ns/op
WorkloadResult  12: 2097152 op, 643441550.00 ns, 306.8168 ns/op
WorkloadResult  13: 2097152 op, 630907650.00 ns, 300.8402 ns/op
WorkloadResult  14: 2097152 op, 631487250.00 ns, 301.1166 ns/op
WorkloadResult  15: 2097152 op, 630051050.00 ns, 300.4318 ns/op
// GC:  222 0 0 4194304000 2097152
// Threading:  0 0 2097152

// AfterAll
// Benchmark Process 28228 has exited with code 0.

Mean = 302.128 ns, StdErr = 0.553 ns (0.18%), N = 15, StdDev = 2.140 ns
Min = 299.697 ns, Q1 = 300.738 ns, Median = 301.117 ns, Q3 = 303.359 ns, Max = 306.817 ns
IQR = 2.622 ns, LowerFence = 296.806 ns, UpperFence = 307.292 ns
ConfidenceInterval = [299.841 ns; 304.416 ns] (CI 99.9%), Margin = 2.288 ns (0.76% of Mean)
Skewness = 0.95, Kurtosis = 2.47, MValue = 2

// ** Remained 11 (19,6 %) benchmark(s) to run. Estimated finish 2026-02-08 15:31 (0h 3m from now) **
Setup power plan (GUID: 8c5e7fda-e8bf-4a96-9a85-a6e23a8c635c FriendlyName: Visoka učinkovitost delovanja)
// **************************
// Benchmark: Benchmarks.StringBuilderWithAppends: .NET 10.0(Runtime=.NET 10.0) [Model=SmallModel]
// *** Execute ***
// Launch: 1 / 1
// Execute: dotnet "ObjectSerialization-.NET 10.0-1.dll" --anonymousPipes 1344 2000 --benchmarkName "ObjectSerialization.Benchmarks.StringBuilderWithAppends(Model: \"SmallModel\")" --job ".NET 10.0" --benchmarkId 24 in C:\Users\Arnecic\Documents\documents\Programming\benchmark-cs\Benchmarks\ObjectSerialization\bin\Release\net10.0\ObjectSerialization-.NET 10.0-1\bin\Release\net10.0
// BeforeAnythingElse

// Benchmark Process Environment Information:
// BenchmarkDotNet v0.15.8
// Runtime=.NET 10.0.2 (10.0.2, 10.0.225.61305), X64 RyuJIT x86-64-v3
// GC=Concurrent Workstation
// HardwareIntrinsics=AVX2+BMI1+BMI2+F16C+FMA+LZCNT+MOVBE,AVX,SSE3+SSSE3+SSE4.1+SSE4.2+POPCNT,X86Base+SSE+SSE2,AES+PCLMUL,AvxVnni,SERIALIZE VectorSize=256
// Job: .NET 10.0

OverheadJitting  1: 1 op, 104300.00 ns, 104.3000 us/op
WorkloadJitting  1: 1 op, 3943600.00 ns, 3.9436 ms/op

OverheadJitting  2: 16 op, 222600.00 ns, 13.9125 us/op
WorkloadJitting  2: 16 op, 274400.00 ns, 17.1500 us/op

WorkloadPilot    1: 16 op, 34300.00 ns, 2.1438 us/op
WorkloadPilot    2: 32 op, 60000.00 ns, 1.8750 us/op
WorkloadPilot    3: 64 op, 106900.00 ns, 1.6703 us/op
WorkloadPilot    4: 128 op, 216500.00 ns, 1.6914 us/op
WorkloadPilot    5: 256 op, 363500.00 ns, 1.4199 us/op
WorkloadPilot    6: 512 op, 781800.00 ns, 1.5270 us/op
WorkloadPilot    7: 1024 op, 1714800.00 ns, 1.6746 us/op
WorkloadPilot    8: 2048 op, 3576700.00 ns, 1.7464 us/op
WorkloadPilot    9: 4096 op, 6467400.00 ns, 1.5790 us/op
WorkloadPilot   10: 8192 op, 12752900.00 ns, 1.5568 us/op
WorkloadPilot   11: 16384 op, 19044000.00 ns, 1.1624 us/op
WorkloadPilot   12: 32768 op, 38860900.00 ns, 1.1859 us/op
WorkloadPilot   13: 65536 op, 82388100.00 ns, 1.2571 us/op
WorkloadPilot   14: 131072 op, 158269800.00 ns, 1.2075 us/op
WorkloadPilot   15: 262144 op, 122358400.00 ns, 466.7603 ns/op
WorkloadPilot   16: 524288 op, 183558200.00 ns, 350.1095 ns/op
WorkloadPilot   17: 1048576 op, 366548200.00 ns, 349.5676 ns/op
WorkloadPilot   18: 2097152 op, 733820600.00 ns, 349.9129 ns/op

OverheadWarmup   1: 2097152 op, 5152400.00 ns, 2.4569 ns/op
OverheadWarmup   2: 2097152 op, 5438300.00 ns, 2.5932 ns/op
OverheadWarmup   3: 2097152 op, 4852600.00 ns, 2.3139 ns/op
OverheadWarmup   4: 2097152 op, 5328400.00 ns, 2.5408 ns/op
OverheadWarmup   5: 2097152 op, 5234500.00 ns, 2.4960 ns/op

OverheadActual   1: 2097152 op, 5026600.00 ns, 2.3969 ns/op
OverheadActual   2: 2097152 op, 5111200.00 ns, 2.4372 ns/op
OverheadActual   3: 2097152 op, 5492700.00 ns, 2.6191 ns/op
OverheadActual   4: 2097152 op, 5835900.00 ns, 2.7828 ns/op
OverheadActual   5: 2097152 op, 5484300.00 ns, 2.6151 ns/op
OverheadActual   6: 2097152 op, 5178500.00 ns, 2.4693 ns/op
OverheadActual   7: 2097152 op, 5350600.00 ns, 2.5514 ns/op
OverheadActual   8: 2097152 op, 5092000.00 ns, 2.4281 ns/op
OverheadActual   9: 2097152 op, 4782300.00 ns, 2.2804 ns/op
OverheadActual  10: 2097152 op, 4967800.00 ns, 2.3688 ns/op
OverheadActual  11: 2097152 op, 5257300.00 ns, 2.5069 ns/op
OverheadActual  12: 2097152 op, 5235200.00 ns, 2.4963 ns/op
OverheadActual  13: 2097152 op, 5341800.00 ns, 2.5472 ns/op
OverheadActual  14: 2097152 op, 4926900.00 ns, 2.3493 ns/op
OverheadActual  15: 2097152 op, 4766400.00 ns, 2.2728 ns/op
OverheadActual  16: 2097152 op, 4919800.00 ns, 2.3459 ns/op
OverheadActual  17: 2097152 op, 5282500.00 ns, 2.5189 ns/op
OverheadActual  18: 2097152 op, 5142000.00 ns, 2.4519 ns/op

WorkloadWarmup   1: 2097152 op, 730049000.00 ns, 348.1145 ns/op
WorkloadWarmup   2: 2097152 op, 725698900.00 ns, 346.0402 ns/op
WorkloadWarmup   3: 2097152 op, 719651700.00 ns, 343.1567 ns/op
WorkloadWarmup   4: 2097152 op, 727445400.00 ns, 346.8730 ns/op
WorkloadWarmup   5: 2097152 op, 730511400.00 ns, 348.3350 ns/op
WorkloadWarmup   6: 2097152 op, 720705900.00 ns, 343.6594 ns/op
WorkloadWarmup   7: 2097152 op, 724716100.00 ns, 345.5716 ns/op
WorkloadWarmup   8: 2097152 op, 719049100.00 ns, 342.8693 ns/op

// BeforeActualRun
WorkloadActual   1: 2097152 op, 717013300.00 ns, 341.8986 ns/op
WorkloadActual   2: 2097152 op, 729424800.00 ns, 347.8168 ns/op
WorkloadActual   3: 2097152 op, 727584700.00 ns, 346.9394 ns/op
WorkloadActual   4: 2097152 op, 731365200.00 ns, 348.7421 ns/op
WorkloadActual   5: 2097152 op, 733620900.00 ns, 349.8177 ns/op
WorkloadActual   6: 2097152 op, 739048700.00 ns, 352.4059 ns/op
WorkloadActual   7: 2097152 op, 737391500.00 ns, 351.6157 ns/op
WorkloadActual   8: 2097152 op, 731308100.00 ns, 348.7149 ns/op
WorkloadActual   9: 2097152 op, 731627300.00 ns, 348.8671 ns/op
WorkloadActual  10: 2097152 op, 729797700.00 ns, 347.9947 ns/op
WorkloadActual  11: 2097152 op, 736142300.00 ns, 351.0200 ns/op
WorkloadActual  12: 2097152 op, 728012600.00 ns, 347.1435 ns/op
WorkloadActual  13: 2097152 op, 723680100.00 ns, 345.0776 ns/op
WorkloadActual  14: 2097152 op, 726853600.00 ns, 346.5908 ns/op
WorkloadActual  15: 2097152 op, 779812100.00 ns, 371.8434 ns/op

// AfterActualRun
WorkloadResult   1: 2097152 op, 711853050.00 ns, 339.4380 ns/op
WorkloadResult   2: 2097152 op, 724264550.00 ns, 345.3562 ns/op
WorkloadResult   3: 2097152 op, 722424450.00 ns, 344.4788 ns/op
WorkloadResult   4: 2097152 op, 726204950.00 ns, 346.2815 ns/op
WorkloadResult   5: 2097152 op, 728460650.00 ns, 347.3571 ns/op
WorkloadResult   6: 2097152 op, 733888450.00 ns, 349.9453 ns/op
WorkloadResult   7: 2097152 op, 732231250.00 ns, 349.1551 ns/op
WorkloadResult   8: 2097152 op, 726147850.00 ns, 346.2543 ns/op
WorkloadResult   9: 2097152 op, 726467050.00 ns, 346.4065 ns/op
WorkloadResult  10: 2097152 op, 724637450.00 ns, 345.5341 ns/op
WorkloadResult  11: 2097152 op, 730982050.00 ns, 348.5594 ns/op
WorkloadResult  12: 2097152 op, 722852350.00 ns, 344.6829 ns/op
WorkloadResult  13: 2097152 op, 718519850.00 ns, 342.6170 ns/op
WorkloadResult  14: 2097152 op, 721693350.00 ns, 344.1302 ns/op
// GC:  233 1 0 4395630592 2097152
// Threading:  0 0 2097152

// AfterAll
// Benchmark Process 14132 has exited with code 0.

Mean = 345.728 ns, StdErr = 0.726 ns (0.21%), N = 14, StdDev = 2.716 ns
Min = 339.438 ns, Q1 = 344.530 ns, Median = 345.894 ns, Q3 = 347.119 ns, Max = 349.945 ns
IQR = 2.590 ns, LowerFence = 340.645 ns, UpperFence = 351.004 ns
ConfidenceInterval = [342.665 ns; 348.792 ns] (CI 99.9%), Margin = 3.063 ns (0.89% of Mean)
Skewness = -0.51, Kurtosis = 2.88, MValue = 2

// ** Remained 10 (17,9 %) benchmark(s) to run. Estimated finish 2026-02-08 15:31 (0h 3m from now) **
Setup power plan (GUID: 8c5e7fda-e8bf-4a96-9a85-a6e23a8c635c FriendlyName: Visoka učinkovitost delovanja)
// **************************
// Benchmark: Benchmarks.StringBuilderWithInterpolatedAppends: .NET 10.0(Runtime=.NET 10.0) [Model=SmallModel]
// *** Execute ***
// Launch: 1 / 1
// Execute: dotnet "ObjectSerialization-.NET 10.0-1.dll" --anonymousPipes 1344 2000 --benchmarkName "ObjectSerialization.Benchmarks.StringBuilderWithInterpolatedAppends(Model: \"SmallModel\")" --job ".NET 10.0" --benchmarkId 25 in C:\Users\Arnecic\Documents\documents\Programming\benchmark-cs\Benchmarks\ObjectSerialization\bin\Release\net10.0\ObjectSerialization-.NET 10.0-1\bin\Release\net10.0
// BeforeAnythingElse

// Benchmark Process Environment Information:
// BenchmarkDotNet v0.15.8
// Runtime=.NET 10.0.2 (10.0.2, 10.0.225.61305), X64 RyuJIT x86-64-v3
// GC=Concurrent Workstation
// HardwareIntrinsics=AVX2+BMI1+BMI2+F16C+FMA+LZCNT+MOVBE,AVX,SSE3+SSSE3+SSE4.1+SSE4.2+POPCNT,X86Base+SSE+SSE2,AES+PCLMUL,AvxVnni,SERIALIZE VectorSize=256
// Job: .NET 10.0

OverheadJitting  1: 1 op, 97800.00 ns, 97.8000 us/op
WorkloadJitting  1: 1 op, 4271100.00 ns, 4.2711 ms/op

OverheadJitting  2: 16 op, 224400.00 ns, 14.0250 us/op
WorkloadJitting  2: 16 op, 274400.00 ns, 17.1500 us/op

WorkloadPilot    1: 16 op, 45000.00 ns, 2.8125 us/op
WorkloadPilot    2: 32 op, 70100.00 ns, 2.1906 us/op
WorkloadPilot    3: 64 op, 131600.00 ns, 2.0563 us/op
WorkloadPilot    4: 128 op, 258800.00 ns, 2.0219 us/op
WorkloadPilot    5: 256 op, 445900.00 ns, 1.7418 us/op
WorkloadPilot    6: 512 op, 959600.00 ns, 1.8742 us/op
WorkloadPilot    7: 1024 op, 2030700.00 ns, 1.9831 us/op
WorkloadPilot    8: 2048 op, 3997900.00 ns, 1.9521 us/op
WorkloadPilot    9: 4096 op, 7397900.00 ns, 1.8061 us/op
WorkloadPilot   10: 8192 op, 15023600.00 ns, 1.8339 us/op
WorkloadPilot   11: 16384 op, 25051000.00 ns, 1.5290 us/op
WorkloadPilot   12: 32768 op, 48075600.00 ns, 1.4672 us/op
WorkloadPilot   13: 65536 op, 131425200.00 ns, 2.0054 us/op
WorkloadPilot   14: 131072 op, 184108900.00 ns, 1.4046 us/op
WorkloadPilot   15: 262144 op, 119171000.00 ns, 454.6013 ns/op
WorkloadPilot   16: 524288 op, 234439000.00 ns, 447.1569 ns/op
WorkloadPilot   17: 1048576 op, 468228400.00 ns, 446.5374 ns/op
WorkloadPilot   18: 2097152 op, 944358700.00 ns, 450.3053 ns/op

OverheadWarmup   1: 2097152 op, 5719200.00 ns, 2.7271 ns/op
OverheadWarmup   2: 2097152 op, 5436500.00 ns, 2.5923 ns/op
OverheadWarmup   3: 2097152 op, 4987200.00 ns, 2.3781 ns/op
OverheadWarmup   4: 2097152 op, 5978600.00 ns, 2.8508 ns/op
OverheadWarmup   5: 2097152 op, 5427700.00 ns, 2.5881 ns/op
OverheadWarmup   6: 2097152 op, 4994200.00 ns, 2.3814 ns/op
OverheadWarmup   7: 2097152 op, 5976800.00 ns, 2.8500 ns/op
OverheadWarmup   8: 2097152 op, 5577100.00 ns, 2.6594 ns/op

OverheadActual   1: 2097152 op, 5766700.00 ns, 2.7498 ns/op
OverheadActual   2: 2097152 op, 5741200.00 ns, 2.7376 ns/op
OverheadActual   3: 2097152 op, 5255200.00 ns, 2.5059 ns/op
OverheadActual   4: 2097152 op, 5461800.00 ns, 2.6044 ns/op
OverheadActual   5: 2097152 op, 5320900.00 ns, 2.5372 ns/op
OverheadActual   6: 2097152 op, 5640000.00 ns, 2.6894 ns/op
OverheadActual   7: 2097152 op, 5525600.00 ns, 2.6348 ns/op
OverheadActual   8: 2097152 op, 5285500.00 ns, 2.5203 ns/op
OverheadActual   9: 2097152 op, 5833400.00 ns, 2.7816 ns/op
OverheadActual  10: 2097152 op, 5279400.00 ns, 2.5174 ns/op
OverheadActual  11: 2097152 op, 5272300.00 ns, 2.5140 ns/op
OverheadActual  12: 2097152 op, 5595700.00 ns, 2.6682 ns/op
OverheadActual  13: 2097152 op, 5055600.00 ns, 2.4107 ns/op
OverheadActual  14: 2097152 op, 5466200.00 ns, 2.6065 ns/op
OverheadActual  15: 2097152 op, 5458800.00 ns, 2.6030 ns/op

WorkloadWarmup   1: 2097152 op, 940711000.00 ns, 448.5660 ns/op
WorkloadWarmup   2: 2097152 op, 942597400.00 ns, 449.4655 ns/op
WorkloadWarmup   3: 2097152 op, 937605600.00 ns, 447.0852 ns/op
WorkloadWarmup   4: 2097152 op, 940537300.00 ns, 448.4831 ns/op
WorkloadWarmup   5: 2097152 op, 935405900.00 ns, 446.0363 ns/op
WorkloadWarmup   6: 2097152 op, 934240200.00 ns, 445.4804 ns/op

// BeforeActualRun
WorkloadActual   1: 2097152 op, 938392100.00 ns, 447.4602 ns/op
WorkloadActual   2: 2097152 op, 942608700.00 ns, 449.4709 ns/op
WorkloadActual   3: 2097152 op, 938327100.00 ns, 447.4292 ns/op
WorkloadActual   4: 2097152 op, 940540700.00 ns, 448.4848 ns/op
WorkloadActual   5: 2097152 op, 936114700.00 ns, 446.3743 ns/op
WorkloadActual   6: 2097152 op, 941085100.00 ns, 448.7443 ns/op
WorkloadActual   7: 2097152 op, 944181700.00 ns, 450.2209 ns/op
WorkloadActual   8: 2097152 op, 937671700.00 ns, 447.1167 ns/op
WorkloadActual   9: 2097152 op, 938347400.00 ns, 447.4389 ns/op
WorkloadActual  10: 2097152 op, 937453600.00 ns, 447.0127 ns/op
WorkloadActual  11: 2097152 op, 940101200.00 ns, 448.2752 ns/op
WorkloadActual  12: 2097152 op, 940069500.00 ns, 448.2601 ns/op
WorkloadActual  13: 2097152 op, 938311300.00 ns, 447.4217 ns/op
WorkloadActual  14: 2097152 op, 936261800.00 ns, 446.4444 ns/op
WorkloadActual  15: 2097152 op, 938202000.00 ns, 447.3696 ns/op

// AfterActualRun
WorkloadResult   1: 2097152 op, 932930300.00 ns, 444.8558 ns/op
WorkloadResult   2: 2097152 op, 937146900.00 ns, 446.8665 ns/op
WorkloadResult   3: 2097152 op, 932865300.00 ns, 444.8248 ns/op
WorkloadResult   4: 2097152 op, 935078900.00 ns, 445.8804 ns/op
WorkloadResult   5: 2097152 op, 930652900.00 ns, 443.7699 ns/op
WorkloadResult   6: 2097152 op, 935623300.00 ns, 446.1400 ns/op
WorkloadResult   7: 2097152 op, 932209900.00 ns, 444.5123 ns/op
WorkloadResult   8: 2097152 op, 932885600.00 ns, 444.8345 ns/op
WorkloadResult   9: 2097152 op, 931991800.00 ns, 444.4083 ns/op
WorkloadResult  10: 2097152 op, 934639400.00 ns, 445.6708 ns/op
WorkloadResult  11: 2097152 op, 934607700.00 ns, 445.6557 ns/op
WorkloadResult  12: 2097152 op, 932849500.00 ns, 444.8173 ns/op
WorkloadResult  13: 2097152 op, 930800000.00 ns, 443.8400 ns/op
WorkloadResult  14: 2097152 op, 932740200.00 ns, 444.7652 ns/op
// GC:  201 0 0 3791650816 2097152
// Threading:  0 0 2097152

// AfterAll
// Benchmark Process 3408 has exited with code 0.

Mean = 445.060 ns, StdErr = 0.234 ns (0.05%), N = 14, StdDev = 0.877 ns
Min = 443.770 ns, Q1 = 444.576 ns, Median = 444.830 ns, Q3 = 445.667 ns, Max = 446.866 ns
IQR = 1.091 ns, LowerFence = 442.938 ns, UpperFence = 447.304 ns
ConfidenceInterval = [444.071 ns; 446.050 ns] (CI 99.9%), Margin = 0.989 ns (0.22% of Mean)
Skewness = 0.39, Kurtosis = 2.17, MValue = 2

// ** Remained 9 (16,1 %) benchmark(s) to run. Estimated finish 2026-02-08 15:31 (0h 3m from now) **
Setup power plan (GUID: 8c5e7fda-e8bf-4a96-9a85-a6e23a8c635c FriendlyName: Visoka učinkovitost delovanja)
// **************************
// Benchmark: Benchmarks.StringBuilderWithAppendsAndPresetCapacity: .NET 10.0(Runtime=.NET 10.0) [Model=SmallModel]
// *** Execute ***
// Launch: 1 / 1
// Execute: dotnet "ObjectSerialization-.NET 10.0-1.dll" --anonymousPipes 1208 2084 --benchmarkName "ObjectSerialization.Benchmarks.StringBuilderWithAppendsAndPresetCapacity(Model: \"SmallModel\")" --job ".NET 10.0" --benchmarkId 26 in C:\Users\Arnecic\Documents\documents\Programming\benchmark-cs\Benchmarks\ObjectSerialization\bin\Release\net10.0\ObjectSerialization-.NET 10.0-1\bin\Release\net10.0
// BeforeAnythingElse

// Benchmark Process Environment Information:
// BenchmarkDotNet v0.15.8
// Runtime=.NET 10.0.2 (10.0.2, 10.0.225.61305), X64 RyuJIT x86-64-v3
// GC=Concurrent Workstation
// HardwareIntrinsics=AVX2+BMI1+BMI2+F16C+FMA+LZCNT+MOVBE,AVX,SSE3+SSSE3+SSE4.1+SSE4.2+POPCNT,X86Base+SSE+SSE2,AES+PCLMUL,AvxVnni,SERIALIZE VectorSize=256
// Job: .NET 10.0

OverheadJitting  1: 1 op, 94700.00 ns, 94.7000 us/op
WorkloadJitting  1: 1 op, 4482300.00 ns, 4.4823 ms/op

OverheadJitting  2: 16 op, 243300.00 ns, 15.2063 us/op
WorkloadJitting  2: 16 op, 276300.00 ns, 17.2688 us/op

WorkloadPilot    1: 16 op, 36300.00 ns, 2.2688 us/op
WorkloadPilot    2: 32 op, 58100.00 ns, 1.8156 us/op
WorkloadPilot    3: 64 op, 133600.00 ns, 2.0875 us/op
WorkloadPilot    4: 128 op, 220900.00 ns, 1.7258 us/op
WorkloadPilot    5: 256 op, 368600.00 ns, 1.4398 us/op
WorkloadPilot    6: 512 op, 800300.00 ns, 1.5631 us/op
WorkloadPilot    7: 1024 op, 1755100.00 ns, 1.7140 us/op
WorkloadPilot    8: 2048 op, 3472700.00 ns, 1.6957 us/op
WorkloadPilot    9: 4096 op, 6442600.00 ns, 1.5729 us/op
WorkloadPilot   10: 8192 op, 13568700.00 ns, 1.6563 us/op
WorkloadPilot   11: 16384 op, 20612300.00 ns, 1.2581 us/op
WorkloadPilot   12: 32768 op, 38106400.00 ns, 1.1629 us/op
WorkloadPilot   13: 65536 op, 76582900.00 ns, 1.1686 us/op
WorkloadPilot   14: 131072 op, 156923300.00 ns, 1.1972 us/op
WorkloadPilot   15: 262144 op, 114629700.00 ns, 437.2776 ns/op
WorkloadPilot   16: 524288 op, 160643400.00 ns, 306.4030 ns/op
WorkloadPilot   17: 1048576 op, 330343500.00 ns, 315.0401 ns/op
WorkloadPilot   18: 2097152 op, 646253800.00 ns, 308.1578 ns/op

OverheadWarmup   1: 2097152 op, 5097000.00 ns, 2.4304 ns/op
OverheadWarmup   2: 2097152 op, 5649000.00 ns, 2.6937 ns/op
OverheadWarmup   3: 2097152 op, 5202300.00 ns, 2.4806 ns/op
OverheadWarmup   4: 2097152 op, 5020300.00 ns, 2.3939 ns/op
OverheadWarmup   5: 2097152 op, 5259400.00 ns, 2.5079 ns/op
OverheadWarmup   6: 2097152 op, 5621900.00 ns, 2.6807 ns/op
OverheadWarmup   7: 2097152 op, 5768500.00 ns, 2.7506 ns/op
OverheadWarmup   8: 2097152 op, 5261700.00 ns, 2.5090 ns/op

OverheadActual   1: 2097152 op, 5051500.00 ns, 2.4087 ns/op
OverheadActual   2: 2097152 op, 5503100.00 ns, 2.6241 ns/op
OverheadActual   3: 2097152 op, 5380000.00 ns, 2.5654 ns/op
OverheadActual   4: 2097152 op, 5326400.00 ns, 2.5398 ns/op
OverheadActual   5: 2097152 op, 5057800.00 ns, 2.4117 ns/op
OverheadActual   6: 2097152 op, 5080600.00 ns, 2.4226 ns/op
OverheadActual   7: 2097152 op, 5481000.00 ns, 2.6135 ns/op
OverheadActual   8: 2097152 op, 5632500.00 ns, 2.6858 ns/op
OverheadActual   9: 2097152 op, 5545100.00 ns, 2.6441 ns/op
OverheadActual  10: 2097152 op, 5581100.00 ns, 2.6613 ns/op
OverheadActual  11: 2097152 op, 5472600.00 ns, 2.6095 ns/op
OverheadActual  12: 2097152 op, 5811900.00 ns, 2.7713 ns/op
OverheadActual  13: 2097152 op, 5707600.00 ns, 2.7216 ns/op
OverheadActual  14: 2097152 op, 5741100.00 ns, 2.7376 ns/op
OverheadActual  15: 2097152 op, 5286700.00 ns, 2.5209 ns/op

WorkloadWarmup   1: 2097152 op, 645187100.00 ns, 307.6492 ns/op
WorkloadWarmup   2: 2097152 op, 645104500.00 ns, 307.6098 ns/op
WorkloadWarmup   3: 2097152 op, 637976400.00 ns, 304.2109 ns/op
WorkloadWarmup   4: 2097152 op, 637486900.00 ns, 303.9774 ns/op
WorkloadWarmup   5: 2097152 op, 636945200.00 ns, 303.7191 ns/op
WorkloadWarmup   6: 2097152 op, 642937200.00 ns, 306.5763 ns/op
WorkloadWarmup   7: 2097152 op, 715918500.00 ns, 341.3765 ns/op
WorkloadWarmup   8: 2097152 op, 638270600.00 ns, 304.3511 ns/op
WorkloadWarmup   9: 2097152 op, 632670700.00 ns, 301.6809 ns/op
WorkloadWarmup  10: 2097152 op, 637381200.00 ns, 303.9270 ns/op
WorkloadWarmup  11: 2097152 op, 636084500.00 ns, 303.3087 ns/op

// BeforeActualRun
WorkloadActual   1: 2097152 op, 640941500.00 ns, 305.6247 ns/op
WorkloadActual   2: 2097152 op, 638559000.00 ns, 304.4887 ns/op
WorkloadActual   3: 2097152 op, 632331600.00 ns, 301.5192 ns/op
WorkloadActual   4: 2097152 op, 639803100.00 ns, 305.0819 ns/op
WorkloadActual   5: 2097152 op, 637683100.00 ns, 304.0710 ns/op
WorkloadActual   6: 2097152 op, 631922800.00 ns, 301.3243 ns/op
WorkloadActual   7: 2097152 op, 639036700.00 ns, 304.7164 ns/op
WorkloadActual   8: 2097152 op, 633854300.00 ns, 302.2453 ns/op
WorkloadActual   9: 2097152 op, 636712000.00 ns, 303.6079 ns/op
WorkloadActual  10: 2097152 op, 640855900.00 ns, 305.5839 ns/op
WorkloadActual  11: 2097152 op, 641035900.00 ns, 305.6697 ns/op
WorkloadActual  12: 2097152 op, 643115300.00 ns, 306.6613 ns/op
WorkloadActual  13: 2097152 op, 639711600.00 ns, 305.0383 ns/op
WorkloadActual  14: 2097152 op, 635514800.00 ns, 303.0371 ns/op
WorkloadActual  15: 2097152 op, 642723300.00 ns, 306.4744 ns/op

// AfterActualRun
WorkloadResult   1: 2097152 op, 635460500.00 ns, 303.0112 ns/op
WorkloadResult   2: 2097152 op, 633078000.00 ns, 301.8751 ns/op
WorkloadResult   3: 2097152 op, 626850600.00 ns, 298.9057 ns/op
WorkloadResult   4: 2097152 op, 634322100.00 ns, 302.4683 ns/op
WorkloadResult   5: 2097152 op, 632202100.00 ns, 301.4575 ns/op
WorkloadResult   6: 2097152 op, 626441800.00 ns, 298.7107 ns/op
WorkloadResult   7: 2097152 op, 633555700.00 ns, 302.1029 ns/op
WorkloadResult   8: 2097152 op, 628373300.00 ns, 299.6317 ns/op
WorkloadResult   9: 2097152 op, 631231000.00 ns, 300.9944 ns/op
WorkloadResult  10: 2097152 op, 635374900.00 ns, 302.9704 ns/op
WorkloadResult  11: 2097152 op, 635554900.00 ns, 303.0562 ns/op
WorkloadResult  12: 2097152 op, 637634300.00 ns, 304.0477 ns/op
WorkloadResult  13: 2097152 op, 634230600.00 ns, 302.4247 ns/op
WorkloadResult  14: 2097152 op, 630033800.00 ns, 300.4235 ns/op
WorkloadResult  15: 2097152 op, 637242300.00 ns, 303.8608 ns/op
// GC:  202 0 0 3808428032 2097152
// Threading:  0 0 2097152

// AfterAll
// Benchmark Process 19792 has exited with code 0.

Mean = 301.729 ns, StdErr = 0.436 ns (0.14%), N = 15, StdDev = 1.687 ns
Min = 298.711 ns, Q1 = 300.709 ns, Median = 302.103 ns, Q3 = 302.991 ns, Max = 304.048 ns
IQR = 2.282 ns, LowerFence = 297.286 ns, UpperFence = 306.413 ns
ConfidenceInterval = [299.926 ns; 303.533 ns] (CI 99.9%), Margin = 1.804 ns (0.60% of Mean)
Skewness = -0.45, Kurtosis = 1.87, MValue = 2

// ** Remained 8 (14,3 %) benchmark(s) to run. Estimated finish 2026-02-08 15:31 (0h 2m from now) **
Setup power plan (GUID: 8c5e7fda-e8bf-4a96-9a85-a6e23a8c635c FriendlyName: Visoka učinkovitost delovanja)
// **************************
// Benchmark: Benchmarks.StringBuilderWithInterpolatedAppendsAndPresetCapacity: .NET 10.0(Runtime=.NET 10.0) [Model=SmallModel]
// *** Execute ***
// Launch: 1 / 1
// Execute: dotnet "ObjectSerialization-.NET 10.0-1.dll" --anonymousPipes 1408 2020 --benchmarkName "ObjectSerialization.Benchmarks.StringBuilderWithInterpolatedAppendsAndPresetCapacity(Model: \"SmallModel\")" --job ".NET 10.0" --benchmarkId 27 in C:\Users\Arnecic\Documents\documents\Programming\benchmark-cs\Benchmarks\ObjectSerialization\bin\Release\net10.0\ObjectSerialization-.NET 10.0-1\bin\Release\net10.0
// BeforeAnythingElse

// Benchmark Process Environment Information:
// BenchmarkDotNet v0.15.8
// Runtime=.NET 10.0.2 (10.0.2, 10.0.225.61305), X64 RyuJIT x86-64-v3
// GC=Concurrent Workstation
// HardwareIntrinsics=AVX2+BMI1+BMI2+F16C+FMA+LZCNT+MOVBE,AVX,SSE3+SSSE3+SSE4.1+SSE4.2+POPCNT,X86Base+SSE+SSE2,AES+PCLMUL,AvxVnni,SERIALIZE VectorSize=256
// Job: .NET 10.0

OverheadJitting  1: 1 op, 93800.00 ns, 93.8000 us/op
WorkloadJitting  1: 1 op, 4573400.00 ns, 4.5734 ms/op

OverheadJitting  2: 16 op, 227700.00 ns, 14.2313 us/op
WorkloadJitting  2: 16 op, 264900.00 ns, 16.5563 us/op

WorkloadPilot    1: 16 op, 39700.00 ns, 2.4813 us/op
WorkloadPilot    2: 32 op, 67400.00 ns, 2.1063 us/op
WorkloadPilot    3: 64 op, 127700.00 ns, 1.9953 us/op
WorkloadPilot    4: 128 op, 251800.00 ns, 1.9672 us/op
WorkloadPilot    5: 256 op, 419100.00 ns, 1.6371 us/op
WorkloadPilot    6: 512 op, 911800.00 ns, 1.7809 us/op
WorkloadPilot    7: 1024 op, 1887700.00 ns, 1.8435 us/op
WorkloadPilot    8: 2048 op, 3864500.00 ns, 1.8870 us/op
WorkloadPilot    9: 4096 op, 7401900.00 ns, 1.8071 us/op
WorkloadPilot   10: 8192 op, 14941600.00 ns, 1.8239 us/op
WorkloadPilot   11: 16384 op, 26209200.00 ns, 1.5997 us/op
WorkloadPilot   12: 32768 op, 46520100.00 ns, 1.4197 us/op
WorkloadPilot   13: 65536 op, 135669400.00 ns, 2.0702 us/op
WorkloadPilot   14: 131072 op, 187308700.00 ns, 1.4291 us/op
WorkloadPilot   15: 262144 op, 118673000.00 ns, 452.7016 ns/op
WorkloadPilot   16: 524288 op, 227975800.00 ns, 434.8293 ns/op
WorkloadPilot   17: 1048576 op, 462222900.00 ns, 440.8101 ns/op
WorkloadPilot   18: 2097152 op, 920961600.00 ns, 439.1487 ns/op

OverheadWarmup   1: 2097152 op, 5451800.00 ns, 2.5996 ns/op
OverheadWarmup   2: 2097152 op, 5593800.00 ns, 2.6673 ns/op
OverheadWarmup   3: 2097152 op, 5227400.00 ns, 2.4926 ns/op
OverheadWarmup   4: 2097152 op, 5019100.00 ns, 2.3933 ns/op
OverheadWarmup   5: 2097152 op, 5292000.00 ns, 2.5234 ns/op
OverheadWarmup   6: 2097152 op, 5511400.00 ns, 2.6280 ns/op
OverheadWarmup   7: 2097152 op, 5789500.00 ns, 2.7606 ns/op
OverheadWarmup   8: 2097152 op, 5017400.00 ns, 2.3925 ns/op

OverheadActual   1: 2097152 op, 5692900.00 ns, 2.7146 ns/op
OverheadActual   2: 2097152 op, 5117900.00 ns, 2.4404 ns/op
OverheadActual   3: 2097152 op, 5505800.00 ns, 2.6254 ns/op
OverheadActual   4: 2097152 op, 5310600.00 ns, 2.5323 ns/op
OverheadActual   5: 2097152 op, 5593300.00 ns, 2.6671 ns/op
OverheadActual   6: 2097152 op, 5918000.00 ns, 2.8219 ns/op
OverheadActual   7: 2097152 op, 5150700.00 ns, 2.4560 ns/op
OverheadActual   8: 2097152 op, 4942900.00 ns, 2.3570 ns/op
OverheadActual   9: 2097152 op, 5401500.00 ns, 2.5756 ns/op
OverheadActual  10: 2097152 op, 4980100.00 ns, 2.3747 ns/op
OverheadActual  11: 2097152 op, 5085300.00 ns, 2.4249 ns/op
OverheadActual  12: 2097152 op, 5335700.00 ns, 2.5443 ns/op
OverheadActual  13: 2097152 op, 5258000.00 ns, 2.5072 ns/op
OverheadActual  14: 2097152 op, 5084300.00 ns, 2.4244 ns/op
OverheadActual  15: 2097152 op, 5475700.00 ns, 2.6110 ns/op
OverheadActual  16: 2097152 op, 5286400.00 ns, 2.5208 ns/op
OverheadActual  17: 2097152 op, 5416200.00 ns, 2.5826 ns/op

WorkloadWarmup   1: 2097152 op, 914361600.00 ns, 436.0016 ns/op
WorkloadWarmup   2: 2097152 op, 911798100.00 ns, 434.7792 ns/op
WorkloadWarmup   3: 2097152 op, 909451200.00 ns, 433.6601 ns/op
WorkloadWarmup   4: 2097152 op, 909088300.00 ns, 433.4871 ns/op
WorkloadWarmup   5: 2097152 op, 907886700.00 ns, 432.9141 ns/op
WorkloadWarmup   6: 2097152 op, 908652700.00 ns, 433.2794 ns/op
WorkloadWarmup   7: 2097152 op, 907876400.00 ns, 432.9092 ns/op
WorkloadWarmup   8: 2097152 op, 906989100.00 ns, 432.4861 ns/op
WorkloadWarmup   9: 2097152 op, 912748900.00 ns, 435.2326 ns/op
WorkloadWarmup  10: 2097152 op, 907484000.00 ns, 432.7221 ns/op

// BeforeActualRun
WorkloadActual   1: 2097152 op, 906652800.00 ns, 432.3257 ns/op
WorkloadActual   2: 2097152 op, 907958000.00 ns, 432.9481 ns/op
WorkloadActual   3: 2097152 op, 905923100.00 ns, 431.9778 ns/op
WorkloadActual   4: 2097152 op, 906258000.00 ns, 432.1375 ns/op
WorkloadActual   5: 2097152 op, 905538600.00 ns, 431.7945 ns/op
WorkloadActual   6: 2097152 op, 998137300.00 ns, 475.9490 ns/op
WorkloadActual   7: 2097152 op, 906748600.00 ns, 432.3714 ns/op
WorkloadActual   8: 2097152 op, 910966900.00 ns, 434.3829 ns/op
WorkloadActual   9: 2097152 op, 911607500.00 ns, 434.6883 ns/op
WorkloadActual  10: 2097152 op, 905457000.00 ns, 431.7555 ns/op
WorkloadActual  11: 2097152 op, 908645100.00 ns, 433.2757 ns/op
WorkloadActual  12: 2097152 op, 905301300.00 ns, 431.6813 ns/op
WorkloadActual  13: 2097152 op, 907091200.00 ns, 432.5348 ns/op
WorkloadActual  14: 2097152 op, 909994600.00 ns, 433.9192 ns/op
WorkloadActual  15: 2097152 op, 912595500.00 ns, 435.1594 ns/op

// AfterActualRun
WorkloadResult   1: 2097152 op, 901342200.00 ns, 429.7935 ns/op
WorkloadResult   2: 2097152 op, 902647400.00 ns, 430.4158 ns/op
WorkloadResult   3: 2097152 op, 900612500.00 ns, 429.4455 ns/op
WorkloadResult   4: 2097152 op, 900947400.00 ns, 429.6052 ns/op
WorkloadResult   5: 2097152 op, 900228000.00 ns, 429.2622 ns/op
WorkloadResult   6: 2097152 op, 901438000.00 ns, 429.8391 ns/op
WorkloadResult   7: 2097152 op, 905656300.00 ns, 431.8506 ns/op
WorkloadResult   8: 2097152 op, 906296900.00 ns, 432.1560 ns/op
WorkloadResult   9: 2097152 op, 900146400.00 ns, 429.2233 ns/op
WorkloadResult  10: 2097152 op, 903334500.00 ns, 430.7435 ns/op
WorkloadResult  11: 2097152 op, 899990700.00 ns, 429.1490 ns/op
WorkloadResult  12: 2097152 op, 901780600.00 ns, 430.0025 ns/op
WorkloadResult  13: 2097152 op, 904684000.00 ns, 431.3869 ns/op
WorkloadResult  14: 2097152 op, 907284900.00 ns, 432.6272 ns/op
// GC:  170 0 0 3204448256 2097152
// Threading:  0 0 2097152

// AfterAll
// Benchmark Process 19884 has exited with code 0.

Mean = 430.393 ns, StdErr = 0.313 ns (0.07%), N = 14, StdDev = 1.172 ns
Min = 429.149 ns, Q1 = 429.485 ns, Median = 429.921 ns, Q3 = 431.226 ns, Max = 432.627 ns
IQR = 1.741 ns, LowerFence = 426.874 ns, UpperFence = 433.837 ns
ConfidenceInterval = [429.070 ns; 431.715 ns] (CI 99.9%), Margin = 1.322 ns (0.31% of Mean)
Skewness = 0.62, Kurtosis = 1.79, MValue = 2

// ** Remained 7 (12,5 %) benchmark(s) to run. Estimated finish 2026-02-08 15:31 (0h 2m from now) **
Setup power plan (GUID: 8c5e7fda-e8bf-4a96-9a85-a6e23a8c635c FriendlyName: Visoka učinkovitost delovanja)
// **************************
// Benchmark: Benchmarks.Json: .NET 8.0(Runtime=.NET 8.0) [Model=SmallModel]
// *** Execute ***
// Launch: 1 / 1
// Execute: dotnet "ObjectSerialization-.NET 8.0-2.dll" --anonymousPipes 1216 1204 --benchmarkName "ObjectSerialization.Benchmarks.Json(Model: \"SmallModel\")" --job ".NET 8.0" --benchmarkId 21 in C:\Users\Arnecic\Documents\documents\Programming\benchmark-cs\Benchmarks\ObjectSerialization\bin\Release\net10.0\ObjectSerialization-.NET 8.0-2\bin\Release\net8.0
// BeforeAnythingElse

// Benchmark Process Environment Information:
// BenchmarkDotNet v0.15.8
// Runtime=.NET 8.0.23 (8.0.23, 8.0.2325.60607), X64 RyuJIT x86-64-v3
// GC=Concurrent Workstation
// HardwareIntrinsics=AVX2+BMI1+BMI2+F16C+FMA+LZCNT+MOVBE,AVX,SSE3+SSSE3+SSE4.1+SSE4.2+POPCNT,X86Base+SSE+SSE2,AES+PCLMUL,AvxVnni,SERIALIZE VectorSize=256
// Job: .NET 8.0

OverheadJitting  1: 1 op, 85000.00 ns, 85.0000 us/op
WorkloadJitting  1: 1 op, 16295900.00 ns, 16.2959 ms/op

OverheadJitting  2: 16 op, 229800.00 ns, 14.3625 us/op
WorkloadJitting  2: 16 op, 300400.00 ns, 18.7750 us/op

WorkloadPilot    1: 16 op, 37600.00 ns, 2.3500 us/op
WorkloadPilot    2: 32 op, 40000.00 ns, 1.2500 us/op
WorkloadPilot    3: 64 op, 65700.00 ns, 1.0266 us/op
WorkloadPilot    4: 128 op, 206700.00 ns, 1.6148 us/op
WorkloadPilot    5: 256 op, 289700.00 ns, 1.1316 us/op
WorkloadPilot    6: 512 op, 469500.00 ns, 916.9922 ns/op
WorkloadPilot    7: 1024 op, 850400.00 ns, 830.4688 ns/op
WorkloadPilot    8: 2048 op, 1764800.00 ns, 861.7188 ns/op
WorkloadPilot    9: 4096 op, 3453400.00 ns, 843.1152 ns/op
WorkloadPilot   10: 8192 op, 6626700.00 ns, 808.9233 ns/op
WorkloadPilot   11: 16384 op, 13406200.00 ns, 818.2495 ns/op
WorkloadPilot   12: 32768 op, 27194900.00 ns, 829.9225 ns/op
WorkloadPilot   13: 65536 op, 47031100.00 ns, 717.6376 ns/op
WorkloadPilot   14: 131072 op, 106917100.00 ns, 815.7127 ns/op
WorkloadPilot   15: 262144 op, 112653500.00 ns, 429.7390 ns/op
WorkloadPilot   16: 524288 op, 91439400.00 ns, 174.4068 ns/op
WorkloadPilot   17: 1048576 op, 186211600.00 ns, 177.5852 ns/op
WorkloadPilot   18: 2097152 op, 364820500.00 ns, 173.9600 ns/op
WorkloadPilot   19: 4194304 op, 729634600.00 ns, 173.9584 ns/op

OverheadWarmup   1: 4194304 op, 11068900.00 ns, 2.6390 ns/op
OverheadWarmup   2: 4194304 op, 11051400.00 ns, 2.6349 ns/op
OverheadWarmup   3: 4194304 op, 11105700.00 ns, 2.6478 ns/op
OverheadWarmup   4: 4194304 op, 11254500.00 ns, 2.6833 ns/op
OverheadWarmup   5: 4194304 op, 11143600.00 ns, 2.6568 ns/op
OverheadWarmup   6: 4194304 op, 11596000.00 ns, 2.7647 ns/op
OverheadWarmup   7: 4194304 op, 11503800.00 ns, 2.7427 ns/op

OverheadActual   1: 4194304 op, 11786400.00 ns, 2.8101 ns/op
OverheadActual   2: 4194304 op, 11417700.00 ns, 2.7222 ns/op
OverheadActual   3: 4194304 op, 11167800.00 ns, 2.6626 ns/op
OverheadActual   4: 4194304 op, 11015100.00 ns, 2.6262 ns/op
OverheadActual   5: 4194304 op, 11053200.00 ns, 2.6353 ns/op
OverheadActual   6: 4194304 op, 11449800.00 ns, 2.7298 ns/op
OverheadActual   7: 4194304 op, 11332100.00 ns, 2.7018 ns/op
OverheadActual   8: 4194304 op, 11019700.00 ns, 2.6273 ns/op
OverheadActual   9: 4194304 op, 12020900.00 ns, 2.8660 ns/op
OverheadActual  10: 4194304 op, 11511000.00 ns, 2.7444 ns/op
OverheadActual  11: 4194304 op, 11153300.00 ns, 2.6592 ns/op
OverheadActual  12: 4194304 op, 11367800.00 ns, 2.7103 ns/op
OverheadActual  13: 4194304 op, 11506700.00 ns, 2.7434 ns/op
OverheadActual  14: 4194304 op, 11088400.00 ns, 2.6437 ns/op
OverheadActual  15: 4194304 op, 11097600.00 ns, 2.6459 ns/op

WorkloadWarmup   1: 4194304 op, 742535000.00 ns, 177.0341 ns/op
WorkloadWarmup   2: 4194304 op, 743341100.00 ns, 177.2263 ns/op
WorkloadWarmup   3: 4194304 op, 735235300.00 ns, 175.2938 ns/op
WorkloadWarmup   4: 4194304 op, 735431300.00 ns, 175.3405 ns/op
WorkloadWarmup   5: 4194304 op, 728690100.00 ns, 173.7333 ns/op
WorkloadWarmup   6: 4194304 op, 731314800.00 ns, 174.3590 ns/op

// BeforeActualRun
WorkloadActual   1: 4194304 op, 731909500.00 ns, 174.5008 ns/op
WorkloadActual   2: 4194304 op, 734050800.00 ns, 175.0113 ns/op
WorkloadActual   3: 4194304 op, 729697300.00 ns, 173.9734 ns/op
WorkloadActual   4: 4194304 op, 733231100.00 ns, 174.8159 ns/op
WorkloadActual   5: 4194304 op, 735877900.00 ns, 175.4470 ns/op
WorkloadActual   6: 4194304 op, 726497700.00 ns, 173.2105 ns/op
WorkloadActual   7: 4194304 op, 732188400.00 ns, 174.5673 ns/op
WorkloadActual   8: 4194304 op, 730784400.00 ns, 174.2326 ns/op
WorkloadActual   9: 4194304 op, 736405400.00 ns, 175.5727 ns/op
WorkloadActual  10: 4194304 op, 737842900.00 ns, 175.9155 ns/op
WorkloadActual  11: 4194304 op, 739578800.00 ns, 176.3293 ns/op
WorkloadActual  12: 4194304 op, 729889300.00 ns, 174.0192 ns/op
WorkloadActual  13: 4194304 op, 738891600.00 ns, 176.1655 ns/op
WorkloadActual  14: 4194304 op, 733272700.00 ns, 174.8258 ns/op
WorkloadActual  15: 4194304 op, 744480000.00 ns, 177.4979 ns/op

// AfterActualRun
WorkloadResult   1: 4194304 op, 720577400.00 ns, 171.7990 ns/op
WorkloadResult   2: 4194304 op, 722718700.00 ns, 172.3096 ns/op
WorkloadResult   3: 4194304 op, 718365200.00 ns, 171.2716 ns/op
WorkloadResult   4: 4194304 op, 721899000.00 ns, 172.1141 ns/op
WorkloadResult   5: 4194304 op, 724545800.00 ns, 172.7452 ns/op
WorkloadResult   6: 4194304 op, 715165600.00 ns, 170.5088 ns/op
WorkloadResult   7: 4194304 op, 720856300.00 ns, 171.8655 ns/op
WorkloadResult   8: 4194304 op, 719452300.00 ns, 171.5308 ns/op
WorkloadResult   9: 4194304 op, 725073300.00 ns, 172.8709 ns/op
WorkloadResult  10: 4194304 op, 726510800.00 ns, 173.2137 ns/op
WorkloadResult  11: 4194304 op, 728246700.00 ns, 173.6275 ns/op
WorkloadResult  12: 4194304 op, 718557200.00 ns, 171.3174 ns/op
WorkloadResult  13: 4194304 op, 727559500.00 ns, 173.4637 ns/op
WorkloadResult  14: 4194304 op, 721940600.00 ns, 172.1241 ns/op
WorkloadResult  15: 4194304 op, 733147900.00 ns, 174.7961 ns/op
// GC:  117 0 0 2214592512 4194304
// Threading:  0 0 4194304

// AfterAll
// Benchmark Process 27644 has exited with code 0.

Mean = 172.371 ns, StdErr = 0.284 ns (0.16%), N = 15, StdDev = 1.101 ns
Min = 170.509 ns, Q1 = 171.665 ns, Median = 172.124 ns, Q3 = 173.042 ns, Max = 174.796 ns
IQR = 1.377 ns, LowerFence = 169.599 ns, UpperFence = 175.108 ns
ConfidenceInterval = [171.194 ns; 173.547 ns] (CI 99.9%), Margin = 1.177 ns (0.68% of Mean)
Skewness = 0.42, Kurtosis = 2.48, MValue = 2

// ** Remained 6 (10,7 %) benchmark(s) to run. Estimated finish 2026-02-08 15:31 (0h 2m from now) **
Setup power plan (GUID: 8c5e7fda-e8bf-4a96-9a85-a6e23a8c635c FriendlyName: Visoka učinkovitost delovanja)
// **************************
// Benchmark: Benchmarks.SplitStringInterpolation: .NET 8.0(Runtime=.NET 8.0) [Model=SmallModel]
// *** Execute ***
// Launch: 1 / 1
// Execute: dotnet "ObjectSerialization-.NET 8.0-2.dll" --anonymousPipes 1208 2084 --benchmarkName "ObjectSerialization.Benchmarks.SplitStringInterpolation(Model: \"SmallModel\")" --job ".NET 8.0" --benchmarkId 22 in C:\Users\Arnecic\Documents\documents\Programming\benchmark-cs\Benchmarks\ObjectSerialization\bin\Release\net10.0\ObjectSerialization-.NET 8.0-2\bin\Release\net8.0
// BeforeAnythingElse

// Benchmark Process Environment Information:
// BenchmarkDotNet v0.15.8
// Runtime=.NET 8.0.23 (8.0.23, 8.0.2325.60607), X64 RyuJIT x86-64-v3
// GC=Concurrent Workstation
// HardwareIntrinsics=AVX2+BMI1+BMI2+F16C+FMA+LZCNT+MOVBE,AVX,SSE3+SSSE3+SSE4.1+SSE4.2+POPCNT,X86Base+SSE+SSE2,AES+PCLMUL,AvxVnni,SERIALIZE VectorSize=256
// Job: .NET 8.0

OverheadJitting  1: 1 op, 86600.00 ns, 86.6000 us/op
WorkloadJitting  1: 1 op, 4499600.00 ns, 4.4996 ms/op

OverheadJitting  2: 16 op, 228400.00 ns, 14.2750 us/op
WorkloadJitting  2: 16 op, 259800.00 ns, 16.2375 us/op

WorkloadPilot    1: 16 op, 20600.00 ns, 1.2875 us/op
WorkloadPilot    2: 32 op, 33500.00 ns, 1.0469 us/op
WorkloadPilot    3: 64 op, 58100.00 ns, 907.8125 ns/op
WorkloadPilot    4: 128 op, 113400.00 ns, 885.9375 ns/op
WorkloadPilot    5: 256 op, 212000.00 ns, 828.1250 ns/op
WorkloadPilot    6: 512 op, 410800.00 ns, 802.3438 ns/op
WorkloadPilot    7: 1024 op, 766000.00 ns, 748.0469 ns/op
WorkloadPilot    8: 2048 op, 2182500.00 ns, 1.0657 us/op
WorkloadPilot    9: 4096 op, 3275800.00 ns, 799.7559 ns/op
WorkloadPilot   10: 8192 op, 6212500.00 ns, 758.3618 ns/op
WorkloadPilot   11: 16384 op, 12357800.00 ns, 754.2603 ns/op
WorkloadPilot   12: 32768 op, 24141700.00 ns, 736.7462 ns/op
WorkloadPilot   13: 65536 op, 42109500.00 ns, 642.5400 ns/op
WorkloadPilot   14: 131072 op, 98025200.00 ns, 747.8729 ns/op
WorkloadPilot   15: 262144 op, 252191500.00 ns, 962.0342 ns/op
WorkloadPilot   16: 524288 op, 140947300.00 ns, 268.8356 ns/op
WorkloadPilot   17: 1048576 op, 189518600.00 ns, 180.7390 ns/op
WorkloadPilot   18: 2097152 op, 372121600.00 ns, 177.4414 ns/op
WorkloadPilot   19: 4194304 op, 794041800.00 ns, 189.3143 ns/op

OverheadWarmup   1: 4194304 op, 11987800.00 ns, 2.8581 ns/op
OverheadWarmup   2: 4194304 op, 11795100.00 ns, 2.8122 ns/op
OverheadWarmup   3: 4194304 op, 12163300.00 ns, 2.9000 ns/op
OverheadWarmup   4: 4194304 op, 13103500.00 ns, 3.1241 ns/op
OverheadWarmup   5: 4194304 op, 11921400.00 ns, 2.8423 ns/op
OverheadWarmup   6: 4194304 op, 11727100.00 ns, 2.7960 ns/op
OverheadWarmup   7: 4194304 op, 11663300.00 ns, 2.7807 ns/op
OverheadWarmup   8: 4194304 op, 11901900.00 ns, 2.8376 ns/op
OverheadWarmup   9: 4194304 op, 11814300.00 ns, 2.8167 ns/op

OverheadActual   1: 4194304 op, 11384900.00 ns, 2.7144 ns/op
OverheadActual   2: 4194304 op, 11268300.00 ns, 2.6866 ns/op
OverheadActual   3: 4194304 op, 12053300.00 ns, 2.8737 ns/op
OverheadActual   4: 4194304 op, 11616200.00 ns, 2.7695 ns/op
OverheadActual   5: 4194304 op, 11656500.00 ns, 2.7791 ns/op
OverheadActual   6: 4194304 op, 11742800.00 ns, 2.7997 ns/op
OverheadActual   7: 4194304 op, 11577700.00 ns, 2.7603 ns/op
OverheadActual   8: 4194304 op, 11741000.00 ns, 2.7993 ns/op
OverheadActual   9: 4194304 op, 12096700.00 ns, 2.8841 ns/op
OverheadActual  10: 4194304 op, 12142600.00 ns, 2.8950 ns/op
OverheadActual  11: 4194304 op, 11704800.00 ns, 2.7906 ns/op
OverheadActual  12: 4194304 op, 11629200.00 ns, 2.7726 ns/op
OverheadActual  13: 4194304 op, 11627400.00 ns, 2.7722 ns/op
OverheadActual  14: 4194304 op, 11621600.00 ns, 2.7708 ns/op
OverheadActual  15: 4194304 op, 11657200.00 ns, 2.7793 ns/op

WorkloadWarmup   1: 4194304 op, 755110100.00 ns, 180.0323 ns/op
WorkloadWarmup   2: 4194304 op, 744317000.00 ns, 177.4590 ns/op
WorkloadWarmup   3: 4194304 op, 751412900.00 ns, 179.1508 ns/op
WorkloadWarmup   4: 4194304 op, 748668400.00 ns, 178.4965 ns/op
WorkloadWarmup   5: 4194304 op, 745960300.00 ns, 177.8508 ns/op
WorkloadWarmup   6: 4194304 op, 747926000.00 ns, 178.3195 ns/op
WorkloadWarmup   7: 4194304 op, 746052900.00 ns, 177.8729 ns/op

// BeforeActualRun
WorkloadActual   1: 4194304 op, 748210300.00 ns, 178.3872 ns/op
WorkloadActual   2: 4194304 op, 737114600.00 ns, 175.7418 ns/op
WorkloadActual   3: 4194304 op, 742387600.00 ns, 176.9990 ns/op
WorkloadActual   4: 4194304 op, 744522500.00 ns, 177.5080 ns/op
WorkloadActual   5: 4194304 op, 742531300.00 ns, 177.0333 ns/op
WorkloadActual   6: 4194304 op, 747267900.00 ns, 178.1626 ns/op
WorkloadActual   7: 4194304 op, 749539500.00 ns, 178.7041 ns/op
WorkloadActual   8: 4194304 op, 741399200.00 ns, 176.7633 ns/op
WorkloadActual   9: 4194304 op, 752145900.00 ns, 179.3256 ns/op
WorkloadActual  10: 4194304 op, 754304200.00 ns, 179.8401 ns/op
WorkloadActual  11: 4194304 op, 741474000.00 ns, 176.7812 ns/op
WorkloadActual  12: 4194304 op, 742167800.00 ns, 176.9466 ns/op
WorkloadActual  13: 4194304 op, 746273600.00 ns, 177.9255 ns/op
WorkloadActual  14: 4194304 op, 742833200.00 ns, 177.1052 ns/op
WorkloadActual  15: 4194304 op, 742485700.00 ns, 177.0224 ns/op

// AfterActualRun
WorkloadResult   1: 4194304 op, 736553800.00 ns, 175.6081 ns/op
WorkloadResult   2: 4194304 op, 725458100.00 ns, 172.9627 ns/op
WorkloadResult   3: 4194304 op, 730731100.00 ns, 174.2199 ns/op
WorkloadResult   4: 4194304 op, 732866000.00 ns, 174.7289 ns/op
WorkloadResult   5: 4194304 op, 730874800.00 ns, 174.2541 ns/op
WorkloadResult   6: 4194304 op, 735611400.00 ns, 175.3834 ns/op
WorkloadResult   7: 4194304 op, 737883000.00 ns, 175.9250 ns/op
WorkloadResult   8: 4194304 op, 729742700.00 ns, 173.9842 ns/op
WorkloadResult   9: 4194304 op, 740489400.00 ns, 176.5464 ns/op
WorkloadResult  10: 4194304 op, 742647700.00 ns, 177.0610 ns/op
WorkloadResult  11: 4194304 op, 729817500.00 ns, 174.0021 ns/op
WorkloadResult  12: 4194304 op, 730511300.00 ns, 174.1675 ns/op
WorkloadResult  13: 4194304 op, 734617100.00 ns, 175.1464 ns/op
WorkloadResult  14: 4194304 op, 731176700.00 ns, 174.3261 ns/op
WorkloadResult  15: 4194304 op, 730829200.00 ns, 174.2433 ns/op
// GC:  103 0 0 1946157056 4194304
// Threading:  0 0 4194304

// AfterAll
// Benchmark Process 11252 has exited with code 0.

Mean = 174.837 ns, StdErr = 0.283 ns (0.16%), N = 15, StdDev = 1.095 ns
Min = 172.963 ns, Q1 = 174.194 ns, Median = 174.326 ns, Q3 = 175.496 ns, Max = 177.061 ns
IQR = 1.302 ns, LowerFence = 172.241 ns, UpperFence = 177.449 ns
ConfidenceInterval = [173.667 ns; 176.007 ns] (CI 99.9%), Margin = 1.170 ns (0.67% of Mean)
Skewness = 0.46, Kurtosis = 2.27, MValue = 2

// ** Remained 5 (8,9 %) benchmark(s) to run. Estimated finish 2026-02-08 15:31 (0h 1m from now) **
Setup power plan (GUID: 8c5e7fda-e8bf-4a96-9a85-a6e23a8c635c FriendlyName: Visoka učinkovitost delovanja)
// **************************
// Benchmark: Benchmarks.StringJoinDynamic: .NET 8.0(Runtime=.NET 8.0) [Model=SmallModel]
// *** Execute ***
// Launch: 1 / 1
// Execute: dotnet "ObjectSerialization-.NET 8.0-2.dll" --anonymousPipes 1208 2084 --benchmarkName "ObjectSerialization.Benchmarks.StringJoinDynamic(Model: \"SmallModel\")" --job ".NET 8.0" --benchmarkId 23 in C:\Users\Arnecic\Documents\documents\Programming\benchmark-cs\Benchmarks\ObjectSerialization\bin\Release\net10.0\ObjectSerialization-.NET 8.0-2\bin\Release\net8.0
// BeforeAnythingElse

// Benchmark Process Environment Information:
// BenchmarkDotNet v0.15.8
// Runtime=.NET 8.0.23 (8.0.23, 8.0.2325.60607), X64 RyuJIT x86-64-v3
// GC=Concurrent Workstation
// HardwareIntrinsics=AVX2+BMI1+BMI2+F16C+FMA+LZCNT+MOVBE,AVX,SSE3+SSSE3+SSE4.1+SSE4.2+POPCNT,X86Base+SSE+SSE2,AES+PCLMUL,AvxVnni,SERIALIZE VectorSize=256
// Job: .NET 8.0

OverheadJitting  1: 1 op, 85700.00 ns, 85.7000 us/op
WorkloadJitting  1: 1 op, 3874400.00 ns, 3.8744 ms/op

OverheadJitting  2: 16 op, 234600.00 ns, 14.6625 us/op
WorkloadJitting  2: 16 op, 289300.00 ns, 18.0813 us/op

WorkloadPilot    1: 16 op, 35400.00 ns, 2.2125 us/op
WorkloadPilot    2: 32 op, 52300.00 ns, 1.6344 us/op
WorkloadPilot    3: 64 op, 96700.00 ns, 1.5109 us/op
WorkloadPilot    4: 128 op, 187000.00 ns, 1.4609 us/op
WorkloadPilot    5: 256 op, 307200.00 ns, 1.2000 us/op
WorkloadPilot    6: 512 op, 647200.00 ns, 1.2641 us/op
WorkloadPilot    7: 1024 op, 1830900.00 ns, 1.7880 us/op
WorkloadPilot    8: 2048 op, 2576800.00 ns, 1.2582 us/op
WorkloadPilot    9: 4096 op, 5286300.00 ns, 1.2906 us/op
WorkloadPilot   10: 8192 op, 10806400.00 ns, 1.3191 us/op
WorkloadPilot   11: 16384 op, 15069500.00 ns, 919.7693 ns/op
WorkloadPilot   12: 32768 op, 30389300.00 ns, 927.4078 ns/op
WorkloadPilot   13: 65536 op, 56976000.00 ns, 869.3848 ns/op
WorkloadPilot   14: 131072 op, 190938800.00 ns, 1.4567 us/op
WorkloadPilot   15: 262144 op, 161938000.00 ns, 617.7444 ns/op
WorkloadPilot   16: 524288 op, 196559300.00 ns, 374.9071 ns/op
WorkloadPilot   17: 1048576 op, 397643000.00 ns, 379.2219 ns/op
No Workload Results were obtained from the run.
// Benchmark Process 27920 has exited with code -1073741819.

// ** Remained 4 (7,1 %) benchmark(s) to run. Estimated finish 2026-02-08 15:31 (0h 1m from now) **
Setup power plan (GUID: 8c5e7fda-e8bf-4a96-9a85-a6e23a8c635c FriendlyName: Visoka učinkovitost delovanja)
// **************************
// Benchmark: Benchmarks.StringBuilderWithAppends: .NET 8.0(Runtime=.NET 8.0) [Model=SmallModel]
// *** Execute ***
// Launch: 1 / 1
// Execute: dotnet "ObjectSerialization-.NET 8.0-2.dll" --anonymousPipes 1208 2084 --benchmarkName "ObjectSerialization.Benchmarks.StringBuilderWithAppends(Model: \"SmallModel\")" --job ".NET 8.0" --benchmarkId 24 in C:\Users\Arnecic\Documents\documents\Programming\benchmark-cs\Benchmarks\ObjectSerialization\bin\Release\net10.0\ObjectSerialization-.NET 8.0-2\bin\Release\net8.0
// BeforeAnythingElse

// Benchmark Process Environment Information:
// BenchmarkDotNet v0.15.8
// Runtime=.NET 8.0.23 (8.0.23, 8.0.2325.60607), X64 RyuJIT x86-64-v3
// GC=Concurrent Workstation
// HardwareIntrinsics=AVX2+BMI1+BMI2+F16C+FMA+LZCNT+MOVBE,AVX,SSE3+SSSE3+SSE4.1+SSE4.2+POPCNT,X86Base+SSE+SSE2,AES+PCLMUL,AvxVnni,SERIALIZE VectorSize=256
// Job: .NET 8.0

OverheadJitting  1: 1 op, 90100.00 ns, 90.1000 us/op
WorkloadJitting  1: 1 op, 4686400.00 ns, 4.6864 ms/op

OverheadJitting  2: 16 op, 229200.00 ns, 14.3250 us/op
WorkloadJitting  2: 16 op, 267800.00 ns, 16.7375 us/op

WorkloadPilot    1: 16 op, 37300.00 ns, 2.3313 us/op
WorkloadPilot    2: 32 op, 60600.00 ns, 1.8938 us/op
WorkloadPilot    3: 64 op, 113400.00 ns, 1.7719 us/op
WorkloadPilot    4: 128 op, 234400.00 ns, 1.8313 us/op
WorkloadPilot    5: 256 op, 392200.00 ns, 1.5320 us/op
WorkloadPilot    6: 512 op, 808200.00 ns, 1.5785 us/op
WorkloadPilot    7: 1024 op, 1698500.00 ns, 1.6587 us/op
WorkloadPilot    8: 2048 op, 3598400.00 ns, 1.7570 us/op
WorkloadPilot    9: 4096 op, 7050300.00 ns, 1.7213 us/op
WorkloadPilot   10: 8192 op, 13112500.00 ns, 1.6006 us/op
WorkloadPilot   11: 16384 op, 19601700.00 ns, 1.1964 us/op
WorkloadPilot   12: 32768 op, 37273000.00 ns, 1.1375 us/op
WorkloadPilot   13: 65536 op, 77813100.00 ns, 1.1873 us/op
WorkloadPilot   14: 131072 op, 224737300.00 ns, 1.7146 us/op
WorkloadPilot   15: 262144 op, 116143700.00 ns, 443.0531 ns/op
WorkloadPilot   16: 524288 op, 208100100.00 ns, 396.9194 ns/op
WorkloadPilot   17: 1048576 op, 420972600.00 ns, 401.4708 ns/op
WorkloadPilot   18: 2097152 op, 836840600.00 ns, 399.0367 ns/op

OverheadWarmup   1: 2097152 op, 5850400.00 ns, 2.7897 ns/op
OverheadWarmup   2: 2097152 op, 5642700.00 ns, 2.6906 ns/op
OverheadWarmup   3: 2097152 op, 5526000.00 ns, 2.6350 ns/op
OverheadWarmup   4: 2097152 op, 6020100.00 ns, 2.8706 ns/op
OverheadWarmup   5: 2097152 op, 5573700.00 ns, 2.6577 ns/op
OverheadWarmup   6: 2097152 op, 5542600.00 ns, 2.6429 ns/op
OverheadWarmup   7: 2097152 op, 5710900.00 ns, 2.7232 ns/op
OverheadWarmup   8: 2097152 op, 5504400.00 ns, 2.6247 ns/op

OverheadActual   1: 2097152 op, 5579500.00 ns, 2.6605 ns/op
OverheadActual   2: 2097152 op, 5522000.00 ns, 2.6331 ns/op
OverheadActual   3: 2097152 op, 5632400.00 ns, 2.6857 ns/op
OverheadActual   4: 2097152 op, 5978400.00 ns, 2.8507 ns/op
OverheadActual   5: 2097152 op, 5547900.00 ns, 2.6454 ns/op
OverheadActual   6: 2097152 op, 6425600.00 ns, 3.0640 ns/op
OverheadActual   7: 2097152 op, 5628000.00 ns, 2.6836 ns/op
OverheadActual   8: 2097152 op, 5767000.00 ns, 2.7499 ns/op
OverheadActual   9: 2097152 op, 5586700.00 ns, 2.6639 ns/op
OverheadActual  10: 2097152 op, 5562100.00 ns, 2.6522 ns/op
OverheadActual  11: 2097152 op, 5603800.00 ns, 2.6721 ns/op
OverheadActual  12: 2097152 op, 5619600.00 ns, 2.6796 ns/op
OverheadActual  13: 2097152 op, 5590600.00 ns, 2.6658 ns/op
OverheadActual  14: 2097152 op, 6036000.00 ns, 2.8782 ns/op
OverheadActual  15: 2097152 op, 5531400.00 ns, 2.6376 ns/op

WorkloadWarmup   1: 2097152 op, 843443200.00 ns, 402.1851 ns/op
WorkloadWarmup   2: 2097152 op, 834421800.00 ns, 397.8833 ns/op
WorkloadWarmup   3: 2097152 op, 837295100.00 ns, 399.2534 ns/op
WorkloadWarmup   4: 2097152 op, 839255000.00 ns, 400.1880 ns/op
WorkloadWarmup   5: 2097152 op, 833356800.00 ns, 397.3755 ns/op
WorkloadWarmup   6: 2097152 op, 829437600.00 ns, 395.5067 ns/op
WorkloadWarmup   7: 2097152 op, 834465900.00 ns, 397.9043 ns/op
WorkloadWarmup   8: 2097152 op, 912004200.00 ns, 434.8775 ns/op
WorkloadWarmup   9: 2097152 op, 848454600.00 ns, 404.5747 ns/op

// BeforeActualRun
WorkloadActual   1: 2097152 op, 851778300.00 ns, 406.1595 ns/op
WorkloadActual   2: 2097152 op, 849731200.00 ns, 405.1834 ns/op
WorkloadActual   3: 2097152 op, 844110100.00 ns, 402.5031 ns/op
WorkloadActual   4: 2097152 op, 828041600.00 ns, 394.8410 ns/op
WorkloadActual   5: 2097152 op, 829562600.00 ns, 395.5663 ns/op
WorkloadActual   6: 2097152 op, 826906900.00 ns, 394.2999 ns/op
WorkloadActual   7: 2097152 op, 832474000.00 ns, 396.9545 ns/op
WorkloadActual   8: 2097152 op, 832799700.00 ns, 397.1098 ns/op
WorkloadActual   9: 2097152 op, 833353000.00 ns, 397.3737 ns/op
WorkloadActual  10: 2097152 op, 832103500.00 ns, 396.7779 ns/op
WorkloadActual  11: 2097152 op, 826992000.00 ns, 394.3405 ns/op
WorkloadActual  12: 2097152 op, 830724100.00 ns, 396.1201 ns/op
WorkloadActual  13: 2097152 op, 832585200.00 ns, 397.0076 ns/op
WorkloadActual  14: 2097152 op, 825623500.00 ns, 393.6880 ns/op
WorkloadActual  15: 2097152 op, 833984500.00 ns, 397.6748 ns/op

// AfterActualRun
WorkloadResult   1: 2097152 op, 822437800.00 ns, 392.1689 ns/op
WorkloadResult   2: 2097152 op, 823958800.00 ns, 392.8942 ns/op
WorkloadResult   3: 2097152 op, 821303100.00 ns, 391.6278 ns/op
WorkloadResult   4: 2097152 op, 826870200.00 ns, 394.2824 ns/op
WorkloadResult   5: 2097152 op, 827195900.00 ns, 394.4377 ns/op
WorkloadResult   6: 2097152 op, 827749200.00 ns, 394.7016 ns/op
WorkloadResult   7: 2097152 op, 826499700.00 ns, 394.1058 ns/op
WorkloadResult   8: 2097152 op, 821388200.00 ns, 391.6684 ns/op
WorkloadResult   9: 2097152 op, 825120300.00 ns, 393.4480 ns/op
WorkloadResult  10: 2097152 op, 826981400.00 ns, 394.3355 ns/op
WorkloadResult  11: 2097152 op, 820019700.00 ns, 391.0159 ns/op
WorkloadResult  12: 2097152 op, 828380700.00 ns, 395.0027 ns/op
// GC:  233 1 0 4395630592 2097152
// Threading:  0 0 2097152

// AfterAll
// Benchmark Process 24064 has exited with code 0.

Mean = 393.307 ns, StdErr = 0.399 ns (0.10%), N = 12, StdDev = 1.381 ns
Min = 391.016 ns, Q1 = 392.044 ns, Median = 393.777 ns, Q3 = 394.361 ns, Max = 395.003 ns
IQR = 2.317 ns, LowerFence = 388.568 ns, UpperFence = 397.837 ns
ConfidenceInterval = [391.538 ns; 395.077 ns] (CI 99.9%), Margin = 1.769 ns (0.45% of Mean)
Skewness = -0.35, Kurtosis = 1.39, MValue = 2

// ** Remained 3 (5,4 %) benchmark(s) to run. Estimated finish 2026-02-08 15:31 (0h 1m from now) **
Setup power plan (GUID: 8c5e7fda-e8bf-4a96-9a85-a6e23a8c635c FriendlyName: Visoka učinkovitost delovanja)
// **************************
// Benchmark: Benchmarks.StringBuilderWithInterpolatedAppends: .NET 8.0(Runtime=.NET 8.0) [Model=SmallModel]
// *** Execute ***
// Launch: 1 / 1
// Execute: dotnet "ObjectSerialization-.NET 8.0-2.dll" --anonymousPipes 1648 2128 --benchmarkName "ObjectSerialization.Benchmarks.StringBuilderWithInterpolatedAppends(Model: \"SmallModel\")" --job ".NET 8.0" --benchmarkId 25 in C:\Users\Arnecic\Documents\documents\Programming\benchmark-cs\Benchmarks\ObjectSerialization\bin\Release\net10.0\ObjectSerialization-.NET 8.0-2\bin\Release\net8.0
// BeforeAnythingElse

// Benchmark Process Environment Information:
// BenchmarkDotNet v0.15.8
// Runtime=.NET 8.0.23 (8.0.23, 8.0.2325.60607), X64 RyuJIT x86-64-v3
// GC=Concurrent Workstation
// HardwareIntrinsics=AVX2+BMI1+BMI2+F16C+FMA+LZCNT+MOVBE,AVX,SSE3+SSSE3+SSE4.1+SSE4.2+POPCNT,X86Base+SSE+SSE2,AES+PCLMUL,AvxVnni,SERIALIZE VectorSize=256
// Job: .NET 8.0

OverheadJitting  1: 1 op, 82100.00 ns, 82.1000 us/op
WorkloadJitting  1: 1 op, 5019400.00 ns, 5.0194 ms/op

OverheadJitting  2: 16 op, 222000.00 ns, 13.8750 us/op
WorkloadJitting  2: 16 op, 298400.00 ns, 18.6500 us/op

WorkloadPilot    1: 16 op, 45900.00 ns, 2.8688 us/op
WorkloadPilot    2: 32 op, 69800.00 ns, 2.1813 us/op
WorkloadPilot    3: 64 op, 139500.00 ns, 2.1797 us/op
WorkloadPilot    4: 128 op, 375800.00 ns, 2.9359 us/op
WorkloadPilot    5: 256 op, 451900.00 ns, 1.7652 us/op
WorkloadPilot    6: 512 op, 956400.00 ns, 1.8680 us/op
WorkloadPilot    7: 1024 op, 2044500.00 ns, 1.9966 us/op
WorkloadPilot    8: 2048 op, 4160200.00 ns, 2.0313 us/op
WorkloadPilot    9: 4096 op, 7903600.00 ns, 1.9296 us/op
WorkloadPilot   10: 8192 op, 15686200.00 ns, 1.9148 us/op
WorkloadPilot   11: 16384 op, 25952500.00 ns, 1.5840 us/op
WorkloadPilot   12: 32768 op, 48014600.00 ns, 1.4653 us/op
WorkloadPilot   13: 65536 op, 139204200.00 ns, 2.1241 us/op
WorkloadPilot   14: 131072 op, 191597300.00 ns, 1.4618 us/op
WorkloadPilot   15: 262144 op, 146240600.00 ns, 557.8636 ns/op
WorkloadPilot   16: 524288 op, 282679900.00 ns, 539.1691 ns/op
WorkloadPilot   17: 1048576 op, 574499200.00 ns, 547.8851 ns/op

OverheadWarmup   1: 1048576 op, 3603000.00 ns, 3.4361 ns/op
OverheadWarmup   2: 1048576 op, 2839400.00 ns, 2.7079 ns/op
OverheadWarmup   3: 1048576 op, 2765400.00 ns, 2.6373 ns/op
OverheadWarmup   4: 1048576 op, 2783500.00 ns, 2.6546 ns/op
OverheadWarmup   5: 1048576 op, 2802000.00 ns, 2.6722 ns/op
OverheadWarmup   6: 1048576 op, 3100400.00 ns, 2.9568 ns/op
OverheadWarmup   7: 1048576 op, 2890500.00 ns, 2.7566 ns/op
OverheadWarmup   8: 1048576 op, 2960300.00 ns, 2.8232 ns/op
OverheadWarmup   9: 1048576 op, 2783500.00 ns, 2.6546 ns/op

OverheadActual   1: 1048576 op, 2904400.00 ns, 2.7699 ns/op
OverheadActual   2: 1048576 op, 3445700.00 ns, 3.2861 ns/op
OverheadActual   3: 1048576 op, 2906600.00 ns, 2.7719 ns/op
OverheadActual   4: 1048576 op, 3056200.00 ns, 2.9146 ns/op
OverheadActual   5: 1048576 op, 2949700.00 ns, 2.8131 ns/op
OverheadActual   6: 1048576 op, 3265500.00 ns, 3.1142 ns/op
OverheadActual   7: 1048576 op, 2943400.00 ns, 2.8070 ns/op
OverheadActual   8: 1048576 op, 2915800.00 ns, 2.7807 ns/op
OverheadActual   9: 1048576 op, 2896800.00 ns, 2.7626 ns/op
OverheadActual  10: 1048576 op, 2946600.00 ns, 2.8101 ns/op
OverheadActual  11: 1048576 op, 3313200.00 ns, 3.1597 ns/op
OverheadActual  12: 1048576 op, 2781800.00 ns, 2.6529 ns/op
OverheadActual  13: 1048576 op, 2758500.00 ns, 2.6307 ns/op
OverheadActual  14: 1048576 op, 2794900.00 ns, 2.6654 ns/op
OverheadActual  15: 1048576 op, 2765900.00 ns, 2.6378 ns/op
OverheadActual  16: 1048576 op, 2788700.00 ns, 2.6595 ns/op
OverheadActual  17: 1048576 op, 3077800.00 ns, 2.9352 ns/op
OverheadActual  18: 1048576 op, 2772000.00 ns, 2.6436 ns/op
OverheadActual  19: 1048576 op, 2788400.00 ns, 2.6592 ns/op
OverheadActual  20: 1048576 op, 2766400.00 ns, 2.6382 ns/op

WorkloadWarmup   1: 1048576 op, 583866400.00 ns, 556.8184 ns/op
WorkloadWarmup   2: 1048576 op, 581579500.00 ns, 554.6374 ns/op
WorkloadWarmup   3: 1048576 op, 572095500.00 ns, 545.5928 ns/op
WorkloadWarmup   4: 1048576 op, 573036500.00 ns, 546.4902 ns/op
WorkloadWarmup   5: 1048576 op, 569676800.00 ns, 543.2861 ns/op
WorkloadWarmup   6: 1048576 op, 571661400.00 ns, 545.1788 ns/op
WorkloadWarmup   7: 1048576 op, 583380200.00 ns, 556.3547 ns/op
WorkloadWarmup   8: 1048576 op, 577740900.00 ns, 550.9767 ns/op

// BeforeActualRun
WorkloadActual   1: 1048576 op, 580591600.00 ns, 553.6953 ns/op
WorkloadActual   2: 1048576 op, 574166300.00 ns, 547.5677 ns/op
WorkloadActual   3: 1048576 op, 582152500.00 ns, 555.1839 ns/op
WorkloadActual   4: 1048576 op, 578685800.00 ns, 551.8778 ns/op
WorkloadActual   5: 1048576 op, 570924800.00 ns, 544.4763 ns/op
WorkloadActual   6: 1048576 op, 576749400.00 ns, 550.0311 ns/op
WorkloadActual   7: 1048576 op, 577147000.00 ns, 550.4103 ns/op
WorkloadActual   8: 1048576 op, 575871900.00 ns, 549.1942 ns/op
WorkloadActual   9: 1048576 op, 574804100.00 ns, 548.1759 ns/op
WorkloadActual  10: 1048576 op, 576990700.00 ns, 550.2612 ns/op
WorkloadActual  11: 1048576 op, 576211500.00 ns, 549.5181 ns/op
WorkloadActual  12: 1048576 op, 569995600.00 ns, 543.5902 ns/op
WorkloadActual  13: 1048576 op, 574922100.00 ns, 548.2884 ns/op
WorkloadActual  14: 1048576 op, 575651400.00 ns, 548.9840 ns/op
WorkloadActual  15: 1048576 op, 584516400.00 ns, 557.4383 ns/op

// AfterActualRun
WorkloadResult   1: 1048576 op, 577686100.00 ns, 550.9244 ns/op
WorkloadResult   2: 1048576 op, 571260800.00 ns, 544.7968 ns/op
WorkloadResult   3: 1048576 op, 579247000.00 ns, 552.4130 ns/op
WorkloadResult   4: 1048576 op, 575780300.00 ns, 549.1069 ns/op
WorkloadResult   5: 1048576 op, 568019300.00 ns, 541.7054 ns/op
WorkloadResult   6: 1048576 op, 573843900.00 ns, 547.2602 ns/op
WorkloadResult   7: 1048576 op, 574241500.00 ns, 547.6394 ns/op
WorkloadResult   8: 1048576 op, 572966400.00 ns, 546.4233 ns/op
WorkloadResult   9: 1048576 op, 571898600.00 ns, 545.4050 ns/op
WorkloadResult  10: 1048576 op, 574085200.00 ns, 547.4903 ns/op
WorkloadResult  11: 1048576 op, 573306000.00 ns, 546.7472 ns/op
WorkloadResult  12: 1048576 op, 567090100.00 ns, 540.8193 ns/op
WorkloadResult  13: 1048576 op, 572016600.00 ns, 545.5175 ns/op
WorkloadResult  14: 1048576 op, 572745900.00 ns, 546.2131 ns/op
// GC:  100 0 0 1895825408 1048576
// Threading:  0 0 1048576

// AfterAll
// Benchmark Process 27940 has exited with code 0.

Mean = 546.604 ns, StdErr = 0.827 ns (0.15%), N = 14, StdDev = 3.095 ns
Min = 540.819 ns, Q1 = 545.433 ns, Median = 546.585 ns, Q3 = 547.602 ns, Max = 552.413 ns
IQR = 2.169 ns, LowerFence = 542.180 ns, UpperFence = 550.856 ns
ConfidenceInterval = [543.113 ns; 550.096 ns] (CI 99.9%), Margin = 3.491 ns (0.64% of Mean)
Skewness = -0.06, Kurtosis = 2.52, MValue = 2

// ** Remained 2 (3,6 %) benchmark(s) to run. Estimated finish 2026-02-08 15:31 (0h 0m from now) **
Setup power plan (GUID: 8c5e7fda-e8bf-4a96-9a85-a6e23a8c635c FriendlyName: Visoka učinkovitost delovanja)
// **************************
// Benchmark: Benchmarks.StringBuilderWithAppendsAndPresetCapacity: .NET 8.0(Runtime=.NET 8.0) [Model=SmallModel]
// *** Execute ***
// Launch: 1 / 1
// Execute: dotnet "ObjectSerialization-.NET 8.0-2.dll" --anonymousPipes 2256 2252 --benchmarkName "ObjectSerialization.Benchmarks.StringBuilderWithAppendsAndPresetCapacity(Model: \"SmallModel\")" --job ".NET 8.0" --benchmarkId 26 in C:\Users\Arnecic\Documents\documents\Programming\benchmark-cs\Benchmarks\ObjectSerialization\bin\Release\net10.0\ObjectSerialization-.NET 8.0-2\bin\Release\net8.0
// BeforeAnythingElse

// Benchmark Process Environment Information:
// BenchmarkDotNet v0.15.8
// Runtime=.NET 8.0.23 (8.0.23, 8.0.2325.60607), X64 RyuJIT x86-64-v3
// GC=Concurrent Workstation
// HardwareIntrinsics=AVX2+BMI1+BMI2+F16C+FMA+LZCNT+MOVBE,AVX,SSE3+SSSE3+SSE4.1+SSE4.2+POPCNT,X86Base+SSE+SSE2,AES+PCLMUL,AvxVnni,SERIALIZE VectorSize=256
// Job: .NET 8.0

OverheadJitting  1: 1 op, 77700.00 ns, 77.7000 us/op
WorkloadJitting  1: 1 op, 4851700.00 ns, 4.8517 ms/op

OverheadJitting  2: 16 op, 270500.00 ns, 16.9063 us/op
WorkloadJitting  2: 16 op, 299300.00 ns, 18.7063 us/op

WorkloadPilot    1: 16 op, 44500.00 ns, 2.7813 us/op
WorkloadPilot    2: 32 op, 73000.00 ns, 2.2813 us/op
WorkloadPilot    3: 64 op, 110200.00 ns, 1.7219 us/op
WorkloadPilot    4: 128 op, 216700.00 ns, 1.6930 us/op
WorkloadPilot    5: 256 op, 362000.00 ns, 1.4141 us/op
WorkloadPilot    6: 512 op, 762900.00 ns, 1.4900 us/op
WorkloadPilot    7: 1024 op, 1784200.00 ns, 1.7424 us/op
WorkloadPilot    8: 2048 op, 3443800.00 ns, 1.6815 us/op
WorkloadPilot    9: 4096 op, 6451700.00 ns, 1.5751 us/op
WorkloadPilot   10: 8192 op, 13017900.00 ns, 1.5891 us/op
WorkloadPilot   11: 16384 op, 20376200.00 ns, 1.2437 us/op
WorkloadPilot   12: 32768 op, 37210400.00 ns, 1.1356 us/op
WorkloadPilot   13: 65536 op, 78552000.00 ns, 1.1986 us/op
WorkloadPilot   14: 131072 op, 213525300.00 ns, 1.6291 us/op
WorkloadPilot   15: 262144 op, 111889200.00 ns, 426.8234 ns/op
WorkloadPilot   16: 524288 op, 190284900.00 ns, 362.9396 ns/op
WorkloadPilot   17: 1048576 op, 379481100.00 ns, 361.9014 ns/op
WorkloadPilot   18: 2097152 op, 755931400.00 ns, 360.4562 ns/op

OverheadWarmup   1: 2097152 op, 5616700.00 ns, 2.6783 ns/op
OverheadWarmup   2: 2097152 op, 5676700.00 ns, 2.7069 ns/op
OverheadWarmup   3: 2097152 op, 5512600.00 ns, 2.6286 ns/op
OverheadWarmup   4: 2097152 op, 5652500.00 ns, 2.6953 ns/op
OverheadWarmup   5: 2097152 op, 5726800.00 ns, 2.7308 ns/op
OverheadWarmup   6: 2097152 op, 5555600.00 ns, 2.6491 ns/op

OverheadActual   1: 2097152 op, 5753900.00 ns, 2.7437 ns/op
OverheadActual   2: 2097152 op, 5792500.00 ns, 2.7621 ns/op
OverheadActual   3: 2097152 op, 5753600.00 ns, 2.7435 ns/op
OverheadActual   4: 2097152 op, 5586300.00 ns, 2.6638 ns/op
OverheadActual   5: 2097152 op, 5542100.00 ns, 2.6427 ns/op
OverheadActual   6: 2097152 op, 6153700.00 ns, 2.9343 ns/op
OverheadActual   7: 2097152 op, 5862700.00 ns, 2.7956 ns/op
OverheadActual   8: 2097152 op, 5565600.00 ns, 2.6539 ns/op
OverheadActual   9: 2097152 op, 5844000.00 ns, 2.7866 ns/op
OverheadActual  10: 2097152 op, 5634200.00 ns, 2.6866 ns/op
OverheadActual  11: 2097152 op, 5611800.00 ns, 2.6759 ns/op
OverheadActual  12: 2097152 op, 5549100.00 ns, 2.6460 ns/op
OverheadActual  13: 2097152 op, 5540300.00 ns, 2.6418 ns/op
OverheadActual  14: 2097152 op, 5651000.00 ns, 2.6946 ns/op
OverheadActual  15: 2097152 op, 5844000.00 ns, 2.7866 ns/op

WorkloadWarmup   1: 2097152 op, 762815300.00 ns, 363.7387 ns/op
WorkloadWarmup   2: 2097152 op, 757837700.00 ns, 361.3652 ns/op
WorkloadWarmup   3: 2097152 op, 759918400.00 ns, 362.3573 ns/op
WorkloadWarmup   4: 2097152 op, 758617700.00 ns, 361.7371 ns/op
WorkloadWarmup   5: 2097152 op, 755349300.00 ns, 360.1786 ns/op
WorkloadWarmup   6: 2097152 op, 754630400.00 ns, 359.8358 ns/op
WorkloadWarmup   7: 2097152 op, 758728500.00 ns, 361.7899 ns/op
WorkloadWarmup   8: 2097152 op, 758170800.00 ns, 361.5240 ns/op

// BeforeActualRun
WorkloadActual   1: 2097152 op, 761229000.00 ns, 362.9823 ns/op
WorkloadActual   2: 2097152 op, 757992500.00 ns, 361.4390 ns/op
WorkloadActual   3: 2097152 op, 755719100.00 ns, 360.3549 ns/op
WorkloadActual   4: 2097152 op, 755777600.00 ns, 360.3828 ns/op
WorkloadActual   5: 2097152 op, 764323400.00 ns, 364.4578 ns/op
WorkloadActual   6: 2097152 op, 758304700.00 ns, 361.5879 ns/op
WorkloadActual   7: 2097152 op, 755978600.00 ns, 360.4787 ns/op
WorkloadActual   8: 2097152 op, 757545400.00 ns, 361.2258 ns/op
WorkloadActual   9: 2097152 op, 764902300.00 ns, 364.7338 ns/op
WorkloadActual  10: 2097152 op, 757007400.00 ns, 360.9693 ns/op
WorkloadActual  11: 2097152 op, 759302000.00 ns, 362.0634 ns/op
WorkloadActual  12: 2097152 op, 753749400.00 ns, 359.4157 ns/op
WorkloadActual  13: 2097152 op, 755809600.00 ns, 360.3981 ns/op
WorkloadActual  14: 2097152 op, 753415400.00 ns, 359.2565 ns/op
WorkloadActual  15: 2097152 op, 756563100.00 ns, 360.7574 ns/op

// AfterActualRun
WorkloadResult   1: 2097152 op, 755578000.00 ns, 360.2877 ns/op
WorkloadResult   2: 2097152 op, 752341500.00 ns, 358.7444 ns/op
WorkloadResult   3: 2097152 op, 750068100.00 ns, 357.6603 ns/op
WorkloadResult   4: 2097152 op, 750126600.00 ns, 357.6882 ns/op
WorkloadResult   5: 2097152 op, 752653700.00 ns, 358.8933 ns/op
WorkloadResult   6: 2097152 op, 750327600.00 ns, 357.7841 ns/op
WorkloadResult   7: 2097152 op, 751894400.00 ns, 358.5312 ns/op
WorkloadResult   8: 2097152 op, 751356400.00 ns, 358.2747 ns/op
WorkloadResult   9: 2097152 op, 753651000.00 ns, 359.3688 ns/op
WorkloadResult  10: 2097152 op, 748098400.00 ns, 356.7211 ns/op
WorkloadResult  11: 2097152 op, 750158600.00 ns, 357.7035 ns/op
WorkloadResult  12: 2097152 op, 747764400.00 ns, 356.5619 ns/op
WorkloadResult  13: 2097152 op, 750912100.00 ns, 358.0628 ns/op
// GC:  202 0 0 3808428032 2097152
// Threading:  0 0 2097152

// AfterAll
// Benchmark Process 11088 has exited with code 0.

Mean = 358.176 ns, StdErr = 0.283 ns (0.08%), N = 13, StdDev = 1.019 ns
Min = 356.562 ns, Q1 = 357.688 ns, Median = 358.063 ns, Q3 = 358.744 ns, Max = 360.288 ns
IQR = 1.056 ns, LowerFence = 356.104 ns, UpperFence = 360.329 ns
ConfidenceInterval = [356.955 ns; 359.396 ns] (CI 99.9%), Margin = 1.221 ns (0.34% of Mean)
Skewness = 0.29, Kurtosis = 2.41, MValue = 2

// ** Remained 1 (1,8 %) benchmark(s) to run. Estimated finish 2026-02-08 15:31 (0h 0m from now) **
Setup power plan (GUID: 8c5e7fda-e8bf-4a96-9a85-a6e23a8c635c FriendlyName: Visoka učinkovitost delovanja)
// **************************
// Benchmark: Benchmarks.StringBuilderWithInterpolatedAppendsAndPresetCapacity: .NET 8.0(Runtime=.NET 8.0) [Model=SmallModel]
// *** Execute ***
// Launch: 1 / 1
// Execute: dotnet "ObjectSerialization-.NET 8.0-2.dll" --anonymousPipes 2256 2252 --benchmarkName "ObjectSerialization.Benchmarks.StringBuilderWithInterpolatedAppendsAndPresetCapacity(Model: \"SmallModel\")" --job ".NET 8.0" --benchmarkId 27 in C:\Users\Arnecic\Documents\documents\Programming\benchmark-cs\Benchmarks\ObjectSerialization\bin\Release\net10.0\ObjectSerialization-.NET 8.0-2\bin\Release\net8.0
// BeforeAnythingElse

// Benchmark Process Environment Information:
// BenchmarkDotNet v0.15.8
// Runtime=.NET 8.0.23 (8.0.23, 8.0.2325.60607), X64 RyuJIT x86-64-v3
// GC=Concurrent Workstation
// HardwareIntrinsics=AVX2+BMI1+BMI2+F16C+FMA+LZCNT+MOVBE,AVX,SSE3+SSSE3+SSE4.1+SSE4.2+POPCNT,X86Base+SSE+SSE2,AES+PCLMUL,AvxVnni,SERIALIZE VectorSize=256
// Job: .NET 8.0

OverheadJitting  1: 1 op, 79900.00 ns, 79.9000 us/op
WorkloadJitting  1: 1 op, 5029500.00 ns, 5.0295 ms/op

OverheadJitting  2: 16 op, 232100.00 ns, 14.5063 us/op
WorkloadJitting  2: 16 op, 284200.00 ns, 17.7625 us/op

WorkloadPilot    1: 16 op, 46100.00 ns, 2.8813 us/op
WorkloadPilot    2: 32 op, 77200.00 ns, 2.4125 us/op
WorkloadPilot    3: 64 op, 133000.00 ns, 2.0781 us/op
WorkloadPilot    4: 128 op, 266600.00 ns, 2.0828 us/op
WorkloadPilot    5: 256 op, 453900.00 ns, 1.7730 us/op
WorkloadPilot    6: 512 op, 941100.00 ns, 1.8381 us/op
WorkloadPilot    7: 1024 op, 2091200.00 ns, 2.0422 us/op
WorkloadPilot    8: 2048 op, 4186400.00 ns, 2.0441 us/op
WorkloadPilot    9: 4096 op, 7714600.00 ns, 1.8834 us/op
WorkloadPilot   10: 8192 op, 15596600.00 ns, 1.9039 us/op
WorkloadPilot   11: 16384 op, 27490500.00 ns, 1.6779 us/op
WorkloadPilot   12: 32768 op, 48496700.00 ns, 1.4800 us/op
WorkloadPilot   13: 65536 op, 133061800.00 ns, 2.0304 us/op
WorkloadPilot   14: 131072 op, 205727400.00 ns, 1.5696 us/op
WorkloadPilot   15: 262144 op, 151759700.00 ns, 578.9173 ns/op
WorkloadPilot   16: 524288 op, 292802200.00 ns, 558.4759 ns/op
WorkloadPilot   17: 1048576 op, 587283500.00 ns, 560.0772 ns/op

OverheadWarmup   1: 1048576 op, 3132100.00 ns, 2.9870 ns/op
OverheadWarmup   2: 1048576 op, 2808400.00 ns, 2.6783 ns/op
OverheadWarmup   3: 1048576 op, 2799300.00 ns, 2.6696 ns/op
OverheadWarmup   4: 1048576 op, 2809000.00 ns, 2.6789 ns/op
OverheadWarmup   5: 1048576 op, 2925900.00 ns, 2.7904 ns/op
OverheadWarmup   6: 1048576 op, 2945700.00 ns, 2.8092 ns/op
OverheadWarmup   7: 1048576 op, 3230300.00 ns, 3.0807 ns/op
OverheadWarmup   8: 1048576 op, 2957500.00 ns, 2.8205 ns/op
OverheadWarmup   9: 1048576 op, 2915500.00 ns, 2.7804 ns/op
OverheadWarmup  10: 1048576 op, 2902200.00 ns, 2.7678 ns/op

OverheadActual   1: 1048576 op, 2896700.00 ns, 2.7625 ns/op
OverheadActual   2: 1048576 op, 2946700.00 ns, 2.8102 ns/op
OverheadActual   3: 1048576 op, 2917300.00 ns, 2.7822 ns/op
OverheadActual   4: 1048576 op, 2994200.00 ns, 2.8555 ns/op
OverheadActual   5: 1048576 op, 2963400.00 ns, 2.8261 ns/op
OverheadActual   6: 1048576 op, 2902600.00 ns, 2.7681 ns/op
OverheadActual   7: 1048576 op, 2910500.00 ns, 2.7757 ns/op
OverheadActual   8: 1048576 op, 3063800.00 ns, 2.9219 ns/op
OverheadActual   9: 1048576 op, 2970600.00 ns, 2.8330 ns/op
OverheadActual  10: 1048576 op, 3055800.00 ns, 2.9142 ns/op
OverheadActual  11: 1048576 op, 3387200.00 ns, 3.2303 ns/op
OverheadActual  12: 1048576 op, 2913700.00 ns, 2.7787 ns/op
OverheadActual  13: 1048576 op, 2929300.00 ns, 2.7936 ns/op
OverheadActual  14: 1048576 op, 2976600.00 ns, 2.8387 ns/op
OverheadActual  15: 1048576 op, 3007000.00 ns, 2.8677 ns/op

WorkloadWarmup   1: 1048576 op, 592632100.00 ns, 565.1780 ns/op
WorkloadWarmup   2: 1048576 op, 595064200.00 ns, 567.4974 ns/op
WorkloadWarmup   3: 1048576 op, 580849200.00 ns, 553.9410 ns/op
WorkloadWarmup   4: 1048576 op, 578529300.00 ns, 551.7285 ns/op
WorkloadWarmup   5: 1048576 op, 586267000.00 ns, 559.1078 ns/op
WorkloadWarmup   6: 1048576 op, 581407800.00 ns, 554.4737 ns/op

// BeforeActualRun
WorkloadActual   1: 1048576 op, 581861900.00 ns, 554.9067 ns/op
WorkloadActual   2: 1048576 op, 583887800.00 ns, 556.8388 ns/op
WorkloadActual   3: 1048576 op, 589023000.00 ns, 561.7361 ns/op
WorkloadActual   4: 1048576 op, 581513100.00 ns, 554.5741 ns/op
WorkloadActual   5: 1048576 op, 578671700.00 ns, 551.8643 ns/op
WorkloadActual   6: 1048576 op, 589862800.00 ns, 562.5370 ns/op
WorkloadActual   7: 1048576 op, 662548600.00 ns, 631.8556 ns/op
WorkloadActual   8: 1048576 op, 591396500.00 ns, 563.9997 ns/op
WorkloadActual   9: 1048576 op, 584526200.00 ns, 557.4476 ns/op
WorkloadActual  10: 1048576 op, 585892900.00 ns, 558.7510 ns/op
WorkloadActual  11: 1048576 op, 589824800.00 ns, 562.5008 ns/op
WorkloadActual  12: 1048576 op, 587807500.00 ns, 560.5769 ns/op
WorkloadActual  13: 1048576 op, 590643200.00 ns, 563.2813 ns/op
WorkloadActual  14: 1048576 op, 581317000.00 ns, 554.3871 ns/op
WorkloadActual  15: 1048576 op, 585019400.00 ns, 557.9180 ns/op

// AfterActualRun
WorkloadResult   1: 1048576 op, 578898500.00 ns, 552.0806 ns/op
WorkloadResult   2: 1048576 op, 580924400.00 ns, 554.0127 ns/op
WorkloadResult   3: 1048576 op, 586059600.00 ns, 558.9100 ns/op
WorkloadResult   4: 1048576 op, 578549700.00 ns, 551.7480 ns/op
WorkloadResult   5: 1048576 op, 575708300.00 ns, 549.0382 ns/op
WorkloadResult   6: 1048576 op, 586899400.00 ns, 559.7109 ns/op
WorkloadResult   7: 1048576 op, 588433100.00 ns, 561.1735 ns/op
WorkloadResult   8: 1048576 op, 581562800.00 ns, 554.6215 ns/op
WorkloadResult   9: 1048576 op, 582929500.00 ns, 555.9249 ns/op
WorkloadResult  10: 1048576 op, 586861400.00 ns, 559.6746 ns/op
WorkloadResult  11: 1048576 op, 584844100.00 ns, 557.7508 ns/op
WorkloadResult  12: 1048576 op, 587679800.00 ns, 560.4551 ns/op
WorkloadResult  13: 1048576 op, 578353600.00 ns, 551.5610 ns/op
WorkloadResult  14: 1048576 op, 582056000.00 ns, 555.0919 ns/op
// GC:  85 0 0 1602224128 1048576
// Threading:  0 0 1048576

// AfterAll
// Benchmark Process 7280 has exited with code 0.

Mean = 555.840 ns, StdErr = 1.031 ns (0.19%), N = 14, StdDev = 3.857 ns
Min = 549.038 ns, Q1 = 552.564 ns, Median = 555.508 ns, Q3 = 559.483 ns, Max = 561.174 ns
IQR = 6.920 ns, LowerFence = 542.184 ns, UpperFence = 569.863 ns
ConfidenceInterval = [551.489 ns; 560.190 ns] (CI 99.9%), Margin = 4.350 ns (0.78% of Mean)
Skewness = -0.15, Kurtosis = 1.54, MValue = 2

// ** Remained 0 (0,0 %) benchmark(s) to run. Estimated finish 2026-02-08 15:31 (0h 0m from now) **
Successfully reverted power plan (GUID: 8c5e7fda-e8bf-4a96-9a85-a6e23a8c635c FriendlyName: Visoka učinkovitost delovanja)
// ***** BenchmarkRunner: Finish  *****

// * Export *
  BenchmarkDotNet.Artifacts\results\ObjectSerialization.Benchmarks-report.csv
  BenchmarkDotNet.Artifacts\results\ObjectSerialization.Benchmarks-report-github.md
  BenchmarkDotNet.Artifacts\results\ObjectSerialization.Benchmarks-report.html
  BenchmarkDotNet.Artifacts\results\ObjectSerialization.Benchmarks-report-full.json

// * Detailed results *
Benchmarks.Json: .NET 10.0(Runtime=.NET 10.0) [Model=EnormousModel]
Runtime = .NET 10.0.2 (10.0.2, 10.0.225.61305), X64 RyuJIT x86-64-v3; GC = Concurrent Workstation
Mean = 1.958 μs, StdErr = 0.004 μs (0.20%), N = 15, StdDev = 0.015 μs
Min = 1.932 μs, Q1 = 1.950 μs, Median = 1.960 μs, Q3 = 1.967 μs, Max = 1.983 μs
IQR = 0.018 μs, LowerFence = 1.923 μs, UpperFence = 1.994 μs
ConfidenceInterval = [1.942 μs; 1.974 μs] (CI 99.9%), Margin = 0.016 μs (0.81% of Mean)
Skewness = -0.31, Kurtosis = 2.09, MValue = 2
-------------------- Histogram --------------------
[1.924 μs ; 1.991 μs) | @@@@@@@@@@@@@@@
---------------------------------------------------

Benchmarks.SplitStringInterpolation: .NET 10.0(Runtime=.NET 10.0) [Model=EnormousModel]
Runtime = .NET 10.0.2 (10.0.2, 10.0.225.61305), X64 RyuJIT x86-64-v3; GC = Concurrent Workstation
Mean = 2.496 μs, StdErr = 0.004 μs (0.14%), N = 13, StdDev = 0.013 μs
Min = 2.473 μs, Q1 = 2.492 μs, Median = 2.495 μs, Q3 = 2.500 μs, Max = 2.517 μs
IQR = 0.008 μs, LowerFence = 2.479 μs, UpperFence = 2.512 μs
ConfidenceInterval = [2.481 μs; 2.511 μs] (CI 99.9%), Margin = 0.015 μs (0.61% of Mean)
Skewness = 0.01, Kurtosis = 2.28, MValue = 2
-------------------- Histogram --------------------
[2.468 μs ; 2.518 μs) | @@@@@@@@@@@@@
---------------------------------------------------

Benchmarks.StringJoinDynamic: .NET 10.0(Runtime=.NET 10.0) [Model=EnormousModel]
Runtime = .NET 10.0.2 (10.0.2, 10.0.225.61305), X64 RyuJIT x86-64-v3; GC = Concurrent Workstation
Mean = 3.664 μs, StdErr = 0.006 μs (0.15%), N = 15, StdDev = 0.022 μs
Min = 3.639 μs, Q1 = 3.645 μs, Median = 3.658 μs, Q3 = 3.684 μs, Max = 3.701 μs
IQR = 0.039 μs, LowerFence = 3.586 μs, UpperFence = 3.742 μs
ConfidenceInterval = [3.641 μs; 3.687 μs] (CI 99.9%), Margin = 0.023 μs (0.63% of Mean)
Skewness = 0.49, Kurtosis = 1.53, MValue = 2
-------------------- Histogram --------------------
[3.628 μs ; 3.712 μs) | @@@@@@@@@@@@@@@
---------------------------------------------------

Benchmarks.StringBuilderWithAppends: .NET 10.0(Runtime=.NET 10.0) [Model=EnormousModel]
Runtime = .NET 10.0.2 (10.0.2, 10.0.225.61305), X64 RyuJIT x86-64-v3; GC = Concurrent Workstation
Mean = 3.280 μs, StdErr = 0.004 μs (0.12%), N = 15, StdDev = 0.016 μs
Min = 3.247 μs, Q1 = 3.268 μs, Median = 3.284 μs, Q3 = 3.287 μs, Max = 3.306 μs
IQR = 0.019 μs, LowerFence = 3.240 μs, UpperFence = 3.316 μs
ConfidenceInterval = [3.263 μs; 3.296 μs] (CI 99.9%), Margin = 0.017 μs (0.51% of Mean)
Skewness = -0.26, Kurtosis = 2.27, MValue = 2
-------------------- Histogram --------------------
[3.239 μs ; 3.314 μs) | @@@@@@@@@@@@@@@
---------------------------------------------------

Benchmarks.StringBuilderWithInterpolatedAppends: .NET 10.0(Runtime=.NET 10.0) [Model=EnormousModel]
Runtime = .NET 10.0.2 (10.0.2, 10.0.225.61305), X64 RyuJIT x86-64-v3; GC = Concurrent Workstation
Mean = 3.349 μs, StdErr = 0.004 μs (0.13%), N = 15, StdDev = 0.017 μs
Min = 3.329 μs, Q1 = 3.337 μs, Median = 3.344 μs, Q3 = 3.358 μs, Max = 3.385 μs
IQR = 0.021 μs, LowerFence = 3.305 μs, UpperFence = 3.390 μs
ConfidenceInterval = [3.331 μs; 3.368 μs] (CI 99.9%), Margin = 0.018 μs (0.55% of Mean)
Skewness = 0.63, Kurtosis = 2.16, MValue = 2
-------------------- Histogram --------------------
[3.320 μs ; 3.394 μs) | @@@@@@@@@@@@@@@
---------------------------------------------------

Benchmarks.StringBuilderWithAppendsAndPresetCapacity: .NET 10.0(Runtime=.NET 10.0) [Model=EnormousModel]
Runtime = .NET 10.0.2 (10.0.2, 10.0.225.61305), X64 RyuJIT x86-64-v3; GC = Concurrent Workstation
Mean = 3.281 μs, StdErr = 0.003 μs (0.09%), N = 13, StdDev = 0.010 μs
Min = 3.261 μs, Q1 = 3.277 μs, Median = 3.281 μs, Q3 = 3.286 μs, Max = 3.296 μs
IQR = 0.009 μs, LowerFence = 3.263 μs, UpperFence = 3.299 μs
ConfidenceInterval = [3.269 μs; 3.293 μs] (CI 99.9%), Margin = 0.012 μs (0.37% of Mean)
Skewness = -0.24, Kurtosis = 2.27, MValue = 2
-------------------- Histogram --------------------
[3.255 μs ; 3.302 μs) | @@@@@@@@@@@@@
---------------------------------------------------

Benchmarks.StringBuilderWithInterpolatedAppendsAndPresetCapacity: .NET 10.0(Runtime=.NET 10.0) [Model=EnormousModel]
Runtime = .NET 10.0.2 (10.0.2, 10.0.225.61305), X64 RyuJIT x86-64-v3; GC = Concurrent Workstation
Mean = 3.240 μs, StdErr = 0.003 μs (0.09%), N = 15, StdDev = 0.011 μs
Min = 3.217 μs, Q1 = 3.234 μs, Median = 3.238 μs, Q3 = 3.247 μs, Max = 3.261 μs
IQR = 0.013 μs, LowerFence = 3.215 μs, UpperFence = 3.266 μs
ConfidenceInterval = [3.228 μs; 3.252 μs] (CI 99.9%), Margin = 0.012 μs (0.38% of Mean)
Skewness = 0.07, Kurtosis = 2.54, MValue = 2
-------------------- Histogram --------------------
[3.210 μs ; 3.268 μs) | @@@@@@@@@@@@@@@
---------------------------------------------------

Benchmarks.Json: .NET 8.0(Runtime=.NET 8.0) [Model=EnormousModel]
Runtime = .NET 8.0.23 (8.0.23, 8.0.2325.60607), X64 RyuJIT x86-64-v3; GC = Concurrent Workstation
Mean = 2.332 μs, StdErr = 0.005 μs (0.21%), N = 15, StdDev = 0.019 μs
Min = 2.306 μs, Q1 = 2.320 μs, Median = 2.328 μs, Q3 = 2.342 μs, Max = 2.371 μs
IQR = 0.022 μs, LowerFence = 2.288 μs, UpperFence = 2.375 μs
ConfidenceInterval = [2.312 μs; 2.353 μs] (CI 99.9%), Margin = 0.021 μs (0.88% of Mean)
Skewness = 0.49, Kurtosis = 2.07, MValue = 2
-------------------- Histogram --------------------
[2.304 μs ; 2.382 μs) | @@@@@@@@@@@@@@@
---------------------------------------------------

Benchmarks.SplitStringInterpolation: .NET 8.0(Runtime=.NET 8.0) [Model=EnormousModel]
Runtime = .NET 8.0.23 (8.0.23, 8.0.2325.60607), X64 RyuJIT x86-64-v3; GC = Concurrent Workstation
Mean = 2.788 μs, StdErr = 0.005 μs (0.20%), N = 14, StdDev = 0.020 μs
Min = 2.752 μs, Q1 = 2.776 μs, Median = 2.787 μs, Q3 = 2.794 μs, Max = 2.824 μs
IQR = 0.018 μs, LowerFence = 2.750 μs, UpperFence = 2.820 μs
ConfidenceInterval = [2.765 μs; 2.811 μs] (CI 99.9%), Margin = 0.023 μs (0.82% of Mean)
Skewness = 0.23, Kurtosis = 2.28, MValue = 2
-------------------- Histogram --------------------
[2.741 μs ; 2.835 μs) | @@@@@@@@@@@@@@
---------------------------------------------------

Benchmarks.StringJoinDynamic: .NET 8.0(Runtime=.NET 8.0) [Model=EnormousModel]
Runtime = .NET 8.0.23 (8.0.23, 8.0.2325.60607), X64 RyuJIT x86-64-v3; GC = Concurrent Workstation
Mean = 4.691 μs, StdErr = 0.005 μs (0.11%), N = 15, StdDev = 0.019 μs
Min = 4.666 μs, Q1 = 4.673 μs, Median = 4.693 μs, Q3 = 4.706 μs, Max = 4.724 μs
IQR = 0.033 μs, LowerFence = 4.623 μs, UpperFence = 4.755 μs
ConfidenceInterval = [4.670 μs; 4.711 μs] (CI 99.9%), Margin = 0.020 μs (0.43% of Mean)
Skewness = 0.25, Kurtosis = 1.46, MValue = 2
-------------------- Histogram --------------------
[4.656 μs ; 4.734 μs) | @@@@@@@@@@@@@@@
---------------------------------------------------

Benchmarks.StringBuilderWithAppends: .NET 8.0(Runtime=.NET 8.0) [Model=EnormousModel]
Runtime = .NET 8.0.23 (8.0.23, 8.0.2325.60607), X64 RyuJIT x86-64-v3; GC = Concurrent Workstation
Mean = 4.325 μs, StdErr = 0.006 μs (0.15%), N = 14, StdDev = 0.024 μs
Min = 4.279 μs, Q1 = 4.315 μs, Median = 4.321 μs, Q3 = 4.345 μs, Max = 4.360 μs
IQR = 0.030 μs, LowerFence = 4.271 μs, UpperFence = 4.390 μs
ConfidenceInterval = [4.298 μs; 4.351 μs] (CI 99.9%), Margin = 0.027 μs (0.62% of Mean)
Skewness = -0.27, Kurtosis = 2.03, MValue = 2
-------------------- Histogram --------------------
[4.272 μs ; 4.373 μs) | @@@@@@@@@@@@@@
---------------------------------------------------

Benchmarks.StringBuilderWithInterpolatedAppends: .NET 8.0(Runtime=.NET 8.0) [Model=EnormousModel]
Runtime = .NET 8.0.23 (8.0.23, 8.0.2325.60607), X64 RyuJIT x86-64-v3; GC = Concurrent Workstation
Mean = 4.413 μs, StdErr = 0.004 μs (0.10%), N = 15, StdDev = 0.017 μs
Min = 4.378 μs, Q1 = 4.408 μs, Median = 4.413 μs, Q3 = 4.422 μs, Max = 4.439 μs
IQR = 0.014 μs, LowerFence = 4.386 μs, UpperFence = 4.444 μs
ConfidenceInterval = [4.395 μs; 4.431 μs] (CI 99.9%), Margin = 0.018 μs (0.41% of Mean)
Skewness = -0.49, Kurtosis = 2.67, MValue = 2
-------------------- Histogram --------------------
[4.369 μs ; 4.448 μs) | @@@@@@@@@@@@@@@
---------------------------------------------------

Benchmarks.StringBuilderWithAppendsAndPresetCapacity: .NET 8.0(Runtime=.NET 8.0) [Model=EnormousModel]
Runtime = .NET 8.0.23 (8.0.23, 8.0.2325.60607), X64 RyuJIT x86-64-v3; GC = Concurrent Workstation
Mean = 4.369 μs, StdErr = 0.005 μs (0.11%), N = 13, StdDev = 0.017 μs
Min = 4.342 μs, Q1 = 4.359 μs, Median = 4.368 μs, Q3 = 4.381 μs, Max = 4.396 μs
IQR = 0.021 μs, LowerFence = 4.328 μs, UpperFence = 4.412 μs
ConfidenceInterval = [4.348 μs; 4.390 μs] (CI 99.9%), Margin = 0.021 μs (0.47% of Mean)
Skewness = -0.02, Kurtosis = 1.75, MValue = 2
-------------------- Histogram --------------------
[4.332 μs ; 4.406 μs) | @@@@@@@@@@@@@
---------------------------------------------------

Benchmarks.StringBuilderWithInterpolatedAppendsAndPresetCapacity: .NET 8.0(Runtime=.NET 8.0) [Model=EnormousModel]
Runtime = .NET 8.0.23 (8.0.23, 8.0.2325.60607), X64 RyuJIT x86-64-v3; GC = Concurrent Workstation
Mean = 4.292 μs, StdErr = 0.009 μs (0.20%), N = 15, StdDev = 0.034 μs
Min = 4.225 μs, Q1 = 4.272 μs, Median = 4.298 μs, Q3 = 4.315 μs, Max = 4.341 μs
IQR = 0.043 μs, LowerFence = 4.206 μs, UpperFence = 4.380 μs
ConfidenceInterval = [4.255 μs; 4.328 μs] (CI 99.9%), Margin = 0.036 μs (0.85% of Mean)
Skewness = -0.46, Kurtosis = 1.99, MValue = 2
-------------------- Histogram --------------------
[4.207 μs ; 4.359 μs) | @@@@@@@@@@@@@@@
---------------------------------------------------

Benchmarks.Json: .NET 10.0(Runtime=.NET 10.0) [Model=LargeModel]
Runtime = .NET 10.0.2 (10.0.2, 10.0.225.61305), X64 RyuJIT x86-64-v3; GC = Concurrent Workstation
Mean = 999.578 ns, StdErr = 1.608 ns (0.16%), N = 13, StdDev = 5.797 ns
Min = 993.377 ns, Q1 = 995.507 ns, Median = 998.495 ns, Q3 = 1,001.981 ns, Max = 1,013.766 ns
IQR = 6.474 ns, LowerFence = 985.796 ns, UpperFence = 1,011.692 ns
ConfidenceInterval = [992.636 ns; 1,006.520 ns] (CI 99.9%), Margin = 6.942 ns (0.69% of Mean)
Skewness = 1.1, Kurtosis = 3.22, MValue = 2
-------------------- Histogram --------------------
[990.141 ns ; 1,017.001 ns) | @@@@@@@@@@@@@
---------------------------------------------------

Benchmarks.SplitStringInterpolation: .NET 10.0(Runtime=.NET 10.0) [Model=LargeModel]
Runtime = .NET 10.0.2 (10.0.2, 10.0.225.61305), X64 RyuJIT x86-64-v3; GC = Concurrent Workstation
Mean = 1.156 μs, StdErr = 0.001 μs (0.10%), N = 15, StdDev = 0.005 μs
Min = 1.146 μs, Q1 = 1.153 μs, Median = 1.157 μs, Q3 = 1.159 μs, Max = 1.162 μs
IQR = 0.006 μs, LowerFence = 1.143 μs, UpperFence = 1.168 μs
ConfidenceInterval = [1.151 μs; 1.160 μs] (CI 99.9%), Margin = 0.005 μs (0.42% of Mean)
Skewness = -0.44, Kurtosis = 1.96, MValue = 2
-------------------- Histogram --------------------
[1.144 μs ; 1.164 μs) | @@@@@@@@@@@@@@@
---------------------------------------------------

Benchmarks.StringJoinDynamic: .NET 10.0(Runtime=.NET 10.0) [Model=LargeModel]
Runtime = .NET 10.0.2 (10.0.2, 10.0.225.61305), X64 RyuJIT x86-64-v3; GC = Concurrent Workstation
Mean = 1.890 μs, StdErr = 0.002 μs (0.08%), N = 14, StdDev = 0.006 μs
Min = 1.872 μs, Q1 = 1.890 μs, Median = 1.892 μs, Q3 = 1.893 μs, Max = 1.897 μs
IQR = 0.004 μs, LowerFence = 1.884 μs, UpperFence = 1.899 μs
ConfidenceInterval = [1.884 μs; 1.897 μs] (CI 99.9%), Margin = 0.007 μs (0.35% of Mean)
Skewness = -1.89, Kurtosis = 6.46, MValue = 2
-------------------- Histogram --------------------
[1.869 μs ; 1.901 μs) | @@@@@@@@@@@@@@
---------------------------------------------------

Benchmarks.StringBuilderWithAppends: .NET 10.0(Runtime=.NET 10.0) [Model=LargeModel]
Runtime = .NET 10.0.2 (10.0.2, 10.0.225.61305), X64 RyuJIT x86-64-v3; GC = Concurrent Workstation
Mean = 1.721 μs, StdErr = 0.002 μs (0.09%), N = 15, StdDev = 0.006 μs
Min = 1.711 μs, Q1 = 1.717 μs, Median = 1.721 μs, Q3 = 1.726 μs, Max = 1.730 μs
IQR = 0.009 μs, LowerFence = 1.704 μs, UpperFence = 1.739 μs
ConfidenceInterval = [1.715 μs; 1.728 μs] (CI 99.9%), Margin = 0.006 μs (0.37% of Mean)
Skewness = -0.07, Kurtosis = 1.6, MValue = 2
-------------------- Histogram --------------------
[1.708 μs ; 1.734 μs) | @@@@@@@@@@@@@@@
---------------------------------------------------

Benchmarks.StringBuilderWithInterpolatedAppends: .NET 10.0(Runtime=.NET 10.0) [Model=LargeModel]
Runtime = .NET 10.0.2 (10.0.2, 10.0.225.61305), X64 RyuJIT x86-64-v3; GC = Concurrent Workstation
Mean = 1.734 μs, StdErr = 0.001 μs (0.08%), N = 14, StdDev = 0.005 μs
Min = 1.721 μs, Q1 = 1.732 μs, Median = 1.734 μs, Q3 = 1.738 μs, Max = 1.740 μs
IQR = 0.005 μs, LowerFence = 1.724 μs, UpperFence = 1.746 μs
ConfidenceInterval = [1.727 μs; 1.740 μs] (CI 99.9%), Margin = 0.006 μs (0.35% of Mean)
Skewness = -0.84, Kurtosis = 2.87, MValue = 2
-------------------- Histogram --------------------
[1.718 μs ; 1.743 μs) | @@@@@@@@@@@@@@
---------------------------------------------------

Benchmarks.StringBuilderWithAppendsAndPresetCapacity: .NET 10.0(Runtime=.NET 10.0) [Model=LargeModel]
Runtime = .NET 10.0.2 (10.0.2, 10.0.225.61305), X64 RyuJIT x86-64-v3; GC = Concurrent Workstation
Mean = 1.738 μs, StdErr = 0.001 μs (0.05%), N = 13, StdDev = 0.003 μs
Min = 1.730 μs, Q1 = 1.737 μs, Median = 1.739 μs, Q3 = 1.740 μs, Max = 1.743 μs
IQR = 0.003 μs, LowerFence = 1.733 μs, UpperFence = 1.744 μs
ConfidenceInterval = [1.734 μs; 1.742 μs] (CI 99.9%), Margin = 0.004 μs (0.23% of Mean)
Skewness = -0.7, Kurtosis = 2.84, MValue = 2
-------------------- Histogram --------------------
[1.729 μs ; 1.745 μs) | @@@@@@@@@@@@@
---------------------------------------------------

Benchmarks.StringBuilderWithInterpolatedAppendsAndPresetCapacity: .NET 10.0(Runtime=.NET 10.0) [Model=LargeModel]
Runtime = .NET 10.0.2 (10.0.2, 10.0.225.61305), X64 RyuJIT x86-64-v3; GC = Concurrent Workstation
Mean = 1.674 μs, StdErr = 0.002 μs (0.10%), N = 13, StdDev = 0.006 μs
Min = 1.668 μs, Q1 = 1.669 μs, Median = 1.671 μs, Q3 = 1.677 μs, Max = 1.687 μs
IQR = 0.008 μs, LowerFence = 1.658 μs, UpperFence = 1.688 μs
ConfidenceInterval = [1.666 μs; 1.681 μs] (CI 99.9%), Margin = 0.007 μs (0.43% of Mean)
Skewness = 0.87, Kurtosis = 2.34, MValue = 2
-------------------- Histogram --------------------
[1.665 μs ; 1.690 μs) | @@@@@@@@@@@@@
---------------------------------------------------

Benchmarks.Json: .NET 8.0(Runtime=.NET 8.0) [Model=LargeModel]
Runtime = .NET 8.0.23 (8.0.23, 8.0.2325.60607), X64 RyuJIT x86-64-v3; GC = Concurrent Workstation
Mean = 1.198 μs, StdErr = 0.001 μs (0.12%), N = 15, StdDev = 0.005 μs
Min = 1.188 μs, Q1 = 1.195 μs, Median = 1.197 μs, Q3 = 1.201 μs, Max = 1.208 μs
IQR = 0.006 μs, LowerFence = 1.186 μs, UpperFence = 1.210 μs
ConfidenceInterval = [1.192 μs; 1.204 μs] (CI 99.9%), Margin = 0.006 μs (0.48% of Mean)
Skewness = 0.02, Kurtosis = 2.19, MValue = 2
-------------------- Histogram --------------------
[1.185 μs ; 1.209 μs) | @@@@@@@@@@@@@@@
---------------------------------------------------

Benchmarks.SplitStringInterpolation: .NET 8.0(Runtime=.NET 8.0) [Model=LargeModel]
Runtime = .NET 8.0.23 (8.0.23, 8.0.2325.60607), X64 RyuJIT x86-64-v3; GC = Concurrent Workstation
Mean = 1.345 μs, StdErr = 0.002 μs (0.14%), N = 13, StdDev = 0.007 μs
Min = 1.336 μs, Q1 = 1.340 μs, Median = 1.343 μs, Q3 = 1.348 μs, Max = 1.358 μs
IQR = 0.008 μs, LowerFence = 1.329 μs, UpperFence = 1.360 μs
ConfidenceInterval = [1.337 μs; 1.353 μs] (CI 99.9%), Margin = 0.008 μs (0.60% of Mean)
Skewness = 0.37, Kurtosis = 1.77, MValue = 2
-------------------- Histogram --------------------
[1.332 μs ; 1.361 μs) | @@@@@@@@@@@@@
---------------------------------------------------

Benchmarks.StringJoinDynamic: .NET 8.0(Runtime=.NET 8.0) [Model=LargeModel]
Runtime = .NET 8.0.23 (8.0.23, 8.0.2325.60607), X64 RyuJIT x86-64-v3; GC = Concurrent Workstation
Mean = 2.454 μs, StdErr = 0.003 μs (0.11%), N = 15, StdDev = 0.011 μs
Min = 2.434 μs, Q1 = 2.446 μs, Median = 2.453 μs, Q3 = 2.461 μs, Max = 2.474 μs
IQR = 0.015 μs, LowerFence = 2.424 μs, UpperFence = 2.483 μs
ConfidenceInterval = [2.442 μs; 2.465 μs] (CI 99.9%), Margin = 0.011 μs (0.47% of Mean)
Skewness = 0.07, Kurtosis = 2.06, MValue = 2
-------------------- Histogram --------------------
[2.428 μs ; 2.480 μs) | @@@@@@@@@@@@@@@
---------------------------------------------------

Benchmarks.StringBuilderWithAppends: .NET 8.0(Runtime=.NET 8.0) [Model=LargeModel]
Runtime = .NET 8.0.23 (8.0.23, 8.0.2325.60607), X64 RyuJIT x86-64-v3; GC = Concurrent Workstation
Mean = 2.209 μs, StdErr = 0.004 μs (0.17%), N = 13, StdDev = 0.014 μs
Min = 2.193 μs, Q1 = 2.200 μs, Median = 2.207 μs, Q3 = 2.215 μs, Max = 2.241 μs
IQR = 0.016 μs, LowerFence = 2.176 μs, UpperFence = 2.239 μs
ConfidenceInterval = [2.192 μs; 2.225 μs] (CI 99.9%), Margin = 0.016 μs (0.74% of Mean)
Skewness = 0.81, Kurtosis = 3.01, MValue = 2
-------------------- Histogram --------------------
[2.186 μs ; 2.249 μs) | @@@@@@@@@@@@@
---------------------------------------------------

Benchmarks.StringBuilderWithInterpolatedAppends: .NET 8.0(Runtime=.NET 8.0) [Model=LargeModel]
Runtime = .NET 8.0.23 (8.0.23, 8.0.2325.60607), X64 RyuJIT x86-64-v3; GC = Concurrent Workstation
Mean = 2.290 μs, StdErr = 0.003 μs (0.14%), N = 15, StdDev = 0.012 μs
Min = 2.276 μs, Q1 = 2.279 μs, Median = 2.287 μs, Q3 = 2.298 μs, Max = 2.311 μs
IQR = 0.019 μs, LowerFence = 2.251 μs, UpperFence = 2.326 μs
ConfidenceInterval = [2.277 μs; 2.303 μs] (CI 99.9%), Margin = 0.013 μs (0.56% of Mean)
Skewness = 0.49, Kurtosis = 1.65, MValue = 2
-------------------- Histogram --------------------
[2.269 μs ; 2.317 μs) | @@@@@@@@@@@@@@@
---------------------------------------------------

Benchmarks.StringBuilderWithAppendsAndPresetCapacity: .NET 8.0(Runtime=.NET 8.0) [Model=LargeModel]
Runtime = .NET 8.0.23 (8.0.23, 8.0.2325.60607), X64 RyuJIT x86-64-v3; GC = Concurrent Workstation
Mean = 2.249 μs, StdErr = 0.003 μs (0.15%), N = 15, StdDev = 0.013 μs
Min = 2.230 μs, Q1 = 2.237 μs, Median = 2.250 μs, Q3 = 2.260 μs, Max = 2.271 μs
IQR = 0.023 μs, LowerFence = 2.203 μs, UpperFence = 2.294 μs
ConfidenceInterval = [2.235 μs; 2.264 μs] (CI 99.9%), Margin = 0.014 μs (0.64% of Mean)
Skewness = -0.07, Kurtosis = 1.49, MValue = 2
-------------------- Histogram --------------------
[2.222 μs ; 2.278 μs) | @@@@@@@@@@@@@@@
---------------------------------------------------

Benchmarks.StringBuilderWithInterpolatedAppendsAndPresetCapacity: .NET 8.0(Runtime=.NET 8.0) [Model=LargeModel]
Runtime = .NET 8.0.23 (8.0.23, 8.0.2325.60607), X64 RyuJIT x86-64-v3; GC = Concurrent Workstation
Mean = 2.323 μs, StdErr = 0.004 μs (0.15%), N = 15, StdDev = 0.014 μs
Min = 2.303 μs, Q1 = 2.313 μs, Median = 2.321 μs, Q3 = 2.333 μs, Max = 2.349 μs
IQR = 0.020 μs, LowerFence = 2.283 μs, UpperFence = 2.363 μs
ConfidenceInterval = [2.309 μs; 2.338 μs] (CI 99.9%), Margin = 0.015 μs (0.63% of Mean)
Skewness = 0.27, Kurtosis = 1.74, MValue = 2
-------------------- Histogram --------------------
[2.296 μs ; 2.356 μs) | @@@@@@@@@@@@@@@
---------------------------------------------------

Benchmarks.Json: .NET 10.0(Runtime=.NET 10.0) [Model=MediumModel]
Runtime = .NET 10.0.2 (10.0.2, 10.0.225.61305), X64 RyuJIT x86-64-v3; GC = Concurrent Workstation
Mean = 388.277 ns, StdErr = 0.285 ns (0.07%), N = 15, StdDev = 1.105 ns
Min = 386.826 ns, Q1 = 387.547 ns, Median = 388.157 ns, Q3 = 388.676 ns, Max = 390.341 ns
IQR = 1.128 ns, LowerFence = 385.855 ns, UpperFence = 390.368 ns
ConfidenceInterval = [387.095 ns; 389.459 ns] (CI 99.9%), Margin = 1.182 ns (0.30% of Mean)
Skewness = 0.56, Kurtosis = 2.17, MValue = 2
-------------------- Histogram --------------------
[386.237 ns ; 390.930 ns) | @@@@@@@@@@@@@@@
---------------------------------------------------

Benchmarks.SplitStringInterpolation: .NET 10.0(Runtime=.NET 10.0) [Model=MediumModel]
Runtime = .NET 10.0.2 (10.0.2, 10.0.225.61305), X64 RyuJIT x86-64-v3; GC = Concurrent Workstation
Mean = 390.983 ns, StdErr = 0.509 ns (0.13%), N = 14, StdDev = 1.904 ns
Min = 386.773 ns, Q1 = 390.037 ns, Median = 391.073 ns, Q3 = 391.819 ns, Max = 394.364 ns
IQR = 1.783 ns, LowerFence = 387.363 ns, UpperFence = 394.493 ns
ConfidenceInterval = [388.835 ns; 393.131 ns] (CI 99.9%), Margin = 2.148 ns (0.55% of Mean)
Skewness = -0.26, Kurtosis = 2.77, MValue = 2
-------------------- Histogram --------------------
[385.736 ns ; 394.869 ns) | @@@@@@@@@@@@@@
---------------------------------------------------

Benchmarks.StringJoinDynamic: .NET 10.0(Runtime=.NET 10.0) [Model=MediumModel]
Runtime = .NET 10.0.2 (10.0.2, 10.0.225.61305), X64 RyuJIT x86-64-v3; GC = Concurrent Workstation
Mean = 693.856 ns, StdErr = 0.764 ns (0.11%), N = 14, StdDev = 2.860 ns
Min = 689.080 ns, Q1 = 691.758 ns, Median = 693.836 ns, Q3 = 696.495 ns, Max = 697.940 ns
IQR = 4.737 ns, LowerFence = 684.653 ns, UpperFence = 703.600 ns
ConfidenceInterval = [690.630 ns; 697.082 ns] (CI 99.9%), Margin = 3.226 ns (0.46% of Mean)
Skewness = -0.11, Kurtosis = 1.62, MValue = 2
-------------------- Histogram --------------------
[687.523 ns ; 699.498 ns) | @@@@@@@@@@@@@@
---------------------------------------------------

Benchmarks.StringBuilderWithAppends: .NET 10.0(Runtime=.NET 10.0) [Model=MediumModel]
Runtime = .NET 10.0.2 (10.0.2, 10.0.225.61305), X64 RyuJIT x86-64-v3; GC = Concurrent Workstation
Mean = 737.480 ns, StdErr = 1.710 ns (0.23%), N = 15, StdDev = 6.622 ns
Min = 728.777 ns, Q1 = 733.117 ns, Median = 736.902 ns, Q3 = 741.925 ns, Max = 750.664 ns
IQR = 8.808 ns, LowerFence = 719.905 ns, UpperFence = 755.137 ns
ConfidenceInterval = [730.400 ns; 744.559 ns] (CI 99.9%), Margin = 7.080 ns (0.96% of Mean)
Skewness = 0.51, Kurtosis = 2.02, MValue = 2
-------------------- Histogram --------------------
[726.696 ns ; 754.189 ns) | @@@@@@@@@@@@@@@
---------------------------------------------------

Benchmarks.StringBuilderWithInterpolatedAppends: .NET 10.0(Runtime=.NET 10.0) [Model=MediumModel]
Runtime = .NET 10.0.2 (10.0.2, 10.0.225.61305), X64 RyuJIT x86-64-v3; GC = Concurrent Workstation
Mean = 732.877 ns, StdErr = 1.384 ns (0.19%), N = 14, StdDev = 5.180 ns
Min = 722.286 ns, Q1 = 729.513 ns, Median = 734.347 ns, Q3 = 735.996 ns, Max = 742.939 ns
IQR = 6.483 ns, LowerFence = 719.789 ns, UpperFence = 745.720 ns
ConfidenceInterval = [727.034 ns; 738.720 ns] (CI 99.9%), Margin = 5.843 ns (0.80% of Mean)
Skewness = -0.21, Kurtosis = 2.54, MValue = 2
-------------------- Histogram --------------------
[719.465 ns ; 745.760 ns) | @@@@@@@@@@@@@@
---------------------------------------------------

Benchmarks.StringBuilderWithAppendsAndPresetCapacity: .NET 10.0(Runtime=.NET 10.0) [Model=MediumModel]
Runtime = .NET 10.0.2 (10.0.2, 10.0.225.61305), X64 RyuJIT x86-64-v3; GC = Concurrent Workstation
Mean = 665.044 ns, StdErr = 1.759 ns (0.26%), N = 15, StdDev = 6.814 ns
Min = 656.691 ns, Q1 = 660.512 ns, Median = 662.796 ns, Q3 = 669.789 ns, Max = 680.651 ns
IQR = 9.277 ns, LowerFence = 646.597 ns, UpperFence = 683.703 ns
ConfidenceInterval = [657.759 ns; 672.328 ns] (CI 99.9%), Margin = 7.285 ns (1.10% of Mean)
Skewness = 0.81, Kurtosis = 2.5, MValue = 2
-------------------- Histogram --------------------
[653.064 ns ; 666.657 ns) | @@@@@@@@@@
[666.657 ns ; 684.278 ns) | @@@@@
---------------------------------------------------

Benchmarks.StringBuilderWithInterpolatedAppendsAndPresetCapacity: .NET 10.0(Runtime=.NET 10.0) [Model=MediumModel]
Runtime = .NET 10.0.2 (10.0.2, 10.0.225.61305), X64 RyuJIT x86-64-v3; GC = Concurrent Workstation
Mean = 611.670 ns, StdErr = 0.643 ns (0.11%), N = 15, StdDev = 2.492 ns
Min = 606.085 ns, Q1 = 610.079 ns, Median = 612.093 ns, Q3 = 613.482 ns, Max = 614.963 ns
IQR = 3.402 ns, LowerFence = 604.976 ns, UpperFence = 618.586 ns
ConfidenceInterval = [609.006 ns; 614.334 ns] (CI 99.9%), Margin = 2.664 ns (0.44% of Mean)
Skewness = -0.61, Kurtosis = 2.36, MValue = 2
-------------------- Histogram --------------------
[604.759 ns ; 616.289 ns) | @@@@@@@@@@@@@@@
---------------------------------------------------

Benchmarks.Json: .NET 8.0(Runtime=.NET 8.0) [Model=MediumModel]
Runtime = .NET 8.0.23 (8.0.23, 8.0.2325.60607), X64 RyuJIT x86-64-v3; GC = Concurrent Workstation
Mean = 469.512 ns, StdErr = 0.459 ns (0.10%), N = 13, StdDev = 1.656 ns
Min = 466.038 ns, Q1 = 468.621 ns, Median = 469.766 ns, Q3 = 470.529 ns, Max = 472.223 ns
IQR = 1.908 ns, LowerFence = 465.760 ns, UpperFence = 473.390 ns
ConfidenceInterval = [467.529 ns; 471.496 ns] (CI 99.9%), Margin = 1.983 ns (0.42% of Mean)
Skewness = -0.43, Kurtosis = 2.39, MValue = 2
-------------------- Histogram --------------------
[465.114 ns ; 473.148 ns) | @@@@@@@@@@@@@
---------------------------------------------------

Benchmarks.SplitStringInterpolation: .NET 8.0(Runtime=.NET 8.0) [Model=MediumModel]
Runtime = .NET 8.0.23 (8.0.23, 8.0.2325.60607), X64 RyuJIT x86-64-v3; GC = Concurrent Workstation
Mean = 450.787 ns, StdErr = 0.247 ns (0.05%), N = 14, StdDev = 0.924 ns
Min = 449.393 ns, Q1 = 449.977 ns, Median = 450.779 ns, Q3 = 451.678 ns, Max = 452.144 ns
IQR = 1.701 ns, LowerFence = 447.426 ns, UpperFence = 454.229 ns
ConfidenceInterval = [449.745 ns; 451.829 ns] (CI 99.9%), Margin = 1.042 ns (0.23% of Mean)
Skewness = 0.12, Kurtosis = 1.43, MValue = 2
-------------------- Histogram --------------------
[448.889 ns ; 452.647 ns) | @@@@@@@@@@@@@@
---------------------------------------------------

Benchmarks.StringJoinDynamic: .NET 8.0(Runtime=.NET 8.0) [Model=MediumModel]
Runtime = .NET 8.0.23 (8.0.23, 8.0.2325.60607), X64 RyuJIT x86-64-v3; GC = Concurrent Workstation
Mean = 918.140 ns, StdErr = 0.880 ns (0.10%), N = 14, StdDev = 3.292 ns
Min = 913.840 ns, Q1 = 915.877 ns, Median = 917.382 ns, Q3 = 920.469 ns, Max = 923.789 ns
IQR = 4.592 ns, LowerFence = 908.988 ns, UpperFence = 927.357 ns
ConfidenceInterval = [914.427 ns; 921.854 ns] (CI 99.9%), Margin = 3.713 ns (0.40% of Mean)
Skewness = 0.22, Kurtosis = 1.7, MValue = 2
-------------------- Histogram --------------------
[912.047 ns ; 925.582 ns) | @@@@@@@@@@@@@@
---------------------------------------------------

Benchmarks.StringBuilderWithAppends: .NET 8.0(Runtime=.NET 8.0) [Model=MediumModel]
Runtime = .NET 8.0.23 (8.0.23, 8.0.2325.60607), X64 RyuJIT x86-64-v3; GC = Concurrent Workstation
Mean = 899.466 ns, StdErr = 1.610 ns (0.18%), N = 13, StdDev = 5.806 ns
Min = 889.938 ns, Q1 = 894.838 ns, Median = 900.798 ns, Q3 = 903.607 ns, Max = 908.010 ns
IQR = 8.769 ns, LowerFence = 881.684 ns, UpperFence = 916.761 ns
ConfidenceInterval = [892.513 ns; 906.419 ns] (CI 99.9%), Margin = 6.953 ns (0.77% of Mean)
Skewness = -0.22, Kurtosis = 1.55, MValue = 2
-------------------- Histogram --------------------
[886.697 ns ; 911.251 ns) | @@@@@@@@@@@@@
---------------------------------------------------

Benchmarks.StringBuilderWithInterpolatedAppends: .NET 8.0(Runtime=.NET 8.0) [Model=MediumModel]
Runtime = .NET 8.0.23 (8.0.23, 8.0.2325.60607), X64 RyuJIT x86-64-v3; GC = Concurrent Workstation
Mean = 879.319 ns, StdErr = 0.709 ns (0.08%), N = 15, StdDev = 2.745 ns
Min = 874.640 ns, Q1 = 877.966 ns, Median = 879.331 ns, Q3 = 881.104 ns, Max = 884.813 ns
IQR = 3.138 ns, LowerFence = 873.259 ns, UpperFence = 885.811 ns
ConfidenceInterval = [876.384 ns; 882.253 ns] (CI 99.9%), Margin = 2.934 ns (0.33% of Mean)
Skewness = -0.07, Kurtosis = 2.33, MValue = 2
-------------------- Histogram --------------------
[873.179 ns ; 886.274 ns) | @@@@@@@@@@@@@@@
---------------------------------------------------

Benchmarks.StringBuilderWithAppendsAndPresetCapacity: .NET 8.0(Runtime=.NET 8.0) [Model=MediumModel]
Runtime = .NET 8.0.23 (8.0.23, 8.0.2325.60607), X64 RyuJIT x86-64-v3; GC = Concurrent Workstation
Mean = 833.038 ns, StdErr = 0.539 ns (0.06%), N = 15, StdDev = 2.086 ns
Min = 828.995 ns, Q1 = 831.993 ns, Median = 833.267 ns, Q3 = 834.688 ns, Max = 836.445 ns
IQR = 2.695 ns, LowerFence = 827.951 ns, UpperFence = 838.730 ns
ConfidenceInterval = [830.808 ns; 835.268 ns] (CI 99.9%), Margin = 2.230 ns (0.27% of Mean)
Skewness = -0.19, Kurtosis = 1.97, MValue = 2
-------------------- Histogram --------------------
[827.885 ns ; 837.555 ns) | @@@@@@@@@@@@@@@
---------------------------------------------------

Benchmarks.StringBuilderWithInterpolatedAppendsAndPresetCapacity: .NET 8.0(Runtime=.NET 8.0) [Model=MediumModel]
Runtime = .NET 8.0.23 (8.0.23, 8.0.2325.60607), X64 RyuJIT x86-64-v3; GC = Concurrent Workstation
Mean = 814.933 ns, StdErr = 0.699 ns (0.09%), N = 14, StdDev = 2.615 ns
Min = 809.472 ns, Q1 = 813.954 ns, Median = 815.073 ns, Q3 = 816.704 ns, Max = 818.216 ns
IQR = 2.750 ns, LowerFence = 809.829 ns, UpperFence = 820.829 ns
ConfidenceInterval = [811.983 ns; 817.883 ns] (CI 99.9%), Margin = 2.950 ns (0.36% of Mean)
Skewness = -0.67, Kurtosis = 2.29, MValue = 2
-------------------- Histogram --------------------
[808.048 ns ; 819.640 ns) | @@@@@@@@@@@@@@
---------------------------------------------------

Benchmarks.Json: .NET 10.0(Runtime=.NET 10.0) [Model=SmallModel]
Runtime = .NET 10.0.2 (10.0.2, 10.0.225.61305), X64 RyuJIT x86-64-v3; GC = Concurrent Workstation
Mean = 143.861 ns, StdErr = 0.165 ns (0.11%), N = 14, StdDev = 0.616 ns
Min = 142.652 ns, Q1 = 143.427 ns, Median = 143.923 ns, Q3 = 144.187 ns, Max = 145.034 ns
IQR = 0.760 ns, LowerFence = 142.287 ns, UpperFence = 145.326 ns
ConfidenceInterval = [143.166 ns; 144.556 ns] (CI 99.9%), Margin = 0.695 ns (0.48% of Mean)
Skewness = 0.03, Kurtosis = 2.32, MValue = 2
-------------------- Histogram --------------------
[142.317 ns ; 145.370 ns) | @@@@@@@@@@@@@@
---------------------------------------------------

Benchmarks.SplitStringInterpolation: .NET 10.0(Runtime=.NET 10.0) [Model=SmallModel]
Runtime = .NET 10.0.2 (10.0.2, 10.0.225.61305), X64 RyuJIT x86-64-v3; GC = Concurrent Workstation
Mean = 157.571 ns, StdErr = 0.187 ns (0.12%), N = 15, StdDev = 0.726 ns
Min = 156.392 ns, Q1 = 157.103 ns, Median = 157.687 ns, Q3 = 158.087 ns, Max = 158.478 ns
IQR = 0.984 ns, LowerFence = 155.627 ns, UpperFence = 159.563 ns
ConfidenceInterval = [156.795 ns; 158.347 ns] (CI 99.9%), Margin = 0.776 ns (0.49% of Mean)
Skewness = -0.47, Kurtosis = 1.68, MValue = 2
-------------------- Histogram --------------------
[156.005 ns ; 158.865 ns) | @@@@@@@@@@@@@@@
---------------------------------------------------

Benchmarks.StringJoinDynamic: .NET 10.0(Runtime=.NET 10.0) [Model=SmallModel]
Runtime = .NET 10.0.2 (10.0.2, 10.0.225.61305), X64 RyuJIT x86-64-v3; GC = Concurrent Workstation
Mean = 302.128 ns, StdErr = 0.553 ns (0.18%), N = 15, StdDev = 2.140 ns
Min = 299.697 ns, Q1 = 300.738 ns, Median = 301.117 ns, Q3 = 303.359 ns, Max = 306.817 ns
IQR = 2.622 ns, LowerFence = 296.806 ns, UpperFence = 307.292 ns
ConfidenceInterval = [299.841 ns; 304.416 ns] (CI 99.9%), Margin = 2.288 ns (0.76% of Mean)
Skewness = 0.95, Kurtosis = 2.47, MValue = 2
-------------------- Histogram --------------------
[298.558 ns ; 307.956 ns) | @@@@@@@@@@@@@@@
---------------------------------------------------

Benchmarks.StringBuilderWithAppends: .NET 10.0(Runtime=.NET 10.0) [Model=SmallModel]
Runtime = .NET 10.0.2 (10.0.2, 10.0.225.61305), X64 RyuJIT x86-64-v3; GC = Concurrent Workstation
Mean = 345.728 ns, StdErr = 0.726 ns (0.21%), N = 14, StdDev = 2.716 ns
Min = 339.438 ns, Q1 = 344.530 ns, Median = 345.894 ns, Q3 = 347.119 ns, Max = 349.945 ns
IQR = 2.590 ns, LowerFence = 340.645 ns, UpperFence = 351.004 ns
ConfidenceInterval = [342.665 ns; 348.792 ns] (CI 99.9%), Margin = 3.063 ns (0.89% of Mean)
Skewness = -0.51, Kurtosis = 2.88, MValue = 2
-------------------- Histogram --------------------
[337.959 ns ; 351.424 ns) | @@@@@@@@@@@@@@
---------------------------------------------------

Benchmarks.StringBuilderWithInterpolatedAppends: .NET 10.0(Runtime=.NET 10.0) [Model=SmallModel]
Runtime = .NET 10.0.2 (10.0.2, 10.0.225.61305), X64 RyuJIT x86-64-v3; GC = Concurrent Workstation
Mean = 445.060 ns, StdErr = 0.234 ns (0.05%), N = 14, StdDev = 0.877 ns
Min = 443.770 ns, Q1 = 444.576 ns, Median = 444.830 ns, Q3 = 445.667 ns, Max = 446.866 ns
IQR = 1.091 ns, LowerFence = 442.938 ns, UpperFence = 447.304 ns
ConfidenceInterval = [444.071 ns; 446.050 ns] (CI 99.9%), Margin = 0.989 ns (0.22% of Mean)
Skewness = 0.39, Kurtosis = 2.17, MValue = 2
-------------------- Histogram --------------------
[443.292 ns ; 447.344 ns) | @@@@@@@@@@@@@@
---------------------------------------------------

Benchmarks.StringBuilderWithAppendsAndPresetCapacity: .NET 10.0(Runtime=.NET 10.0) [Model=SmallModel]
Runtime = .NET 10.0.2 (10.0.2, 10.0.225.61305), X64 RyuJIT x86-64-v3; GC = Concurrent Workstation
Mean = 301.729 ns, StdErr = 0.436 ns (0.14%), N = 15, StdDev = 1.687 ns
Min = 298.711 ns, Q1 = 300.709 ns, Median = 302.103 ns, Q3 = 302.991 ns, Max = 304.048 ns
IQR = 2.282 ns, LowerFence = 297.286 ns, UpperFence = 306.413 ns
ConfidenceInterval = [299.926 ns; 303.533 ns] (CI 99.9%), Margin = 1.804 ns (0.60% of Mean)
Skewness = -0.45, Kurtosis = 1.87, MValue = 2
-------------------- Histogram --------------------
[297.813 ns ; 304.946 ns) | @@@@@@@@@@@@@@@
---------------------------------------------------

Benchmarks.StringBuilderWithInterpolatedAppendsAndPresetCapacity: .NET 10.0(Runtime=.NET 10.0) [Model=SmallModel]
Runtime = .NET 10.0.2 (10.0.2, 10.0.225.61305), X64 RyuJIT x86-64-v3; GC = Concurrent Workstation
Mean = 430.393 ns, StdErr = 0.313 ns (0.07%), N = 14, StdDev = 1.172 ns
Min = 429.149 ns, Q1 = 429.485 ns, Median = 429.921 ns, Q3 = 431.226 ns, Max = 432.627 ns
IQR = 1.741 ns, LowerFence = 426.874 ns, UpperFence = 433.837 ns
ConfidenceInterval = [429.070 ns; 431.715 ns] (CI 99.9%), Margin = 1.322 ns (0.31% of Mean)
Skewness = 0.62, Kurtosis = 1.79, MValue = 2
-------------------- Histogram --------------------
[428.511 ns ; 433.266 ns) | @@@@@@@@@@@@@@
---------------------------------------------------

Benchmarks.Json: .NET 8.0(Runtime=.NET 8.0) [Model=SmallModel]
Runtime = .NET 8.0.23 (8.0.23, 8.0.2325.60607), X64 RyuJIT x86-64-v3; GC = Concurrent Workstation
Mean = 172.371 ns, StdErr = 0.284 ns (0.16%), N = 15, StdDev = 1.101 ns
Min = 170.509 ns, Q1 = 171.665 ns, Median = 172.124 ns, Q3 = 173.042 ns, Max = 174.796 ns
IQR = 1.377 ns, LowerFence = 169.599 ns, UpperFence = 175.108 ns
ConfidenceInterval = [171.194 ns; 173.547 ns] (CI 99.9%), Margin = 1.177 ns (0.68% of Mean)
Skewness = 0.42, Kurtosis = 2.48, MValue = 2
-------------------- Histogram --------------------
[170.073 ns ; 175.382 ns) | @@@@@@@@@@@@@@@
---------------------------------------------------

Benchmarks.SplitStringInterpolation: .NET 8.0(Runtime=.NET 8.0) [Model=SmallModel]
Runtime = .NET 8.0.23 (8.0.23, 8.0.2325.60607), X64 RyuJIT x86-64-v3; GC = Concurrent Workstation
Mean = 174.837 ns, StdErr = 0.283 ns (0.16%), N = 15, StdDev = 1.095 ns
Min = 172.963 ns, Q1 = 174.194 ns, Median = 174.326 ns, Q3 = 175.496 ns, Max = 177.061 ns
IQR = 1.302 ns, LowerFence = 172.241 ns, UpperFence = 177.449 ns
ConfidenceInterval = [173.667 ns; 176.007 ns] (CI 99.9%), Margin = 1.170 ns (0.67% of Mean)
Skewness = 0.46, Kurtosis = 2.27, MValue = 2
-------------------- Histogram --------------------
[172.820 ns ; 177.644 ns) | @@@@@@@@@@@@@@@
---------------------------------------------------

Benchmarks.StringJoinDynamic: .NET 8.0(Runtime=.NET 8.0) [Model=SmallModel]
Runtime = .NET 8.0.23 (8.0.23, 8.0.2325.60607), X64 RyuJIT x86-64-v3; GC = Concurrent Workstation
There are not any results runs

Benchmarks.StringBuilderWithAppends: .NET 8.0(Runtime=.NET 8.0) [Model=SmallModel]
Runtime = .NET 8.0.23 (8.0.23, 8.0.2325.60607), X64 RyuJIT x86-64-v3; GC = Concurrent Workstation
Mean = 393.307 ns, StdErr = 0.399 ns (0.10%), N = 12, StdDev = 1.381 ns
Min = 391.016 ns, Q1 = 392.044 ns, Median = 393.777 ns, Q3 = 394.361 ns, Max = 395.003 ns
IQR = 2.317 ns, LowerFence = 388.568 ns, UpperFence = 397.837 ns
ConfidenceInterval = [391.538 ns; 395.077 ns] (CI 99.9%), Margin = 1.769 ns (0.45% of Mean)
Skewness = -0.35, Kurtosis = 1.39, MValue = 2
-------------------- Histogram --------------------
[390.224 ns ; 395.795 ns) | @@@@@@@@@@@@
---------------------------------------------------

Benchmarks.StringBuilderWithInterpolatedAppends: .NET 8.0(Runtime=.NET 8.0) [Model=SmallModel]
Runtime = .NET 8.0.23 (8.0.23, 8.0.2325.60607), X64 RyuJIT x86-64-v3; GC = Concurrent Workstation
Mean = 546.604 ns, StdErr = 0.827 ns (0.15%), N = 14, StdDev = 3.095 ns
Min = 540.819 ns, Q1 = 545.433 ns, Median = 546.585 ns, Q3 = 547.602 ns, Max = 552.413 ns
IQR = 2.169 ns, LowerFence = 542.180 ns, UpperFence = 550.856 ns
ConfidenceInterval = [543.113 ns; 550.096 ns] (CI 99.9%), Margin = 3.491 ns (0.64% of Mean)
Skewness = -0.06, Kurtosis = 2.52, MValue = 2
-------------------- Histogram --------------------
[540.756 ns ; 554.098 ns) | @@@@@@@@@@@@@@
---------------------------------------------------

Benchmarks.StringBuilderWithAppendsAndPresetCapacity: .NET 8.0(Runtime=.NET 8.0) [Model=SmallModel]
Runtime = .NET 8.0.23 (8.0.23, 8.0.2325.60607), X64 RyuJIT x86-64-v3; GC = Concurrent Workstation
Mean = 358.176 ns, StdErr = 0.283 ns (0.08%), N = 13, StdDev = 1.019 ns
Min = 356.562 ns, Q1 = 357.688 ns, Median = 358.063 ns, Q3 = 358.744 ns, Max = 360.288 ns
IQR = 1.056 ns, LowerFence = 356.104 ns, UpperFence = 360.329 ns
ConfidenceInterval = [356.955 ns; 359.396 ns] (CI 99.9%), Margin = 1.221 ns (0.34% of Mean)
Skewness = 0.29, Kurtosis = 2.41, MValue = 2
-------------------- Histogram --------------------
[355.993 ns ; 360.857 ns) | @@@@@@@@@@@@@
---------------------------------------------------

Benchmarks.StringBuilderWithInterpolatedAppendsAndPresetCapacity: .NET 8.0(Runtime=.NET 8.0) [Model=SmallModel]
Runtime = .NET 8.0.23 (8.0.23, 8.0.2325.60607), X64 RyuJIT x86-64-v3; GC = Concurrent Workstation
Mean = 555.840 ns, StdErr = 1.031 ns (0.19%), N = 14, StdDev = 3.857 ns
Min = 549.038 ns, Q1 = 552.564 ns, Median = 555.508 ns, Q3 = 559.483 ns, Max = 561.174 ns
IQR = 6.920 ns, LowerFence = 542.184 ns, UpperFence = 569.863 ns
ConfidenceInterval = [551.489 ns; 560.190 ns] (CI 99.9%), Margin = 4.350 ns (0.78% of Mean)
Skewness = -0.15, Kurtosis = 1.54, MValue = 2
-------------------- Histogram --------------------
[546.938 ns ; 563.274 ns) | @@@@@@@@@@@@@@
---------------------------------------------------

// * Summary *

BenchmarkDotNet v0.15.8, Windows 11 (10.0.26200.7623/25H2/2025Update/HudsonValley2)
Intel Core i9-14900K 3.20GHz, 1 CPU, 32 logical and 24 physical cores
.NET SDK 10.0.102
  [Host]    : .NET 10.0.2 (10.0.2, 10.0.225.61305), X64 RyuJIT x86-64-v3
  .NET 10.0 : .NET 10.0.2 (10.0.2, 10.0.225.61305), X64 RyuJIT x86-64-v3
  .NET 8.0  : .NET 8.0.23 (8.0.23, 8.0.2325.60607), X64 RyuJIT x86-64-v3


| Method                                                | Job       | Runtime   | Model         | Mean       | Error    | StdDev   | Skewness | Kurtosis | Gen0   | Gen1   | Allocated |
|------------------------------------------------------ |---------- |---------- |-------------- |-----------:|---------:|---------:|---------:|---------:|-------:|-------:|----------:|
| Json                                                  | .NET 10.0 | .NET 10.0 | EnormousModel | 1,958.1 ns | 15.92 ns | 14.89 ns |  -0.3071 |    2.090 | 0.3510 |      - |    6664 B |
| SplitStringInterpolation                              | .NET 10.0 | .NET 10.0 | EnormousModel | 2,496.2 ns | 15.26 ns | 12.74 ns |   0.0126 |    2.276 | 0.2861 |      - |    5432 B |
| StringJoinDynamic                                     | .NET 10.0 | .NET 10.0 | EnormousModel | 3,663.7 ns | 23.03 ns | 21.54 ns |   0.4902 |    1.534 | 1.2512 | 0.0229 |   23536 B |
| StringBuilderWithAppends                              | .NET 10.0 | .NET 10.0 | EnormousModel | 3,279.7 ns | 16.59 ns | 15.52 ns |  -0.2638 |    2.271 | 0.9155 | 0.0267 |   17232 B |
| StringBuilderWithInterpolatedAppends                  | .NET 10.0 | .NET 10.0 | EnormousModel | 3,349.5 ns | 18.29 ns | 17.11 ns |   0.6265 |    2.158 | 0.7629 | 0.0229 |   14424 B |
| StringBuilderWithAppendsAndPresetCapacity             | .NET 10.0 | .NET 10.0 | EnormousModel | 3,280.6 ns | 12.14 ns | 10.14 ns |  -0.2385 |    2.269 | 0.9384 | 0.0305 |   17656 B |
| StringBuilderWithInterpolatedAppendsAndPresetCapacity | .NET 10.0 | .NET 10.0 | EnormousModel | 3,240.2 ns | 12.23 ns | 11.44 ns |   0.0714 |    2.543 | 0.7858 | 0.0229 |   14856 B |
| Json                                                  | .NET 8.0  | .NET 8.0  | EnormousModel | 2,332.4 ns | 20.62 ns | 19.29 ns |   0.4852 |    2.065 | 0.3510 |      - |    6664 B |
| SplitStringInterpolation                              | .NET 8.0  | .NET 8.0  | EnormousModel | 2,787.6 ns | 22.96 ns | 20.35 ns |   0.2300 |    2.276 | 0.2861 |      - |    5440 B |
| StringJoinDynamic                                     | .NET 8.0  | .NET 8.0  | EnormousModel | 4,690.6 ns | 20.40 ns | 19.08 ns |   0.2472 |    1.459 | 1.2512 | 0.0076 |   23560 B |
| StringBuilderWithAppends                              | .NET 8.0  | .NET 8.0  | EnormousModel | 4,324.5 ns | 26.69 ns | 23.66 ns |  -0.2682 |    2.028 | 0.9079 | 0.0229 |   17224 B |
| StringBuilderWithInterpolatedAppends                  | .NET 8.0  | .NET 8.0  | EnormousModel | 4,413.3 ns | 17.89 ns | 16.74 ns |  -0.4883 |    2.671 | 0.7629 | 0.0229 |   14424 B |
| StringBuilderWithAppendsAndPresetCapacity             | .NET 8.0  | .NET 8.0  | EnormousModel | 4,369.0 ns | 20.70 ns | 17.28 ns |  -0.0159 |    1.754 | 0.9384 | 0.0305 |   17656 B |
| StringBuilderWithInterpolatedAppendsAndPresetCapacity | .NET 8.0  | .NET 8.0  | EnormousModel | 4,291.5 ns | 36.34 ns | 33.99 ns |  -0.4594 |    1.986 | 0.7858 | 0.0229 |   14848 B |
| Json                                                  | .NET 10.0 | .NET 10.0 | LargeModel    |   999.6 ns |  6.94 ns |  5.80 ns |   1.1000 |    3.217 | 0.1888 |      - |    3576 B |
| SplitStringInterpolation                              | .NET 10.0 | .NET 10.0 | LargeModel    | 1,155.6 ns |  4.85 ns |  4.54 ns |  -0.4447 |    1.956 | 0.1469 |      - |    2792 B |
| StringJoinDynamic                                     | .NET 10.0 | .NET 10.0 | LargeModel    | 1,890.4 ns |  6.64 ns |  5.88 ns |  -1.8925 |    6.463 | 0.6428 | 0.0019 |   12104 B |
| StringBuilderWithAppends                              | .NET 10.0 | .NET 10.0 | LargeModel    | 1,721.3 ns |  6.35 ns |  5.94 ns |  -0.0656 |    1.604 | 0.4387 | 0.0057 |    8256 B |
| StringBuilderWithInterpolatedAppends                  | .NET 10.0 | .NET 10.0 | LargeModel    | 1,733.5 ns |  6.15 ns |  5.46 ns |  -0.8391 |    2.866 | 0.3586 | 0.0038 |    6776 B |
| StringBuilderWithAppendsAndPresetCapacity             | .NET 10.0 | .NET 10.0 | LargeModel    | 1,737.8 ns |  3.99 ns |  3.33 ns |  -0.6991 |    2.837 | 0.4883 | 0.0076 |    9192 B |
| StringBuilderWithInterpolatedAppendsAndPresetCapacity | .NET 10.0 | .NET 10.0 | LargeModel    | 1,673.7 ns |  7.27 ns |  6.07 ns |   0.8717 |    2.337 | 0.4082 | 0.0057 |    7704 B |
| Json                                                  | .NET 8.0  | .NET 8.0  | LargeModel    | 1,198.0 ns |  5.81 ns |  5.43 ns |   0.0170 |    2.191 | 0.1888 |      - |    3560 B |
| SplitStringInterpolation                              | .NET 8.0  | .NET 8.0  | LargeModel    | 1,345.0 ns |  8.10 ns |  6.76 ns |   0.3688 |    1.770 | 0.1469 |      - |    2792 B |
| StringJoinDynamic                                     | .NET 8.0  | .NET 8.0  | LargeModel    | 2,453.9 ns | 11.45 ns | 10.71 ns |   0.0712 |    2.064 | 0.6409 |      - |   12096 B |
| StringBuilderWithAppends                              | .NET 8.0  | .NET 8.0  | LargeModel    | 2,208.7 ns | 16.28 ns | 13.59 ns |   0.8054 |    3.005 | 0.4387 | 0.0038 |    8256 B |
| StringBuilderWithInterpolatedAppends                  | .NET 8.0  | .NET 8.0  | LargeModel    | 2,289.8 ns | 12.87 ns | 12.03 ns |   0.4875 |    1.650 | 0.3586 | 0.0038 |    6776 B |
| StringBuilderWithAppendsAndPresetCapacity             | .NET 8.0  | .NET 8.0  | LargeModel    | 2,249.4 ns | 14.43 ns | 13.50 ns |  -0.0706 |    1.494 | 0.4845 | 0.0076 |    9184 B |
| StringBuilderWithInterpolatedAppendsAndPresetCapacity | .NET 8.0  | .NET 8.0  | LargeModel    | 2,323.5 ns | 14.66 ns | 13.71 ns |   0.2750 |    1.738 | 0.4082 | 0.0038 |    7704 B |
| Json                                                  | .NET 10.0 | .NET 10.0 | MediumModel   |   388.3 ns |  1.18 ns |  1.11 ns |   0.5577 |    2.168 | 0.0806 |      - |    1520 B |
| SplitStringInterpolation                              | .NET 10.0 | .NET 10.0 | MediumModel   |   391.0 ns |  2.15 ns |  1.90 ns |  -0.2604 |    2.771 | 0.0553 |      - |    1048 B |
| StringJoinDynamic                                     | .NET 10.0 | .NET 10.0 | MediumModel   |   693.9 ns |  3.23 ns |  2.86 ns |  -0.1081 |    1.622 | 0.2403 |      - |    4536 B |
| StringBuilderWithAppends                              | .NET 10.0 | .NET 10.0 | MediumModel   |   737.5 ns |  7.08 ns |  6.62 ns |   0.5115 |    2.016 | 0.2308 | 0.0019 |    4352 B |
| StringBuilderWithInterpolatedAppends                  | .NET 10.0 | .NET 10.0 | MediumModel   |   732.9 ns |  5.84 ns |  5.18 ns |  -0.2104 |    2.537 | 0.1402 |      - |    2656 B |
| StringBuilderWithAppendsAndPresetCapacity             | .NET 10.0 | .NET 10.0 | MediumModel   |   665.0 ns |  7.28 ns |  6.81 ns |   0.8070 |    2.500 | 0.1936 | 0.0010 |    3648 B |
| StringBuilderWithInterpolatedAppendsAndPresetCapacity | .NET 10.0 | .NET 10.0 | MediumModel   |   611.7 ns |  2.66 ns |  2.49 ns |  -0.6138 |    2.364 | 0.1612 | 0.0010 |    3048 B |
| Json                                                  | .NET 8.0  | .NET 8.0  | MediumModel   |   469.5 ns |  1.98 ns |  1.66 ns |  -0.4332 |    2.389 | 0.0806 |      - |    1520 B |
| SplitStringInterpolation                              | .NET 8.0  | .NET 8.0  | MediumModel   |   450.8 ns |  1.04 ns |  0.92 ns |   0.1183 |    1.432 | 0.0553 |      - |    1048 B |
| StringJoinDynamic                                     | .NET 8.0  | .NET 8.0  | MediumModel   |   918.1 ns |  3.71 ns |  3.29 ns |   0.2183 |    1.696 | 0.2403 |      - |    4536 B |
| StringBuilderWithAppends                              | .NET 8.0  | .NET 8.0  | MediumModel   |   899.5 ns |  6.95 ns |  5.81 ns |  -0.2181 |    1.555 | 0.2308 | 0.0019 |    4352 B |
| StringBuilderWithInterpolatedAppends                  | .NET 8.0  | .NET 8.0  | MediumModel   |   879.3 ns |  2.93 ns |  2.74 ns |  -0.0676 |    2.334 | 0.1402 |      - |    2656 B |
| StringBuilderWithAppendsAndPresetCapacity             | .NET 8.0  | .NET 8.0  | MediumModel   |   833.0 ns |  2.23 ns |  2.09 ns |  -0.1851 |    1.967 | 0.1936 | 0.0010 |    3648 B |
| StringBuilderWithInterpolatedAppendsAndPresetCapacity | .NET 8.0  | .NET 8.0  | MediumModel   |   814.9 ns |  2.95 ns |  2.61 ns |  -0.6654 |    2.285 | 0.1612 | 0.0010 |    3048 B |
| Json                                                  | .NET 10.0 | .NET 10.0 | SmallModel    |   143.9 ns |  0.70 ns |  0.62 ns |   0.0267 |    2.322 | 0.0279 |      - |     528 B |
| SplitStringInterpolation                              | .NET 10.0 | .NET 10.0 | SmallModel    |   157.6 ns |  0.78 ns |  0.73 ns |  -0.4718 |    1.683 | 0.0246 |      - |     464 B |
| StringJoinDynamic                                     | .NET 10.0 | .NET 10.0 | SmallModel    |   302.1 ns |  2.29 ns |  2.14 ns |   0.9480 |    2.471 | 0.1059 |      - |    2000 B |
| StringBuilderWithAppends                              | .NET 10.0 | .NET 10.0 | SmallModel    |   345.7 ns |  3.06 ns |  2.72 ns |  -0.5114 |    2.883 | 0.1111 | 0.0005 |    2096 B |
| StringBuilderWithInterpolatedAppends                  | .NET 10.0 | .NET 10.0 | SmallModel    |   445.1 ns |  0.99 ns |  0.88 ns |   0.3880 |    2.172 | 0.0958 |      - |    1808 B |
| StringBuilderWithAppendsAndPresetCapacity             | .NET 10.0 | .NET 10.0 | SmallModel    |   301.7 ns |  1.80 ns |  1.69 ns |  -0.4525 |    1.871 | 0.0963 |      - |    1816 B |
| StringBuilderWithInterpolatedAppendsAndPresetCapacity | .NET 10.0 | .NET 10.0 | SmallModel    |   430.4 ns |  1.32 ns |  1.17 ns |   0.6208 |    1.793 | 0.0811 |      - |    1528 B |
| Json                                                  | .NET 8.0  | .NET 8.0  | SmallModel    |   172.4 ns |  1.18 ns |  1.10 ns |   0.4226 |    2.476 | 0.0279 |      - |     528 B |
| SplitStringInterpolation                              | .NET 8.0  | .NET 8.0  | SmallModel    |   174.8 ns |  1.17 ns |  1.09 ns |   0.4605 |    2.269 | 0.0246 |      - |     464 B |
| StringJoinDynamic                                     | .NET 8.0  | .NET 8.0  | SmallModel    |         NA |       NA |       NA |       NA |       NA |     NA |     NA |        NA |
| StringBuilderWithAppends                              | .NET 8.0  | .NET 8.0  | SmallModel    |   393.3 ns |  1.77 ns |  1.38 ns |  -0.3532 |    1.387 | 0.1111 | 0.0005 |    2096 B |
| StringBuilderWithInterpolatedAppends                  | .NET 8.0  | .NET 8.0  | SmallModel    |   546.6 ns |  3.49 ns |  3.09 ns |  -0.0622 |    2.521 | 0.0954 |      - |    1808 B |
| StringBuilderWithAppendsAndPresetCapacity             | .NET 8.0  | .NET 8.0  | SmallModel    |   358.2 ns |  1.22 ns |  1.02 ns |   0.2922 |    2.405 | 0.0963 |      - |    1816 B |
| StringBuilderWithInterpolatedAppendsAndPresetCapacity | .NET 8.0  | .NET 8.0  | SmallModel    |   555.8 ns |  4.35 ns |  3.86 ns |  -0.1525 |    1.542 | 0.0811 |      - |    1528 B |

Benchmarks with issues:
  Benchmarks.StringJoinDynamic: .NET 8.0(Runtime=.NET 8.0) [Model=SmallModel]

// * Warnings *
Environment
  Summary -> Detected error exit code from one of the benchmarks. It might be caused by following antivirus software:
        - Windows Defender (windowsdefender://)
        - ESET Security (C:\Program Files\ESET\ESET Security\ecmds.exe)
Use InProcessEmitToolchain or InProcessNoEmitToolchain to avoid new process creation.


// * Hints *
Outliers
  Benchmarks.SplitStringInterpolation: .NET 10.0                              -> 2 outliers were removed (2.57 μs, 2.78 μs)
  Benchmarks.StringBuilderWithAppendsAndPresetCapacity: .NET 10.0             -> 2 outliers were removed (3.32 μs, 3.61 μs)
  Benchmarks.SplitStringInterpolation: .NET 8.0                               -> 1 outlier  was  removed (3.07 μs)
  Benchmarks.StringBuilderWithAppends: .NET 8.0                               -> 1 outlier  was  removed (4.99 μs)
  Benchmarks.StringBuilderWithInterpolatedAppends: .NET 8.0                   -> 2 outliers were detected (4.38 μs, 4.39 μs)
  Benchmarks.StringBuilderWithAppendsAndPresetCapacity: .NET 8.0              -> 2 outliers were removed (4.66 μs, 4.73 μs)
  Benchmarks.Json: .NET 10.0                                                  -> 2 outliers were removed (1.03 μs, 1.21 μs)
  Benchmarks.StringJoinDynamic: .NET 10.0                                     -> 1 outlier  was  removed, 2 outliers were detected (1.88 μs, 1.90 μs)
  Benchmarks.StringBuilderWithInterpolatedAppends: .NET 10.0                  -> 1 outlier  was  removed, 2 outliers were detected (1.72 μs, 1.89 μs)
  Benchmarks.StringBuilderWithAppendsAndPresetCapacity: .NET 10.0             -> 2 outliers were removed, 3 outliers were detected (1.73 μs, 1.75 μs, 1.91 μs)
  Benchmarks.StringBuilderWithInterpolatedAppendsAndPresetCapacity: .NET 10.0 -> 2 outliers were removed (1.76 μs, 1.77 μs)
  Benchmarks.SplitStringInterpolation: .NET 8.0                               -> 2 outliers were removed (1.41 μs, 1.46 μs)
  Benchmarks.StringBuilderWithAppends: .NET 8.0                               -> 2 outliers were removed (2.27 μs, 2.40 μs)
  Benchmarks.SplitStringInterpolation: .NET 10.0                              -> 1 outlier  was  removed (432.40 ns)
  Benchmarks.StringJoinDynamic: .NET 10.0                                     -> 1 outlier  was  removed (783.15 ns)
  Benchmarks.StringBuilderWithInterpolatedAppends: .NET 10.0                  -> 1 outlier  was  removed (817.08 ns)
  Benchmarks.Json: .NET 8.0                                                   -> 2 outliers were removed (478.56 ns, 507.43 ns)
  Benchmarks.SplitStringInterpolation: .NET 8.0                               -> 1 outlier  was  removed (490.59 ns)
  Benchmarks.StringJoinDynamic: .NET 8.0                                      -> 1 outlier  was  removed (994.44 ns)
  Benchmarks.StringBuilderWithAppends: .NET 8.0                               -> 2 outliers were removed (926.51 ns, 934.08 ns)
  Benchmarks.StringBuilderWithInterpolatedAppendsAndPresetCapacity: .NET 8.0  -> 1 outlier  was  removed, 2 outliers were detected (812.14 ns, 833.97 ns)
  Benchmarks.Json: .NET 10.0                                                  -> 1 outlier  was  removed (167.37 ns)
  Benchmarks.StringBuilderWithAppends: .NET 10.0                              -> 1 outlier  was  removed, 2 outliers were detected (341.90 ns, 371.84 ns)
  Benchmarks.StringBuilderWithInterpolatedAppends: .NET 10.0                  -> 1 outlier  was  removed (450.22 ns)
  Benchmarks.StringBuilderWithInterpolatedAppendsAndPresetCapacity: .NET 10.0 -> 1 outlier  was  removed (475.95 ns)
  Benchmarks.StringBuilderWithAppends: .NET 8.0                               -> 3 outliers were removed (402.50 ns..406.16 ns)
  Benchmarks.StringBuilderWithInterpolatedAppends: .NET 8.0                   -> 1 outlier  was  removed, 2 outliers were detected (543.59 ns, 557.44 ns)
  Benchmarks.StringBuilderWithAppendsAndPresetCapacity: .NET 8.0              -> 2 outliers were removed (364.46 ns, 364.73 ns)
  Benchmarks.StringBuilderWithInterpolatedAppendsAndPresetCapacity: .NET 8.0  -> 1 outlier  was  removed (631.86 ns)

// * Legends *
  Model     : Value of the 'Model' parameter
  Mean      : Arithmetic mean of all measurements
  Error     : Half of 99.9% confidence interval
  StdDev    : Standard deviation of all measurements
  Skewness  : Measure of the asymmetry (third standardized moment)
  Kurtosis  : Measure of the tailedness ( fourth standardized moment)
  Gen0      : GC Generation 0 collects per 1000 operations
  Gen1      : GC Generation 1 collects per 1000 operations
  Allocated : Allocated memory per single operation (managed only, inclusive, 1KB = 1024B)
  1 ns      : 1 Nanosecond (0.000000001 sec)

// * Diagnostic Output - MemoryDiagnoser *


// ***** BenchmarkRunner: End *****
Run time: 00:18:35 (1115.91 sec), executed benchmarks: 56

Global total time: 00:18:41 (1121.28 sec), executed benchmarks: 56
// * Artifacts cleanup *
Artifacts cleanup is finished
